index,YEAR,WEEK,TOTAL SPECIMENS,PERCENT POSITIVE,CC,COUGH,FLU_SYMP,FLU,GRIPE,INF_SYMP,INFL,OSELT,PREV,VACC
14,2004,1,6936,12.4279,76,65,55,21,25,80,28,5.0,0.0,3.0
15,2004,2,5411,9.33284,69,56,39,16,19,71,19,4.0,0.0,2.0
16,2004,3,4329,6.00601,63,55,31,14,31,30,15,3.0,0.0,3.0
17,2004,4,4166,3.98464,59,49,28,16,15,35,16,6.0,33.0,1.0
18,2004,5,3661,2.9227,50,49,20,16,15,26,16,5.0,0.0,1.0
19,2004,6,3530,1.8413599999999999,56,50,26,17,30,34,15,2.0,100.0,1.0
20,2004,7,3136,1.78571,45,49,21,14,35,17,13,2.0,66.0,1.0
21,2004,8,2559,1.48496,51,50,17,12,31,22,14,2.0,31.0,1.0
22,2004,9,2651,0.6789890000000001,43,48,10,9,12,56,11,1.0,0.0,1.0
23,2004,10,2369,0.590967,44,41,11,6,24,0,9,2.0,0.0,1.0
24,2004,11,2239,0.580616,45,49,12,7,22,17,9,1.0,64.0,1.0
25,2004,12,1801,1.33259,40,50,16,7,100,33,7,3.0,0.0,1.0
26,2004,13,1850,0.918919,43,46,11,6,37,16,8,1.0,0.0,1.0
27,2004,14,1778,0.5061869999999999,43,42,8,6,15,17,8,1.0,0.0,1.0
28,2004,15,1564,0.9590790000000001,37,47,8,4,27,36,8,0.0,0.0,0.0
29,2004,16,1449,1.65631,39,46,16,6,14,16,8,1.0,0.0,1.0
30,2004,17,1377,0.798838,36,46,11,5,16,24,7,1.0,0.0,1.0
31,2004,18,1298,0.6933739999999999,35,44,7,4,27,16,5,1.0,0.0,1.0
32,2004,19,1241,0.16116,38,48,7,4,23,16,6,1.0,31.0,1.0
33,2004,20,1105,0.361991,34,43,8,4,30,0,7,1.0,0.0,1.0
34,2004,21,1055,0.56872,33,43,7,4,24,27,6,1.0,0.0,1.0
35,2004,22,823,0.7290399999999999,33,50,12,3,23,17,5,0.0,0.0,1.0
36,2004,23,793,0.37831,32,51,10,3,22,0,6,1.0,0.0,0.0
37,2004,24,844,0.236967,31,43,7,3,22,0,4,1.0,0.0,1.0
38,2004,25,741,0.404858,31,38,11,3,15,17,4,1.0,0.0,1.0
39,2004,26,730,0.410959,31,40,5,3,17,0,4,2.0,0.0,1.0
40,2004,27,573,0.17452,30,51,7,4,31,18,5,1.0,0.0,1.0
41,2004,28,746,0.268097,29,47,5,3,14,26,4,2.0,0.0,1.0
42,2004,29,563,0.35524,30,42,8,4,21,0,5,1.0,0.0,1.0
43,2004,30,671,0.0,33,41,7,3,26,0,5,0.0,31.0,1.0
44,2004,31,628,0.318471,30,45,7,3,28,0,4,0.0,0.0,1.0
45,2004,32,620,0.16129000000000002,35,42,6,3,16,0,5,1.0,0.0,1.0
46,2004,33,647,0.15456,29,48,4,4,21,0,5,1.0,0.0,1.0
47,2004,34,823,0.48602700000000004,33,43,8,7,30,16,8,4.0,30.0,3.0
48,2004,35,827,0.483676,32,42,6,5,15,38,8,2.0,0.0,3.0
49,2004,36,822,0.364964,38,56,11,6,20,31,8,1.0,30.0,3.0
50,2004,37,907,0.771775,41,51,7,8,18,43,10,1.0,27.0,4.0
51,2004,38,890,0.449438,45,58,9,12,20,21,13,1.0,0.0,10.0
52,2004,39,919,1.52339,59,54,14,16,14,33,20,1.0,0.0,15.0
53,2004,40,1860,0.645161,63,54,22,63,18,42,77,5.0,27.0,73.0
54,2004,41,2154,0.649954,61,57,32,83,22,68,100,8.0,43.0,100.0
55,2004,42,2412,1.6169200000000001,56,62,44,80,34,32,96,7.0,61.0,83.0
56,2004,43,2620,1.22137,58,58,40,57,14,26,69,2.0,45.0,57.0
57,2004,44,2771,1.62396,54,59,36,33,27,40,40,4.0,38.0,27.0
58,2004,45,3074,2.0169200000000003,62,61,39,24,31,34,31,4.0,0.0,19.0
59,2004,46,3310,2.77946,58,64,30,21,22,41,27,2.0,29.0,14.0
60,2004,47,3111,1.96078,63,70,32,18,14,16,22,4.0,30.0,9.0
61,2004,48,3826,3.5807599999999997,69,70,42,19,27,25,23,3.0,24.0,8.0
62,2004,49,3846,5.0182,62,70,37,20,22,32,23,3.0,47.0,9.0
63,2004,50,4359,6.561139999999999,70,66,34,20,19,39,24,4.0,75.0,11.0
64,2004,51,4509,11.7764,82,77,39,21,17,33,22,4.0,31.0,8.0
65,2004,52,5807,16.7556,78,75,57,19,13,37,24,3.0,0.0,6.0
66,2005,1,6921,18.5667,77,77,48,22,25,34,27,4.0,24.0,7.0
67,2005,2,6646,16.9425,70,66,42,20,16,40,23,4.0,0.0,6.0
68,2005,3,6948,21.3443,77,69,45,19,27,79,25,5.0,0.0,5.0
69,2005,4,8010,23.2959,79,73,50,21,20,74,27,7.0,55.0,5.0
70,2005,5,8654,26.8662,75,81,57,24,22,46,31,8.0,22.0,5.0
71,2005,6,9684,26.5489,73,77,68,26,23,58,34,13.0,44.0,3.0
72,2005,7,10586,25.5526,70,81,73,25,22,50,33,10.0,44.0,3.0
73,2005,8,9710,23.4604,72,78,74,32,32,66,34,12.0,39.0,3.0
74,2005,9,8511,19.9507,66,75,50,22,28,80,25,11.0,68.0,2.0
75,2005,10,7580,16.0422,59,65,40,18,16,42,22,9.0,22.0,2.0
76,2005,11,6540,16.9419,54,69,34,15,30,30,16,5.0,0.0,1.0
77,2005,12,5928,14.6592,52,72,30,13,26,67,15,6.0,34.0,1.0
78,2005,13,5134,11.044,48,63,25,11,20,36,13,4.0,0.0,1.0
79,2005,14,3894,9.116589999999999,48,63,26,9,25,17,11,5.0,33.0,0.0
80,2005,15,3339,5.27104,43,62,20,11,33,11,14,3.0,43.0,1.0
81,2005,16,2933,4.1936599999999995,45,60,16,7,21,11,10,1.0,22.0,1.0
82,2005,17,2570,2.68482,46,62,18,6,17,33,10,2.0,0.0,1.0
83,2005,18,2250,2.26667,43,63,10,6,12,16,8,1.0,0.0,1.0
84,2005,19,2136,1.7322099999999998,40,62,12,6,29,17,8,1.0,0.0,1.0
85,2005,20,1889,2.06458,42,57,8,6,32,11,7,2.0,0.0,1.0
86,2005,21,1809,1.71365,39,60,8,7,29,22,8,4.0,22.0,1.0
87,2005,22,1682,1.36742,34,57,10,6,21,18,6,2.0,0.0,1.0
88,2005,23,1576,0.761421,34,51,8,5,23,11,5,1.0,0.0,0.0
89,2005,24,1514,0.9907530000000001,35,49,8,5,23,11,5,2.0,0.0,1.0
90,2005,25,1229,0.8950370000000001,33,50,9,5,25,0,5,6.0,0.0,1.0
91,2005,26,1215,0.576132,32,50,7,5,20,12,6,4.0,0.0,1.0
92,2005,27,1073,0.465983,34,41,7,5,23,12,4,4.0,0.0,1.0
93,2005,28,991,0.201816,33,41,8,5,30,11,6,3.0,0.0,1.0
94,2005,29,983,0.305188,31,43,8,6,43,0,6,6.0,21.0,1.0
95,2005,30,1124,0.17793599999999998,33,46,10,6,35,0,6,4.0,21.0,1.0
96,2005,31,1018,0.0,34,49,10,6,22,0,6,6.0,21.0,1.0
97,2005,32,964,0.41493800000000003,32,49,10,6,37,16,6,6.0,0.0,1.0
98,2005,33,989,0.6066729999999999,34,47,12,7,31,11,7,4.0,20.0,1.0
99,2005,34,1016,0.393701,36,50,10,6,23,13,7,6.0,0.0,1.0
100,2005,35,1054,0.56926,38,47,11,7,24,10,7,4.0,0.0,2.0
101,2005,36,1031,0.0969932,46,52,8,7,21,11,8,3.0,20.0,3.0
102,2005,37,1099,0.454959,46,51,12,16,15,10,15,53.0,18.0,5.0
103,2005,38,1280,0.15625,49,55,17,22,22,19,20,39.0,46.0,6.0
104,2005,39,1421,0.49261099999999997,54,63,21,34,23,22,31,33.0,37.0,12.0
105,2005,40,1894,0.580781,52,54,34,72,31,25,54,59.0,62.0,24.0
106,2005,41,2191,0.5476949999999999,52,59,50,88,39,9,64,100.0,96.0,36.0
107,2005,42,2349,1.06428,56,62,38,77,58,27,63,85.0,47.0,38.0
108,2005,43,2780,0.5035970000000001,65,60,42,74,53,33,66,59.0,35.0,49.0
109,2005,44,2890,0.795848,64,66,56,100,46,31,84,72.0,58.0,61.0
110,2005,45,3320,1.29518,61,65,48,69,27,32,62,32.0,33.0,44.0
111,2005,46,3861,1.2173,72,66,44,57,23,41,51,38.0,61.0,34.0
112,2005,47,3268,1.5911899999999999,65,62,40,39,28,24,34,22.0,32.0,19.0
113,2005,48,4056,2.85996,73,66,38,36,21,22,31,11.0,42.0,17.0
114,2005,49,3863,5.53974,77,63,39,34,18,22,30,17.0,16.0,12.0
115,2005,50,4618,8.6401,76,70,38,28,26,43,26,10.0,27.0,10.0
116,2005,51,5418,12.7538,78,79,43,25,25,34,23,14.0,18.0,6.0
117,2005,52,5829,13.4843,83,82,50,28,22,37,30,9.0,21.0,6.0
118,2006,1,6417,11.7189,75,79,45,26,17,33,27,8.0,17.0,5.0
119,2006,2,6378,13.2173,61,77,42,27,29,22,23,13.0,36.0,3.0
120,2006,3,6255,14.1167,64,73,34,23,40,38,22,10.0,15.0,3.0
121,2006,4,6732,15.7308,58,66,37,27,25,26,21,13.0,25.0,2.0
122,2006,5,7029,16.688,61,74,37,23,26,48,19,8.0,24.0,2.0
123,2006,6,7226,17.9491,66,75,33,21,20,35,20,8.0,51.0,2.0
124,2006,7,8105,19.5682,63,71,43,26,23,38,21,9.0,36.0,2.0
125,2006,8,7948,20.4454,64,76,51,30,43,44,25,14.0,37.0,2.0
126,2006,9,7978,22.5871,63,70,45,31,35,32,26,15.0,24.0,2.0
127,2006,10,7819,22.4325,57,75,43,28,31,43,22,14.0,19.0,1.0
128,2006,11,6995,19.7427,50,66,33,40,33,45,28,15.0,43.0,2.0
129,2006,12,6444,18.4668,51,60,32,35,29,29,23,15.0,21.0,1.0
130,2006,13,5424,17.9757,46,61,29,26,30,50,19,9.0,14.0,1.0
131,2006,14,4459,13.5681,45,62,25,23,27,38,17,8.0,36.0,1.0
132,2006,15,4032,11.3591,41,55,21,17,22,20,13,6.0,15.0,1.0
133,2006,16,3499,9.888539999999999,41,58,19,21,25,35,14,7.0,29.0,1.0
134,2006,17,2675,7.47664,39,52,18,19,21,19,14,12.0,0.0,1.0
135,2006,18,2516,7.7504,38,53,29,33,24,17,18,11.0,49.0,1.0
136,2006,19,2453,7.21565,40,56,23,31,24,15,18,11.0,21.0,1.0
137,2006,20,2399,5.62734,39,51,17,19,22,15,13,6.0,14.0,1.0
138,2006,21,2058,6.31681,40,51,21,26,30,13,14,11.0,15.0,1.0
139,2006,22,1663,4.69032,33,54,17,23,25,20,12,12.0,16.0,1.0
140,2006,23,1444,3.8088599999999997,32,52,15,15,23,13,9,5.0,14.0,1.0
141,2006,24,1267,1.9731599999999998,36,49,12,11,29,16,9,4.0,0.0,1.0
142,2006,25,1178,1.18846,33,48,11,13,33,15,8,3.0,0.0,1.0
143,2006,26,1017,1.17994,31,45,10,9,26,7,7,2.0,0.0,1.0
144,2006,27,907,0.8820290000000001,31,44,9,8,19,8,6,3.0,0.0,1.0
145,2006,28,914,0.765864,30,47,11,9,25,15,7,3.0,14.0,1.0
146,2006,29,917,1.19956,30,46,10,10,18,7,7,2.0,0.0,1.0
147,2006,30,863,1.96987,32,42,9,8,36,14,6,2.0,28.0,1.0
148,2006,31,943,2.12089,31,41,9,8,25,15,6,2.0,21.0,1.0
149,2006,32,899,1.3348200000000001,29,42,8,8,25,11,7,1.0,0.0,1.0
150,2006,33,862,1.39211,34,49,10,8,26,14,6,2.0,0.0,1.0
151,2006,34,898,1.67038,35,46,8,8,27,7,6,1.0,13.0,1.0
152,2006,35,907,1.87431,36,49,10,9,29,14,7,2.0,13.0,1.0
153,2006,36,881,1.4756,40,45,12,9,30,11,8,2.0,14.0,2.0
154,2006,37,1067,2.9053400000000003,49,51,11,11,24,13,11,2.0,12.0,3.0
155,2006,38,996,3.5140599999999997,52,56,13,12,22,6,12,2.0,12.0,6.0
156,2006,39,971,2.9866099999999998,57,58,15,17,22,13,17,2.0,37.0,10.0
157,2006,40,2309,2.42529,56,60,18,26,27,10,27,4.0,19.0,23.0
158,2006,41,2502,2.67786,55,59,20,27,24,6,32,3.0,12.0,26.0
159,2006,42,2900,2.75862,57,59,24,34,31,9,39,4.0,12.0,34.0
160,2006,43,3237,2.595,60,62,27,39,24,25,44,2.0,40.0,38.0
161,2006,44,3765,3.79814,63,63,26,38,21,27,41,4.0,28.0,37.0
162,2006,45,4262,3.63679,57,68,31,34,26,24,38,3.0,17.0,31.0
163,2006,46,4525,2.93923,60,69,32,35,26,14,38,17.0,38.0,29.0
164,2006,47,4538,3.5478199999999998,62,64,31,22,23,14,24,5.0,27.0,14.0
165,2006,48,5642,3.70436,67,67,36,26,29,17,28,4.0,33.0,17.0
166,2006,49,5805,4.5478,74,72,37,22,25,19,24,4.0,29.0,11.0
167,2006,50,6686,8.09153,67,75,43,21,17,16,22,4.0,23.0,8.0
168,2006,51,7083,10.2922,70,73,42,21,15,35,21,7.0,29.0,5.0
169,2006,52,6777,10.3881,77,83,45,21,28,18,20,5.0,29.0,4.0
170,2007,1,6711,6.97363,73,78,42,20,29,26,18,5.0,24.0,4.0
171,2007,2,6430,9.23795,73,74,35,18,24,17,18,4.0,32.0,3.0
172,2007,3,6200,11.5806,74,69,34,18,30,11,18,5.0,32.0,2.0
173,2007,4,7200,18.1944,72,68,38,19,17,33,19,5.0,14.0,2.0
174,2007,5,8261,22.3823,73,75,34,20,27,38,20,7.0,16.0,2.0
175,2007,6,8986,28.1772,85,75,49,23,22,38,24,8.0,21.0,3.0
176,2007,7,9780,25.7975,66,68,47,22,25,48,25,8.0,15.0,4.0
177,2007,8,9947,23.7961,63,75,44,20,18,53,23,11.0,26.0,2.0
178,2007,9,8634,22.5735,58,64,41,17,19,49,19,9.0,25.0,1.0
179,2007,10,7848,20.2472,53,65,35,15,30,40,18,10.0,27.0,1.0
180,2007,11,6928,19.5294,46,65,27,13,17,36,15,6.0,21.0,1.0
181,2007,12,6460,16.8731,51,69,26,12,28,13,14,9.0,10.0,1.0
182,2007,13,5558,13.7639,45,65,26,11,29,12,12,7.0,21.0,1.0
183,2007,14,4698,11.026,46,60,18,9,32,7,11,4.0,20.0,1.0
184,2007,15,4243,12.1376,48,58,17,10,29,17,9,4.0,10.0,1.0
185,2007,16,3857,9.67073,45,57,17,9,30,15,9,3.0,10.0,1.0
186,2007,17,3015,9.75124,44,56,14,8,27,15,9,3.0,10.0,1.0
187,2007,18,3006,6.75316,41,52,13,7,20,10,8,2.0,10.0,1.0
188,2007,19,2531,4.978269999999998,39,58,10,7,27,12,7,2.0,9.0,0.0
189,2007,20,2341,3.92994,38,55,11,6,30,12,6,1.0,9.0,1.0
190,2007,21,1944,4.32099,36,51,10,6,22,10,6,2.0,19.0,1.0
191,2007,22,1696,1.7688700000000002,35,56,11,7,25,5,7,1.0,0.0,1.0
192,2007,23,1670,1.1976,36,53,10,6,32,13,6,1.0,9.0,1.0
193,2007,24,1529,1.7004599999999999,32,50,11,5,27,10,5,1.0,0.0,1.0
194,2007,25,1300,0.6153850000000001,33,47,7,5,19,5,5,2.0,0.0,1.0
195,2007,26,1278,1.17371,33,46,8,5,22,5,5,1.0,0.0,1.0
196,2007,27,1121,1.60571,33,45,10,4,20,7,5,1.0,0.0,1.0
197,2007,28,1195,1.9246900000000002,30,43,8,5,25,7,5,1.0,19.0,1.0
198,2007,29,1154,1.38648,30,48,10,4,26,5,5,1.0,9.0,1.0
199,2007,30,1165,3.17597,30,45,10,4,20,11,5,2.0,0.0,1.0
200,2007,31,1217,1.97206,29,45,8,4,27,5,5,1.0,0.0,1.0
201,2007,32,1157,2.93863,33,45,8,4,29,7,5,1.0,9.0,1.0
202,2007,33,1120,1.6964299999999999,34,48,8,5,35,10,5,1.0,0.0,1.0
203,2007,34,1170,1.9658099999999998,38,49,10,5,32,12,6,1.0,18.0,1.0
204,2007,35,1204,2.49169,38,48,9,6,33,6,7,1.0,9.0,2.0
205,2007,36,1093,2.19579,43,50,11,7,35,11,8,1.0,0.0,2.0
206,2007,37,1228,2.443,49,51,11,8,31,6,9,1.0,8.0,3.0
207,2007,38,954,3.14465,52,56,13,11,50,10,13,1.0,17.0,7.0
208,2007,39,1052,1.90114,54,62,16,14,35,10,17,1.0,9.0,10.0
209,2007,40,2382,1.84719,52,64,15,21,33,9,25,1.0,17.0,20.0
210,2007,41,2534,1.73639,63,69,18,27,33,15,32,2.0,16.0,29.0
211,2007,42,2953,1.62547,59,69,23,32,37,15,36,2.0,16.0,32.0
212,2007,43,3179,1.57282,56,68,22,32,36,8,38,2.0,20.0,35.0
213,2007,44,3575,2.06993,60,72,26,30,29,13,36,3.0,33.0,32.0
214,2007,45,3797,2.23861,65,79,33,31,33,25,37,2.0,21.0,31.0
215,2007,46,4131,2.10603,71,78,29,28,21,17,32,1.0,19.0,24.0
216,2007,47,4040,3.46535,68,70,22,19,29,16,22,4.0,18.0,14.0
217,2007,48,4855,3.3161699999999996,71,77,25,20,32,22,22,8.0,22.0,13.0
218,2007,49,4909,3.6667300000000003,72,78,27,17,31,14,19,3.0,11.0,10.0
219,2007,50,5157,4.16909,70,72,28,16,24,25,18,3.0,28.0,8.0
220,2007,51,5877,5.34286,76,73,26,14,26,28,16,3.0,14.0,5.0
221,2007,52,6269,7.14628,77,81,33,15,27,24,15,3.0,10.0,3.0
222,2008,1,6829,8.55176,100,92,34,16,34,11,17,5.0,26.0,3.0
223,2008,2,7383,13.5853,72,87,34,15,34,26,17,6.0,8.0,3.0
224,2008,3,7814,16.8032,74,76,32,14,29,21,16,5.0,12.0,3.0
225,2008,4,9474,22.7148,83,84,39,17,20,23,20,9.0,22.0,2.0
226,2008,5,13459,28.4642,81,92,57,21,33,51,28,16.0,14.0,3.0
227,2008,6,15342,31.7494,72,95,80,28,31,75,37,22.0,31.0,3.0
228,2008,7,15171,31.8173,82,100,81,31,30,100,40,27.0,27.0,3.0
229,2008,8,17359,30.3992,75,98,100,37,31,95,46,29.0,27.0,3.0
230,2008,9,16097,27.6511,70,87,87,31,26,88,41,27.0,31.0,3.0
231,2008,10,15181,23.6809,63,82,66,24,29,65,31,24.0,14.0,2.0
232,2008,11,11648,22.0124,60,81,54,20,29,64,25,14.0,24.0,2.0
233,2008,12,9498,20.3938,56,73,38,16,32,48,19,10.0,12.0,1.0
234,2008,13,7800,17.7821,54,71,32,13,36,38,17,9.0,26.0,1.0
235,2008,14,6183,14.5399,51,68,26,10,43,19,13,6.0,14.0,1.0
236,2008,15,5285,11.7692,47,66,24,10,36,27,12,4.0,7.0,1.0
237,2008,16,4103,8.50597,48,67,18,8,37,20,10,3.0,14.0,1.0
238,2008,17,3556,5.3712,43,64,15,8,29,21,9,3.0,14.0,1.0
239,2008,18,2724,4.62555,43,62,13,7,28,10,8,2.0,7.0,1.0
240,2008,19,2539,2.56006,40,61,12,6,28,11,7,2.0,12.0,1.0
241,2008,20,2414,1.57415,39,59,12,6,35,17,8,2.0,14.0,1.0
242,2008,21,2115,1.37116,43,62,10,6,42,6,6,1.0,7.0,1.0
243,2008,22,1927,0.9859889999999999,40,59,10,5,31,7,6,1.0,8.0,0.0
244,2008,23,1850,0.918919,37,58,9,6,36,6,6,2.0,7.0,1.0
245,2008,24,1502,0.7989350000000001,35,54,9,5,31,8,6,1.0,0.0,1.0
246,2008,25,1467,0.47716400000000003,36,49,9,4,36,8,6,1.0,0.0,1.0
247,2008,26,1325,0.45283,31,54,8,4,41,8,5,1.0,8.0,0.0
248,2008,27,1203,0.332502,33,48,9,4,33,4,5,1.0,0.0,1.0
249,2008,28,1269,0.472813,32,52,10,4,33,4,5,1.0,7.0,1.0
250,2008,29,1203,0.332502,34,49,9,4,36,16,5,1.0,7.0,1.0
251,2008,30,1163,0.8598450000000001,33,48,8,5,37,10,5,1.0,15.0,1.0
252,2008,31,1125,0.622222,33,47,6,4,35,6,5,1.0,7.0,1.0
253,2008,32,1102,0.635209,34,46,10,5,31,0,6,1.0,0.0,1.0
254,2008,33,1053,0.0949668,34,50,9,4,31,4,6,1.0,7.0,1.0
255,2008,34,1090,0.550459,37,51,8,6,38,5,7,1.0,0.0,1.0
256,2008,35,1271,0.393391,38,50,10,6,33,7,7,1.0,0.0,1.0
257,2008,36,1336,0.4491020000000001,41,50,8,6,43,8,8,1.0,0.0,3.0
258,2008,37,1562,0.704225,47,52,11,8,32,6,10,1.0,0.0,4.0
259,2008,38,1886,1.06045,58,61,12,9,34,10,12,1.0,14.0,6.0
260,2008,39,2009,0.597312,58,63,16,14,33,12,17,1.0,14.0,11.0
261,2008,40,2759,0.616165,57,66,17,19,34,11,23,2.0,7.0,17.0
262,2008,41,2874,0.8002779999999999,60,67,19,26,40,15,31,1.0,22.0,27.0
263,2008,42,2937,1.25979,57,69,25,28,37,22,34,2.0,17.0,30.0
264,2008,43,3434,1.77635,67,68,28,32,37,20,39,2.0,33.0,34.0
265,2008,44,3545,1.21298,68,74,27,32,35,14,39,2.0,23.0,36.0
266,2008,45,4154,1.7092,58,76,31,28,43,25,33,2.0,0.0,29.0
267,2008,46,4418,1.40335,69,86,52,40,37,15,46,2.0,26.0,26.0
268,2008,47,4739,1.77253,83,78,33,25,34,31,28,2.0,24.0,18.0
269,2008,48,4836,2.25393,73,79,30,15,35,10,18,2.0,18.0,10.0
270,2008,49,5598,2.26867,80,82,35,18,28,25,22,3.0,23.0,9.0
271,2008,50,5989,3.15579,79,80,34,17,39,18,19,3.0,29.0,7.0
272,2008,51,6301,4.33265,81,77,29,14,34,19,16,3.0,22.0,5.0
273,2008,52,6031,4.72558,87,80,34,13,31,15,14,3.0,11.0,3.0
274,2008,53,6592,5.5370099999999995,88,92,34,15,43,13,16,4.0,21.0,3.0
275,2009,1,6981,8.43719,45,42,2,1,2,11,3,2.0,3.0,3.0
276,2009,2,6995,10.8649,55,37,2,1,1,9,3,2.0,2.0,2.0
277,2009,3,7943,16.0519,44,36,2,1,1,9,3,2.0,1.0,2.0
278,2009,4,9484,20.7613,46,41,2,1,1,12,3,2.0,3.0,2.0
279,2009,5,11707,23.9344,45,43,3,2,1,18,4,2.0,2.0,2.0
280,2009,6,12691,25.2699,41,45,3,2,1,20,4,3.0,2.0,2.0
281,2009,7,11741,24.8105,47,44,3,2,2,25,4,2.0,2.0,2.0
282,2009,8,11912,24.5383,42,43,3,2,1,19,4,2.0,2.0,3.0
283,2009,9,10970,24.3482,42,41,3,2,2,26,4,3.0,2.0,2.0
284,2009,10,9595,22.3762,38,41,2,1,2,21,3,2.0,2.0,2.0
285,2009,11,8628,20.5494,33,39,2,1,2,27,3,2.0,2.0,1.0
286,2009,12,7343,16.737000000000002,33,39,2,1,2,20,2,1.0,1.0,1.0
287,2009,13,5778,13.8283,31,37,1,1,2,20,2,1.0,1.0,1.0
288,2009,14,5095,10.6575,30,35,1,1,2,14,2,1.0,1.0,1.0
289,2009,15,4674,7.1887,30,35,1,1,2,9,2,1.0,1.0,1.0
290,2009,16,4219,7.6795399999999985,29,35,3,4,6,17,6,4.0,3.0,2.0
291,2009,17,36203,12.4631,31,40,100,100,100,87,100,100.0,100.0,21.0
292,2009,18,34659,15.0235,26,33,34,25,35,27,29,13.0,17.0,5.0
293,2009,19,16820,18.0856,27,31,15,9,20,12,11,5.0,4.0,2.0
294,2009,20,15410,26.7878,27,34,16,8,16,14,10,5.0,4.0,2.0
295,2009,21,13483,33.4866,26,34,11,5,19,12,7,4.0,4.0,2.0
296,2009,22,13553,39.482,24,31,8,4,17,12,6,4.0,3.0,2.0
297,2009,23,13762,41.6146,23,30,11,5,18,15,7,6.0,2.0,2.0
298,2009,24,14264,43.0454,24,31,10,4,18,12,6,7.0,2.0,2.0
299,2009,25,12117,36.1806,22,29,8,3,26,12,5,6.0,1.0,2.0
300,2009,26,10913,31.7786,23,30,6,3,52,7,7,9.0,1.0,1.0
301,2009,27,10713,32.0358,22,29,6,3,27,9,5,6.0,1.0,2.0
302,2009,28,9808,27.5387,21,26,7,3,23,6,5,6.0,3.0,3.0
303,2009,29,8646,27.1108,19,26,6,3,23,8,5,7.0,2.0,3.0
304,2009,30,9184,27.5588,22,27,8,4,30,7,5,7.0,3.0,5.0
305,2009,31,8424,23.6705,21,26,6,3,34,7,5,7.0,2.0,5.0
306,2009,32,8572,22.5502,22,28,8,4,34,9,6,8.0,4.0,6.0
307,2009,33,10003,24.3627,22,26,8,4,25,9,7,6.0,5.0,9.0
308,2009,34,11636,22.0265,25,29,15,7,19,7,10,9.0,8.0,16.0
309,2009,35,13008,22.2863,30,33,20,10,15,18,13,10.0,12.0,28.0
310,2009,36,14896,24.0064,33,36,23,10,10,18,14,11.0,12.0,31.0
311,2009,37,16682,25.5905,37,36,25,11,9,23,16,12.0,12.0,43.0
312,2009,38,16820,26.9917,40,41,27,11,9,22,17,12.0,15.0,48.0
313,2009,39,15419,31.98,44,43,29,13,9,27,20,15.0,15.0,63.0
314,2009,40,23980,33.5363,45,43,31,15,8,26,23,19.0,17.0,77.0
315,2009,41,29005,37.5763,49,46,36,16,7,32,25,22.0,22.0,83.0
316,2009,42,31511,39.3799,48,54,44,21,6,42,32,32.0,31.0,100.0
317,2009,43,28104,35.575,45,53,42,21,7,39,31,33.0,27.0,97.0
318,2009,44,24986,30.9253,47,52,33,16,6,33,24,28.0,19.0,72.0
319,2009,45,21788,27.6115,42,52,23,11,6,23,18,19.0,11.0,56.0
320,2009,46,18493,19.6182,41,49,17,8,5,19,13,15.0,9.0,39.0
321,2009,47,13301,14.5628,39,45,11,5,5,18,9,10.0,5.0,21.0
322,2009,48,13134,10.7355,48,44,9,4,4,13,7,6.0,5.0,20.0
323,2009,49,11364,7.638160000000001,51,42,7,4,4,13,6,5.0,4.0,16.0
324,2009,50,10494,6.4417800000000005,45,41,6,3,3,5,6,4.0,3.0,16.0
325,2009,51,8622,4.95245,45,42,6,3,3,6,4,4.0,2.0,9.0
326,2009,52,9617,4.86638,53,44,6,2,3,6,4,3.0,1.0,8.0
327,2010,1,9456,4.00804,64,44,5,2,2,8,4,2.0,2.0,9.0
328,2010,2,8753,4.76408,47,41,4,2,3,7,4,2.0,4.0,8.0
329,2010,3,8468,5.632969999999999,38,39,4,2,3,5,3,2.0,3.0,6.0
330,2010,4,8378,5.108619999999998,41,39,3,1,2,5,3,2.0,2.0,4.0
331,2010,5,8243,5.15589,41,41,3,1,2,8,3,1.0,3.0,3.0
332,2010,6,8099,4.55612,45,41,3,1,2,4,2,1.0,2.0,3.0
333,2010,7,8375,4.77612,41,42,3,1,2,6,2,2.0,2.0,2.0
334,2010,8,8074,5.4248199999999995,41,44,3,1,3,9,2,2.0,3.0,2.0
335,2010,9,7514,6.13521,41,43,3,1,4,6,2,2.0,3.0,2.0
336,2010,10,7502,6.6115699999999995,38,44,2,1,5,6,2,1.0,2.0,2.0
337,2010,11,6485,5.70547,34,40,2,1,5,6,2,1.0,1.0,2.0
338,2010,12,5654,4.42165,33,38,2,1,7,4,2,1.0,3.0,2.0
339,2010,13,5246,4.34617,31,38,2,1,5,6,2,1.0,1.0,2.0
340,2010,14,4716,2.75657,28,37,2,1,9,6,2,1.0,2.0,2.0
341,2010,15,4095,2.0512799999999998,28,37,1,1,7,7,2,1.0,1.0,2.0
342,2010,16,3740,1.25668,27,36,1,1,6,5,2,1.0,2.0,2.0
343,2010,17,3660,0.710383,28,36,1,1,5,5,2,1.0,1.0,2.0
344,2010,18,3117,0.802053,26,37,1,1,5,9,2,1.0,1.0,2.0
345,2010,19,2891,0.622622,28,37,1,1,5,7,2,0.0,1.0,1.0
346,2010,20,2903,0.5167069999999999,24,36,1,1,5,4,2,1.0,2.0,1.0
347,2010,21,2689,0.185943,25,34,1,1,4,5,1,0.0,1.0,1.0
348,2010,22,2136,0.28089899999999995,24,34,1,1,5,5,1,0.0,1.0,1.0
349,2010,23,2163,0.277393,22,33,1,<1,4,3,1,1.0,1.0,1.0
350,2010,24,2033,0.442696,22,31,1,<1,3,3,1,0.0,1.0,1.0
351,2010,25,1987,0.402617,21,44,1,<1,3,2,1,0.0,1.0,1.0
352,2010,26,1820,0.2197800000000001,22,35,1,<1,3,3,1,0.0,2.0,1.0
353,2010,27,1636,0.305623,22,35,1,<1,3,2,1,0.0,1.0,1.0
354,2010,28,1620,0.679012,20,34,1,<1,2,3,1,0.0,1.0,1.0
355,2010,29,1606,0.49813199999999996,22,37,1,<1,2,2,1,1.0,1.0,1.0
356,2010,30,1686,1.36418,22,36,1,1,3,2,1,0.0,1.0,1.0
357,2010,31,1520,1.05263,22,34,1,1,2,1,1,0.0,0.0,2.0
358,2010,32,1676,1.7303099999999998,24,34,1,1,3,3,1,0.0,0.0,2.0
359,2010,33,1790,1.06145,24,38,1,1,3,3,1,0.0,1.0,2.0
360,2010,34,1967,2.03355,26,37,1,1,3,3,2,0.0,1.0,4.0
361,2010,35,2212,1.2658200000000002,28,37,1,1,3,3,2,0.0,1.0,6.0
362,2010,36,2336,1.5411,33,40,1,1,3,3,3,1.0,2.0,9.0
363,2010,37,2698,1.85322,35,46,1,2,2,5,4,1.0,2.0,12.0
364,2010,38,2960,1.62162,40,47,1,2,2,3,4,1.0,2.0,15.0
365,2010,39,2988,1.33869,39,42,2,2,2,7,5,1.0,2.0,18.0
366,2010,40,3600,2.13889,40,44,2,2,2,8,6,1.0,2.0,24.0
367,2010,41,4006,3.19521,38,45,2,2,2,8,5,1.0,2.0,21.0
368,2010,42,4112,3.38035,40,50,2,2,2,9,5,1.0,2.0,21.0
369,2010,43,4240,3.91509,38,50,2,2,3,5,5,1.0,2.0,18.0
370,2010,44,4608,5.36024,44,48,2,2,2,8,4,1.0,2.0,16.0
371,2010,45,5377,6.5092099999999995,44,52,2,2,3,6,4,1.0,3.0,13.0
372,2010,46,5578,8.73073,43,53,2,2,2,8,4,1.0,2.0,11.0
373,2010,47,5533,10.6091,47,51,2,1,3,6,3,1.0,1.0,7.0
374,2010,48,5975,9.99163,53,52,3,2,2,7,3,1.0,3.0,6.0
375,2010,49,6361,13.2526,56,53,2,2,2,9,3,1.0,2.0,6.0
376,2010,50,7692,18.8508,56,52,3,1,3,10,3,2.0,2.0,5.0
377,2010,51,8172,25.0367,53,58,3,2,2,7,3,3.0,2.0,4.0
378,2010,52,9030,26.268,61,61,4,2,3,9,4,3.0,3.0,4.0
379,2011,1,10441,25.17,61,63,4,2,2,16,4,3.0,4.0,5.0
380,2011,2,10190,29.2836,60,57,4,2,2,13,4,4.0,3.0,4.0
381,2011,3,11067,33.5231,54,60,4,2,2,19,4,5.0,2.0,4.0
382,2011,4,12950,34.3398,58,62,5,2,2,23,5,6.0,4.0,4.0
383,2011,5,13875,35.4018,60,62,5,2,1,25,5,6.0,4.0,3.0
384,2011,6,14647,34.6624,59,65,5,2,2,30,5,7.0,3.0,4.0
385,2011,7,16401,34.8515,54,66,5,2,2,35,5,7.0,3.0,3.0
386,2011,8,15033,30.9785,54,64,4,2,1,39,5,7.0,4.0,3.0
387,2011,9,12990,27.5058,47,60,4,2,2,25,4,5.0,3.0,2.0
388,2011,10,11625,23.7935,45,57,3,1,2,22,3,4.0,2.0,2.0
389,2011,11,9860,20.284000000000002,41,55,3,1,1,22,3,3.0,2.0,1.0
390,2011,12,8443,16.1199,41,54,2,1,2,17,2,2.0,3.0,1.0
391,2011,13,7107,12.8043,43,51,2,1,2,12,2,2.0,1.0,1.0
392,2011,14,6481,9.8133,38,50,2,1,1,9,2,1.0,2.0,1.0
393,2011,15,5615,7.12378,37,49,1,1,2,12,2,1.0,2.0,1.0
394,2011,16,4642,4.4162,35,48,1,1,2,5,2,1.0,1.0,1.0
395,2011,17,3976,3.3450699999999998,34,46,1,1,1,7,2,1.0,1.0,1.0
396,2011,18,3611,1.91083,33,45,1,1,1,5,1,1.0,1.0,1.0
397,2011,19,3271,1.10058,33,46,1,1,1,6,1,1.0,1.0,1.0
398,2011,20,3079,0.8444299999999999,32,44,1,1,1,6,2,1.0,1.0,1.0
399,2011,21,2705,0.665434,32,43,1,1,1,4,1,1.0,1.0,1.0
400,2011,22,2442,0.532351,32,44,1,1,1,3,1,0.0,1.0,1.0
401,2011,23,2259,0.265604,28,41,1,1,1,4,1,0.0,0.0,1.0
402,2011,24,2109,0.42674300000000004,28,40,1,1,1,3,1,0.0,1.0,1.0
403,2011,25,1967,0.25419400000000003,26,38,1,<1,1,1,1,0.0,0.0,1.0
404,2011,26,1560,0.25640999999999997,27,37,1,<1,2,4,1,0.0,1.0,1.0
405,2011,27,1498,0.333778,25,35,1,<1,2,4,1,0.0,1.0,1.0
406,2011,28,1500,0.6,26,34,1,<1,2,2,1,0.0,0.0,1.0
407,2011,29,1500,0.666667,26,32,1,<1,2,3,1,0.0,1.0,1.0
408,2011,30,1307,0.306044,25,33,1,<1,2,3,1,0.0,0.0,1.0
409,2011,31,1428,0.770308,26,33,1,<1,2,2,1,0.0,0.0,1.0
410,2011,32,1433,0.9071879999999999,25,34,1,<1,2,3,1,0.0,1.0,1.0
411,2011,33,1506,1.0624200000000001,27,34,1,1,1,2,1,0.0,1.0,2.0
412,2011,34,1705,0.997067,29,36,1,1,2,3,2,0.0,1.0,3.0
413,2011,35,1925,0.779221,32,36,1,1,2,3,2,0.0,1.0,5.0
414,2011,36,2056,0.632296,34,37,1,1,2,3,3,1.0,1.0,7.0
415,2011,37,2326,0.9028370000000001,41,41,2,2,1,5,3,0.0,2.0,12.0
416,2011,38,2612,0.803982,45,54,2,2,2,5,4,1.0,2.0,16.0
417,2011,39,2920,1.1986299999999999,43,50,2,2,2,5,5,1.0,2.0,18.0
418,2011,40,3192,1.03383,45,49,2,2,2,8,6,1.0,2.0,23.0
419,2011,41,3316,0.572979,41,50,2,2,2,6,5,1.0,3.0,22.0
420,2011,42,3425,0.8175180000000001,46,51,2,2,2,7,5,1.0,2.0,21.0
421,2011,43,3749,1.17365,48,53,2,2,2,7,5,1.0,2.0,19.0
422,2011,44,4075,0.9570549999999999,52,56,2,2,2,13,4,1.0,3.0,14.0
423,2011,45,4326,1.13269,52,59,3,2,2,6,4,1.0,3.0,12.0
424,2011,46,4580,0.960699,52,57,3,2,2,7,4,1.0,3.0,9.0
425,2011,47,4108,1.82571,48,57,2,1,2,7,3,1.0,2.0,6.0
426,2011,48,4669,1.54209,56,60,3,2,2,10,3,1.0,3.0,7.0
427,2011,49,4710,2.29299,59,57,2,1,2,6,3,1.0,3.0,6.0
428,2011,50,4906,2.71097,54,57,3,1,2,6,3,1.0,2.0,5.0
429,2011,51,5151,3.8245,59,59,3,2,2,8,3,1.0,3.0,4.0
430,2011,52,5470,3.32724,64,65,3,2,2,7,3,1.0,2.0,4.0
431,2012,1,5690,3.21617,68,65,3,2,2,9,3,1.0,3.0,4.0
432,2012,2,5341,4.39993,56,60,3,1,2,9,3,1.0,2.0,3.0
433,2012,3,5364,5.9657,58,58,3,1,2,10,3,1.0,3.0,3.0
434,2012,4,5840,8.09932,53,59,2,1,2,11,3,1.0,3.0,3.0
435,2012,5,6251,10.8783,53,62,3,1,2,8,3,1.0,2.0,3.0
436,2012,6,6413,12.615,56,62,3,1,2,13,3,1.0,3.0,2.0
437,2012,7,7298,14.8397,57,60,3,2,2,16,3,2.0,3.0,2.0
438,2012,8,7596,18.9968,53,68,3,2,2,16,3,2.0,3.0,2.0
439,2012,9,8485,23.8185,51,62,3,2,2,24,3,2.0,3.0,2.0
440,2012,10,8459,28.183000000000003,47,58,3,2,2,23,3,3.0,2.0,2.0
441,2012,11,8822,30.7187,41,57,3,1,2,25,3,3.0,2.0,2.0
442,2012,12,7974,27.526999999999997,38,55,2,1,2,18,3,2.0,1.0,2.0
443,2012,13,7450,21.557,38,52,2,1,2,18,2,2.0,1.0,1.0
444,2012,14,6695,22.0762,38,56,2,1,2,10,2,1.0,1.0,1.0
445,2012,15,6304,20.4473,39,57,2,1,2,12,2,1.0,2.0,1.0
446,2012,16,5689,20.6363,37,55,2,1,2,11,2,1.0,1.0,1.0
447,2012,17,4980,17.2691,38,53,2,1,2,8,2,1.0,1.0,1.0
448,2012,18,4522,15.9885,36,56,1,1,2,10,2,1.0,1.0,1.0
449,2012,19,4061,15.1687,34,55,1,1,2,8,2,1.0,2.0,1.0
450,2012,20,3811,13.3298,35,57,1,1,2,9,2,1.0,1.0,1.0
451,2012,21,3729,11.1558,32,54,1,1,2,10,1,1.0,1.0,1.0
452,2012,22,3347,10.9053,32,50,1,1,2,5,1,0.0,2.0,1.0
453,2012,23,3055,9.59083,32,48,1,1,2,4,1,1.0,1.0,1.0
454,2012,24,2898,9.972389999999999,30,47,1,1,2,2,1,1.0,1.0,1.0
455,2012,25,2529,6.76157,30,43,1,1,2,3,1,0.0,1.0,1.0
456,2012,26,2255,6.7405800000000005,29,43,1,1,2,2,1,0.0,0.0,1.0
457,2012,27,1970,4.72081,29,42,1,1,2,3,1,0.0,1.0,1.0
458,2012,28,2052,4.5809,29,42,1,1,2,3,1,0.0,1.0,1.0
459,2012,29,2100,3.66667,29,52,1,1,2,4,1,0.0,1.0,1.0
460,2012,30,2048,5.12695,29,53,1,1,2,2,1,0.0,1.0,1.0
461,2012,31,2161,9.48635,29,47,1,1,2,2,1,0.0,1.0,1.0
462,2012,32,2294,7.541410000000001,30,44,1,1,2,2,1,0.0,1.0,2.0
463,2012,33,2501,6.71731,31,44,1,1,2,4,2,0.0,2.0,2.0
464,2012,34,2705,4.17745,34,46,1,1,2,4,2,0.0,1.0,3.0
465,2012,35,2746,3.05899,38,49,2,1,2,3,2,0.0,1.0,5.0
466,2012,36,2914,3.05422,40,52,2,1,2,4,3,1.0,1.0,7.0
467,2012,37,3280,2.2256099999999996,46,55,2,1,2,6,3,1.0,2.0,11.0
468,2012,38,3501,3.0848299999999997,50,57,2,2,2,6,4,1.0,3.0,14.0
469,2012,39,3649,3.5900199999999995,50,56,2,2,2,8,5,1.0,3.0,17.0
470,2012,40,4513,3.78905,49,59,3,2,2,9,5,1.0,2.0,22.0
471,2012,41,4914,3.92755,54,59,3,2,2,9,6,1.0,2.0,22.0
472,2012,42,5249,5.8106300000000015,47,58,3,2,2,11,5,1.0,3.0,20.0
473,2012,43,5306,6.5586100000000025,48,60,3,2,2,9,5,1.0,3.0,18.0
474,2012,44,5406,7.861639999999999,50,58,3,2,2,10,4,1.0,3.0,13.0
475,2012,45,6446,9.75799,53,60,3,2,2,12,4,1.0,2.0,11.0
476,2012,46,6721,13.3611,56,93,3,2,2,14,4,2.0,2.0,11.0
477,2012,47,7433,18.4179,54,71,3,2,2,10,4,3.0,4.0,8.0
478,2012,48,9333,22.3829,63,72,4,2,2,18,5,3.0,6.0,9.0
479,2012,49,12060,29.204,57,72,6,3,2,25,7,5.0,7.0,16.0
480,2012,50,14711,32.6083,64,71,6,3,2,25,7,7.0,7.0,11.0
481,2012,51,16904,37.4527,69,80,7,3,2,37,7,11.0,8.0,8.0
482,2012,52,18139,37.8742,88,96,8,4,3,43,8,14.0,9.0,7.0
483,2013,1,19673,35.2971,98,100,10,5,3,56,11,13.0,12.0,13.0
484,2013,2,22224,34.2063,83,95,22,14,3,100,32,26.0,31.0,64.0
485,2013,3,20931,30.5432,78,82,21,11,3,78,25,22.0,26.0,45.0
486,2013,4,18668,29.5747,86,82,14,6,3,53,14,16.0,11.0,15.0
487,2013,5,16228,26.5221,67,79,10,4,3,41,9,12.0,9.0,8.0
488,2013,6,14491,22.7314,63,75,7,3,3,31,7,9.0,7.0,5.0
489,2013,7,12691,20.8809,59,71,5,3,2,24,5,7.0,4.0,3.0
490,2013,8,11354,20.037,64,69,5,2,3,22,5,6.0,4.0,3.0
491,2013,9,10504,18.7262,58,67,4,2,2,22,4,5.0,4.0,3.0
492,2013,10,10165,17.9144,58,66,4,2,2,18,4,5.0,4.0,2.0
493,2013,11,9559,16.916,51,66,3,2,3,16,4,5.0,3.0,2.0
494,2013,12,8647,15.913,53,65,3,2,2,19,3,4.0,3.0,2.0
495,2013,13,7722,14.4522,52,64,3,2,2,12,3,3.0,3.0,2.0
496,2013,14,6782,13.9339,45,59,3,2,2,10,3,3.0,2.0,2.0
497,2013,15,6198,10.8261,42,56,2,2,2,10,3,2.0,2.0,2.0
498,2013,16,5575,8.75336,39,52,2,1,2,8,2,2.0,3.0,1.0
499,2013,17,5095,7.6741899999999985,43,53,2,1,3,7,2,1.0,2.0,1.0
500,2013,18,4919,6.5867,41,53,2,1,2,7,2,1.0,1.0,1.0
501,2013,19,4473,5.41024,39,53,1,1,2,7,2,1.0,2.0,1.0
502,2013,20,4102,4.46124,39,53,1,1,2,4,2,1.0,2.0,1.0
503,2013,21,4097,4.36905,35,50,1,1,3,5,1,1.0,1.0,1.0
504,2013,22,3587,4.20965,37,52,1,1,3,4,1,1.0,2.0,1.0
505,2013,23,3576,3.85906,34,49,1,1,3,3,1,0.0,1.0,1.0
506,2013,24,3254,3.93362,31,46,1,1,3,2,1,1.0,1.0,1.0
507,2013,25,3227,3.9975199999999997,31,45,1,1,3,2,1,0.0,1.0,1.0
508,2013,26,2999,3.23441,30,42,1,1,3,2,1,0.0,1.0,1.0
509,2013,27,2579,3.2570799999999998,31,41,1,<1,2,1,1,0.0,1.0,1.0
510,2013,28,2653,3.7693199999999996,31,42,1,1,2,2,1,0.0,1.0,1.0
511,2013,29,2504,2.95527,30,40,1,<1,2,2,1,0.0,1.0,1.0
512,2013,30,2316,2.9361,31,41,1,1,2,2,1,0.0,0.0,1.0
513,2013,31,2549,3.49157,31,41,1,1,2,2,1,0.0,1.0,1.0
514,2013,32,2494,3.12751,33,41,1,1,2,3,1,0.0,1.0,1.0
515,2013,33,2304,2.77778,33,40,1,1,2,3,1,0.0,1.0,2.0
516,2013,34,2560,2.34375,35,44,1,1,2,3,2,1.0,1.0,3.0
517,2013,35,3006,4.091819999999999,36,42,1,1,2,3,2,0.0,1.0,4.0
518,2013,36,3148,3.65311,42,49,1,1,3,5,3,1.0,1.0,8.0
519,2013,37,3602,3.38701,44,50,1,1,2,4,3,1.0,1.0,12.0
520,2013,38,3888,3.1893,51,52,2,2,2,7,4,1.0,2.0,16.0
521,2013,39,4596,4.09051,53,59,2,2,3,6,6,1.0,3.0,23.0
522,2013,40,4911,3.9503199999999996,49,57,2,3,3,5,6,1.0,3.0,27.0
523,2013,41,5808,3.9428400000000003,51,58,2,3,3,6,6,1.0,3.0,27.0
524,2013,42,5801,3.18911,51,57,2,3,2,8,6,1.0,3.0,26.0
525,2013,43,5886,3.53381,59,60,2,3,3,7,6,1.0,3.0,25.0
526,2013,44,6316,4.63901,55,62,3,3,2,10,5,1.0,3.0,20.0
527,2013,45,6945,5.75954,60,67,3,2,3,10,5,2.0,3.0,18.0
528,2013,46,7203,7.19145,65,70,3,2,3,8,5,2.0,3.0,14.0
529,2013,47,7839,9.14657,60,68,3,2,3,7,4,2.0,4.0,12.0
530,2013,48,7433,12.0813,73,68,3,2,2,9,4,2.0,3.0,9.0
531,2013,49,10169,16.9043,68,68,3,2,3,10,4,3.0,3.0,8.0
532,2013,50,10837,20.7899,79,67,3,2,2,11,5,4.0,5.0,7.0
533,2013,51,14015,28.2198,67,74,5,3,2,21,6,8.0,6.0,8.0
534,2013,52,15748,31.0706,74,91,7,4,2,28,8,11.0,8.0,8.0
535,2014,1,17779,29.1749,100,96,9,5,3,41,11,12.0,9.0,15.0
536,2014,2,18253,27.705,69,60,32,38,64,22,35,19.0,24.0,55.0
537,2014,3,17480,26.7735,39,55,31,34,67,23,33,19.0,23.0,45.0
538,2014,4,16468,24.3017,49,54,27,27,63,18,26,16.0,15.0,29.0
539,2014,5,14618,20.4542,47,52,21,22,62,16,22,13.0,15.0,19.0
540,2014,6,12995,19.0612,41,48,17,16,57,14,15,9.0,13.0,12.0
541,2014,7,11892,16.406,38,45,13,13,52,11,12,7.0,8.0,9.0
542,2014,8,11127,13.6425,34,46,12,12,54,9,11,6.0,7.0,8.0
543,2014,9,10252,11.8806,36,45,10,10,52,8,9,5.0,5.0,6.0
544,2014,10,9441,10.8357,34,43,9,9,53,8,8,4.0,5.0,5.0
545,2014,11,8922,11.0513,30,42,8,9,52,7,8,3.0,5.0,4.0
546,2014,12,8216,12.5365,29,44,8,8,50,6,7,3.0,4.0,4.0
547,2014,13,7905,13.3207,30,43,8,8,53,6,7,3.0,5.0,4.0
548,2014,14,7531,14.5133,27,42,7,8,51,7,7,3.0,7.0,4.0
549,2014,15,7179,14.9603,26,43,7,8,54,6,7,4.0,4.0,3.0
550,2014,16,6648,13.7184,25,42,6,7,54,6,6,3.0,3.0,3.0
551,2014,17,6317,13.0442,25,42,6,7,53,6,6,3.0,5.0,3.0
552,2014,18,5865,12.6513,24,40,5,6,52,6,6,2.0,3.0,3.0
553,2014,19,5436,10.9823,23,39,5,6,47,5,5,2.0,3.0,2.0
554,2014,20,5315,10.3669,24,39,5,5,51,5,5,2.0,3.0,3.0
555,2014,21,4833,8.42127,22,40,4,5,52,4,4,1.0,2.0,2.0
556,2014,22,4757,8.89216,22,38,4,4,47,3,4,1.0,3.0,2.0
557,2014,23,4310,7.2157800000000005,21,37,3,4,47,3,4,1.0,2.0,2.0
558,2014,24,4140,7.10145,19,34,3,4,43,2,4,1.0,2.0,2.0
559,2014,25,3877,5.88084,19,38,3,4,42,2,4,1.0,1.0,2.0
560,2014,26,3434,5.06698,18,34,3,4,50,1,3,1.0,2.0,2.0
561,2014,27,3144,5.02545,18,32,2,4,46,1,3,1.0,1.0,2.0
562,2014,28,3057,5.00491,19,31,3,4,44,1,3,1.0,1.0,2.0
563,2014,29,3188,3.7954800000000004,18,30,3,3,44,1,3,1.0,2.0,2.0
564,2014,30,3127,3.7416099999999997,19,29,3,4,48,2,3,0.0,1.0,2.0
565,2014,31,2939,3.64069,19,29,3,3,50,1,3,0.0,2.0,3.0
566,2014,32,2973,2.95997,20,30,3,4,47,1,4,1.0,1.0,4.0
567,2014,33,3270,3.4250800000000003,20,28,3,4,51,2,4,1.0,1.0,4.0
568,2014,34,3339,3.2944,21,30,3,5,49,2,4,1.0,2.0,7.0
569,2014,35,3973,3.42311,23,31,3,5,49,2,5,1.0,1.0,8.0
570,2014,36,4227,2.76792,25,34,4,6,52,2,6,1.0,4.0,13.0
571,2014,37,5324,2.4605599999999996,30,37,4,9,49,3,9,1.0,3.0,22.0
572,2014,38,5681,3.01003,32,39,5,12,46,4,12,1.0,5.0,32.0
573,2014,39,5905,3.4547,30,38,6,14,58,4,14,1.0,6.0,43.0
574,2014,40,9567,3.22985,30,40,7,17,55,4,18,1.0,6.0,54.0
575,2014,41,11036,3.97789,32,41,9,21,58,5,21,1.0,8.0,66.0
576,2014,42,11729,4.9791099999999995,29,42,11,25,54,6,24,2.0,10.0,70.0
577,2014,43,11385,4.77822,30,43,10,21,58,5,21,2.0,8.0,65.0
578,2014,44,11531,6.30474,31,43,9,17,56,6,17,2.0,10.0,48.0
579,2014,45,12918,8.94875,36,44,9,16,51,7,15,2.0,8.0,41.0
580,2014,46,13777,10.2853,43,47,8,13,52,7,13,3.0,6.0,32.0
581,2014,47,16166,14.8645,47,48,10,13,52,8,13,4.0,8.0,26.0
582,2014,48,18504,19.585,36,52,10,12,54,7,11,6.0,6.0,18.0
583,2014,49,23068,23.1056,38,54,14,16,60,14,16,9.0,13.0,25.0
584,2014,50,29223,28.0293,37,57,18,19,59,21,19,15.0,14.0,24.0
585,2014,51,37114,30.9048,42,63,28,26,52,43,27,28.0,20.0,19.0
586,2014,52,42518,32.4521,47,75,36,30,58,52,30,38.0,21.0,14.0
587,2014,53,41550,27.3742,56,74,38,35,69,61,35,33.0,22.0,18.0
588,2015,1,38508,24.0106,62,64,33,30,79,45,30,27.0,22.0,18.0
589,2015,2,35598,24.2935,43,58,28,25,63,32,24,26.0,16.0,14.0
590,2015,3,34194,23.3462,38,60,25,22,58,32,22,25.0,15.0,10.0
591,2015,4,32003,21.5011,40,60,23,19,58,27,19,20.0,12.0,9.0
592,2015,5,29581,19.0054,39,57,18,17,58,20,16,16.0,11.0,8.0
593,2015,6,26994,15.5479,38,56,16,15,62,16,14,12.0,11.0,6.0
594,2015,7,24293,13.8723,50,55,16,15,54,16,13,9.0,11.0,6.0
595,2015,8,22294,12.7344,41,51,13,13,58,17,12,8.0,8.0,5.0
596,2015,9,20420,13.1685,37,50,12,12,55,14,11,7.0,8.0,4.0
597,2015,10,19845,12.7337,32,52,11,12,57,17,10,7.0,9.0,4.0
598,2015,11,18419,11.9931,30,51,9,10,55,13,9,6.0,7.0,4.0
599,2015,12,16980,11.2485,31,50,8,9,53,12,8,4.0,6.0,3.0
600,2015,13,15125,11.0281,29,49,7,8,46,12,8,4.0,5.0,3.0
601,2015,14,14743,9.99797,29,48,8,9,49,14,9,4.0,5.0,3.0
602,2015,15,13389,8.41736,25,47,8,10,49,10,9,3.0,5.0,4.0
603,2015,16,11873,6.5105699999999995,27,44,8,9,50,8,8,2.0,4.0,3.0
604,2015,17,10770,5.6638800000000025,25,43,6,7,52,6,6,2.0,4.0,3.0
605,2015,18,9784,5.38635,24,43,5,7,53,7,6,1.0,3.0,2.0
606,2015,19,9188,4.17936,23,41,4,6,53,5,5,1.0,3.0,2.0
607,2015,20,8412,3.6614400000000002,24,41,5,7,56,4,6,1.0,3.0,2.0
608,2015,21,7748,2.91688,22,41,4,6,48,4,5,1.0,2.0,2.0
609,2015,22,6993,2.7742,22,38,4,5,57,3,4,1.0,3.0,2.0
610,2015,23,6725,2.64684,21,39,4,5,49,2,4,1.0,1.0,2.0
611,2015,24,6133,2.4784,20,36,3,4,52,2,4,1.0,1.0,2.0
612,2015,25,5558,2.1770400000000003,19,35,3,4,44,2,4,1.0,2.0,2.0
613,2015,26,5248,2.45808,20,33,3,4,41,1,3,1.0,1.0,2.0
614,2015,27,5260,1.8821299999999999,18,33,3,4,49,2,3,1.0,1.0,2.0
615,2015,28,5039,1.70669,18,32,3,4,42,1,3,1.0,1.0,2.0
616,2015,29,4811,1.51736,19,32,3,4,42,2,4,1.0,2.0,3.0
617,2015,30,4785,1.5256,20,31,3,4,46,2,3,1.0,2.0,3.0
618,2015,31,4790,1.94154,20,31,3,4,50,2,4,1.0,3.0,3.0
619,2015,32,4910,1.64969,20,32,3,4,43,1,4,1.0,2.0,4.0
620,2015,33,5170,1.89555,21,33,3,4,49,2,4,1.0,2.0,6.0
621,2015,34,5381,1.8583900000000002,22,34,3,5,46,3,5,0.0,2.0,9.0
622,2015,35,6115,2.2731,25,35,3,6,50,2,6,1.0,3.0,13.0
623,2015,36,6786,2.18096,26,38,4,8,50,3,7,1.0,2.0,15.0
624,2015,37,7694,2.57343,30,42,5,10,55,4,10,1.0,3.0,28.0
625,2015,38,8855,1.8859400000000002,31,42,7,13,57,3,12,1.0,6.0,37.0
626,2015,39,9876,2.04536,32,43,7,15,53,5,15,1.0,5.0,49.0
627,2015,40,12029,1.05578,32,46,8,20,55,5,19,2.0,5.0,67.0
628,2015,41,13111,1.29662,33,48,8,18,57,4,18,2.0,7.0,59.0
629,2015,42,13441,1.10855,34,50,8,19,63,3,18,1.0,5.0,59.0
630,2015,43,13537,1.10807,31,49,8,17,54,4,16,2.0,6.0,49.0
631,2015,44,14687,1.12344,33,51,8,15,54,6,14,2.0,6.0,40.0
632,2015,45,15048,1.38224,35,54,8,13,59,5,13,2.0,5.0,32.0
633,2015,46,15250,1.19344,37,56,9,12,57,7,12,2.0,7.0,26.0
634,2015,47,15234,1.38506,39,57,8,10,55,5,9,2.0,4.0,17.0
635,2015,48,16201,1.3949799999999999,39,55,9,11,55,7,11,3.0,7.0,17.0
636,2015,49,16673,1.4754399999999999,35,56,8,10,58,4,10,3.0,6.0,14.0
637,2015,50,17358,2.5118099999999997,38,59,8,10,53,6,10,3.0,5.0,13.0
638,2015,51,16878,2.287,41,65,10,11,56,5,10,4.0,9.0,9.0
639,2015,52,18865,2.45958,50,70,10,11,63,5,10,4.0,8.0,9.0
640,2016,1,19786,2.9313700000000003,51,64,10,11,66,8,10,4.0,5.0,10.0
641,2016,2,18689,4.25384,45,60,8,10,59,6,9,3.0,7.0,8.0
642,2016,3,18798,5.48463,51,61,9,11,64,6,10,4.0,6.0,7.0
643,2016,4,20791,6.959739999999999,42,61,9,11,58,7,10,4.0,7.0,7.0
644,2016,5,22261,9.69858,39,60,10,11,62,8,10,6.0,5.0,7.0
645,2016,6,24934,12.5491,45,62,11,11,64,9,11,7.0,8.0,6.0
646,2016,7,27208,15.5359,42,66,13,15,67,13,14,10.0,8.0,7.0
647,2016,8,30966,18.3621,36,65,15,15,61,15,15,13.0,10.0,7.0
648,2016,9,33880,21.1098,34,61,16,16,63,17,16,14.0,11.0,6.0
649,2016,10,36781,23.6454,33,62,17,17,59,23,17,16.0,12.0,6.0
650,2016,11,34233,19.972,31,59,14,14,58,17,15,13.0,9.0,5.0
651,2016,12,30161,18.4709,32,55,12,13,60,13,13,11.0,6.0,5.0
652,2016,13,27603,16.2265,30,53,11,12,61,16,12,9.0,7.0,4.0
653,2016,14,23979,14.0164,31,51,9,10,57,12,10,7.0,5.0,4.0
654,2016,15,21683,13.2362,29,49,8,9,56,12,9,6.0,6.0,4.0
655,2016,16,19860,12.3464,27,48,8,10,55,9,10,5.0,4.0,4.0
656,2016,17,17970,10.2615,26,46,7,8,56,8,8,4.0,5.0,3.0
657,2016,18,15380,8.12094,26,43,6,7,55,6,7,3.0,5.0,3.0
658,2016,19,14090,6.6855899999999995,26,44,5,7,45,4,7,2.0,2.0,3.0
659,2016,20,12545,5.8110800000000005,26,44,5,7,53,4,7,2.0,2.0,2.0
660,2016,21,11591,4.7191800000000015,25,43,4,10,55,3,9,1.0,3.0,2.0
661,2016,22,10067,3.0595,24,43,4,7,51,2,7,1.0,3.0,2.0
662,2016,23,9172,3.02006,22,40,4,5,49,2,5,1.0,2.0,2.0
663,2016,24,8364,1.8292700000000002,21,36,3,5,50,2,4,1.0,2.0,2.0
664,2016,25,7417,1.71228,21,36,3,4,46,2,4,1.0,2.0,2.0
665,2016,26,6298,1.22261,21,36,3,4,48,2,4,1.0,2.0,2.0
666,2016,27,5978,0.9033120000000001,20,34,3,4,47,1,4,1.0,2.0,2.0
667,2016,28,6328,0.8691530000000001,20,33,3,4,50,2,4,1.0,2.0,2.0
668,2016,29,5888,0.8491850000000001,21,32,3,4,49,2,3,1.0,1.0,3.0
669,2016,30,5756,0.7817930000000001,21,34,3,4,51,1,3,1.0,1.0,3.0
670,2016,31,5675,0.9339209999999999,21,32,3,4,52,1,4,1.0,1.0,3.0
671,2016,32,5773,0.900745,21,32,3,4,51,1,4,0.0,1.0,4.0
672,2016,33,5974,0.8034819999999999,22,32,3,4,47,1,4,1.0,1.0,6.0
673,2016,34,6264,1.40485,24,36,3,5,52,1,5,1.0,2.0,8.0
674,2016,35,7093,1.6777099999999998,27,38,4,6,61,2,7,1.0,3.0,11.0
675,2016,36,7732,1.46146,31,55,4,8,66,2,8,1.0,4.0,18.0
676,2016,37,8727,1.51255,31,47,5,11,62,3,11,1.0,5.0,27.0
677,2016,38,9418,1.74135,32,45,6,12,63,4,12,2.0,5.0,34.0
678,2016,39,10596,1.7836900000000002,35,48,7,15,57,3,15,1.0,5.0,46.0
679,2016,40,13380,1.56951,34,46,7,18,53,4,17,2.0,5.0,56.0
680,2016,41,14053,1.35914,35,47,8,17,60,4,17,1.0,6.0,53.0
681,2016,42,15110,1.40304,33,48,7,16,58,4,15,2.0,5.0,50.0
682,2016,43,15312,1.50862,35,49,8,16,57,4,15,2.0,8.0,45.0
683,2016,44,16652,1.9156900000000001,32,49,8,14,54,4,13,2.0,5.0,34.0
684,2016,45,17811,2.2008900000000002,32,51,7,12,53,4,11,2.0,5.0,27.0
685,2016,46,19060,2.57608,40,58,8,12,60,5,12,2.0,7.0,25.0
686,2016,47,18520,3.3477300000000003,42,57,7,10,55,4,9,2.0,5.0,17.0
687,2016,48,21542,3.3191,45,60,9,12,64,5,11,2.0,8.0,18.0
688,2016,49,20564,4.259869999999999,49,58,8,11,57,5,11,3.0,7.0,15.0
689,2016,50,23476,6.68342,55,61,9,12,62,6,11,4.0,8.0,13.0
690,2016,51,26934,10.7819,58,71,11,14,65,8,12,7.0,13.0,12.0
691,2016,52,33273,13.9993,56,77,14,17,68,11,14,8.0,14.0,11.0
692,2017,1,35028,13.3436,63,76,15,19,72,12,17,9.0,13.0,14.0
693,2017,2,35198,15.373,55,70,14,18,71,16,17,10.0,13.0,13.0
694,2017,3,36732,18.2865,46,67,15,18,74,18,17,12.0,12.0,12.0
695,2017,4,38052,18.5299,46,66,15,19,65,23,18,13.0,13.0,12.0
696,2017,5,41435,21.4215,50,68,19,21,74,28,21,17.0,15.0,12.0
697,2017,6,47995,24.1525,47,71,24,25,70,38,26,22.0,20.0,12.0
698,2017,7,49356,24.5117,45,68,24,25,63,37,25,22.0,16.0,11.0
699,2017,8,47381,24.7251,41,68,22,22,60,32,22,22.0,17.0,9.0
700,2017,9,40431,19.772000000000002,39,61,15,16,61,21,17,15.0,9.0,7.0
701,2017,10,38487,19.2714,39,59,13,16,61,20,15,14.0,11.0,6.0
702,2017,11,36598,19.0338,41,60,13,14,58,19,14,12.0,8.0,5.0
703,2017,12,35188,19.7113,36,59,13,14,60,21,14,13.0,9.0,5.0
704,2017,13,32481,18.4816,33,58,11,13,71,17,13,11.0,8.0,4.0
705,2017,14,28713,15.4251,33,55,9,11,54,16,11,8.0,8.0,5.0
706,2017,15,25001,12.7395,31,54,7,10,53,12,9,6.0,7.0,4.0
707,2017,16,22091,9.69626,28,51,6,8,53,9,8,4.0,5.0,3.0
708,2017,17,18795,6.767760000000001,29,49,6,7,49,7,7,3.0,4.0,3.0
709,2017,18,16223,5.91752,28,48,5,7,52,6,6,2.0,4.0,3.0
710,2017,19,15302,5.3326400000000005,29,49,5,6,55,5,6,2.0,4.0,3.0
711,2017,20,14292,4.8628599999999995,29,49,4,6,55,3,5,2.0,4.0,2.0
712,2017,21,12821,4.3522300000000005,27,47,4,6,57,3,5,2.0,4.0,2.0
713,2017,22,11644,4.16524,26,46,4,6,52,3,5,1.0,2.0,2.0
714,2017,23,10662,3.3858599999999996,26,44,4,5,55,3,5,1.0,2.0,3.0
715,2017,24,9568,3.06229,25,42,4,5,51,2,5,1.0,2.0,3.0
716,2017,25,8455,2.64932,23,40,3,5,51,2,4,1.0,2.0,3.0
717,2017,26,7498,2.53401,22,39,3,4,52,2,4,1.0,2.0,3.0
718,2017,27,7071,2.17791,23,38,3,4,50,2,4,1.0,2.0,3.0
719,2017,28,7394,2.16392,23,36,3,4,52,3,4,1.0,3.0,3.0
720,2017,29,7178,1.83895,23,37,3,4,53,3,4,1.0,1.0,3.0
721,2017,30,6755,1.80607,22,36,3,4,59,2,4,1.0,2.0,3.0
722,2017,31,6725,1.94796,22,36,3,5,55,2,4,1.0,2.0,4.0
723,2017,32,6893,1.90048,23,37,3,5,55,2,4,1.0,2.0,5.0
724,2017,33,7596,1.34281,24,37,3,5,52,2,5,1.0,2.0,7.0
725,2017,34,8160,1.43382,25,37,3,6,57,1,6,1.0,3.0,10.0
726,2017,35,9404,1.93535,28,40,4,7,62,3,7,1.0,3.0,14.0
727,2017,36,10381,1.8880599999999998,32,44,5,8,62,3,8,1.0,4.0,18.0
728,2017,37,11602,1.89622,33,45,5,11,64,4,11,2.0,5.0,28.0
729,2017,38,12699,1.6694200000000001,34,47,6,13,64,5,13,2.0,7.0,37.0
730,2017,39,13622,1.70313,34,49,7,17,63,4,16,2.0,7.0,49.0
731,2017,40,15532,2.20191,33,47,7,19,61,5,18,2.0,6.0,59.0
732,2017,41,16557,2.08975,33,50,8,18,60,4,17,2.0,7.0,56.0
733,2017,42,17827,2.17647,36,52,8,18,64,6,18,2.0,7.0,54.0
734,2017,43,18391,2.58279,39,54,9,18,65,5,17,3.0,7.0,50.0
735,2017,44,20015,3.6072900000000003,41,57,10,16,60,6,15,3.0,7.0,42.0
736,2017,45,21886,4.24472,45,61,10,16,69,6,16,4.0,9.0,37.0
737,2017,46,23794,5.29966,46,65,11,16,66,7,15,4.0,9.0,32.0
738,2017,47,23830,7.0877,46,68,10,14,66,6,13,4.0,9.0,22.0
739,2017,48,27213,7.3053300000000005,46,70,12,16,70,9,15,5.0,9.0,26.0
740,2017,49,30767,10.7453,52,68,14,19,75,12,18,7.0,14.0,29.0
741,2017,50,35194,15.3549,58,72,17,21,70,16,20,11.0,17.0,21.0
742,2017,51,48009,22.776999999999997,58,86,27,29,77,32,28,26.0,28.0,20.0
743,2017,52,55518,25.3864,84,100,36,38,90,40,35,32.0,33.0,19.0
744,2018,1,61316,25.3653,100,98,41,43,89,55,41,37.0,35.0,22.0
745,2018,2,68276,26.9421,64,88,61,65,100,59,63,53.0,64.0,40.0
746,2018,3,69124,27.034000000000002,63,83,83,81,85,76,80,63.0,82.0,50.0
747,2018,4,80322,27.3698,53,83,96,94,87,90,91,80.0,99.0,57.0
748,2018,5,81687,27.0643,54,81,100,100,89,100,100,100.0,100.0,59.0
749,2018,6,81391,26.9981,53,82,90,85,84,84,85,81.0,87.0,37.0
750,2018,7,74973,26.1174,48,79,76,73,78,69,72,74.0,63.0,31.0
751,2018,8,60034,22.6155,44,70,45,44,77,54,44,44.0,32.0,15.0
752,2018,9,48489,18.4867,39,64,28,29,70,39,29,26.0,17.0,10.0
753,2018,10,40978,15.6938,40,62,21,21,71,27,21,18.0,13.0,7.0
754,2018,11,36794,15.5813,38,61,16,17,70,24,17,15.0,12.0,6.0
755,2018,12,33442,15.328,38,61,13,15,69,21,15,12.0,9.0,5.0
756,2018,13,30668,15.1135,37,60,14,15,65,28,16,13.0,9.0,5.0
757,2018,14,27339,12.6888,35,57,11,13,70,20,13,9.0,7.0,5.0
758,2018,15,25052,11.2486,33,53,9,11,70,14,10,7.0,9.0,4.0
759,2018,16,21483,9.39813,33,53,8,9,67,11,9,5.0,5.0,4.0
760,2018,17,19328,7.998760000000001,30,53,6,9,65,9,8,4.0,6.0,4.0
761,2018,18,17095,6.25914,29,51,6,8,59,8,7,4.0,5.0,3.0
762,2018,19,14978,4.39311,27,50,5,7,60,7,6,3.0,5.0,3.0
763,2018,20,13013,3.16606,27,51,5,6,64,5,6,2.0,3.0,2.0
764,2018,21,11799,2.39003,28,50,4,6,61,4,5,2.0,5.0,3.0
765,2018,22,10789,1.52934,27,51,5,6,67,3,5,2.0,3.0,3.0
766,2018,23,9703,1.57683,26,47,4,6,60,2,5,2.0,2.0,3.0
767,2018,24,8929,1.29914,26,45,4,5,59,2,5,1.0,2.0,3.0
768,2018,25,8502,1.02329,25,42,3,5,61,3,4,1.0,3.0,3.0
769,2018,26,7723,1.11356,25,41,3,5,57,1,4,1.0,2.0,3.0
770,2018,27,6879,1.00305,25,40,3,4,52,2,4,2.0,2.0,2.0
771,2018,28,6986,0.916118,24,39,3,5,59,2,4,2.0,2.0,3.0
772,2018,29,6835,1.0534,23,38,3,4,58,1,4,1.0,2.0,3.0
773,2018,30,6733,0.995099,24,37,3,4,59,2,4,1.0,2.0,3.0
774,2018,31,6292,0.953592,23,36,3,5,61,2,4,1.0,2.0,4.0
775,2018,32,6790,0.95729,25,37,4,5,60,2,5,1.0,2.0,5.0
776,2018,33,7065,0.7643310000000001,26,38,3,5,57,2,5,1.0,4.0,6.0
777,2018,34,7783,1.33625,28,39,4,6,60,2,6,1.0,2.0,10.0
778,2018,35,8712,1.50367,31,43,4,8,64,3,7,1.0,4.0,13.0
779,2018,36,9786,1.7473900000000002,34,46,6,11,67,3,11,2.0,6.0,23.0
780,2018,37,12030,1.68745,35,47,6,13,73,4,13,2.0,9.0,34.0
781,2018,38,13182,1.6992900000000002,37,50,7,15,65,4,15,2.0,8.0,43.0
782,2018,39,14763,1.49699,39,57,9,19,68,4,19,2.0,11.0,58.0
783,2018,40,16528,1.74855,37,52,9,25,68,5,24,3.0,13.0,80.0
784,2018,41,18035,1.6967,38,53,10,25,67,5,24,3.0,10.0,83.0
785,2018,42,20190,1.98118,46,55,12,31,68,6,29,3.0,13.0,100.0
786,2018,43,21369,2.06374,43,56,12,26,75,7,25,4.0,11.0,81.0
787,2018,44,22352,2.18325,40,59,12,23,68,6,22,4.0,10.0,65.0
788,2018,45,23399,2.73943,44,61,11,19,69,7,18,4.0,12.0,49.0
789,2018,46,24381,3.1582,57,65,12,19,72,7,17,4.0,10.0,41.0
790,2018,47,24598,3.92715,49,69,11,16,70,5,14,5.0,9.0,28.0
791,2018,48,28146,3.91885,55,70,13,18,74,8,17,5.0,11.0,29.0
792,2018,49,28923,6.257999999999999,53,73,12,16,74,7,15,5.0,12.0,23.0
793,2018,50,32990,10.4001,54,76,13,17,74,10,16,7.0,13.0,20.0
794,2018,51,38242,14.3063,52,82,16,20,78,11,18,12.0,16.0,18.0
795,2018,52,43184,16.387999999999998,63,94,21,25,91,16,23,15.0,19.0,16.0
796,2019,1,44183,12.1653,66,91,22,27,93,14,25,14.0,20.0,20.0
797,2019,2,41406,12.7469,58,79,21,26,92,16,24,14.0,19.0,23.0
798,2019,3,41806,16.3422,56,74,19,23,81,23,22,16.0,21.0,16.0
799,2019,4,43939,19.4224,65,75,22,23,84,25,23,19.0,14.0,14.0
800,2019,5,48292,22.5275,86,75,24,26,86,27,26,24.0,22.0,14.0
801,2019,6,53615,25.1124,56,77,30,32,81,29,31,30.0,27.0,14.0
802,2019,7,52829,26.0198,55,75,29,30,76,31,29,31.0,23.0,13.0
803,2019,8,53646,26.2443,55,77,28,30,100,40,29,31.0,24.0,12.0
804,2019,9,52837,26.101,49,73,25,26,79,40,26,27.0,17.0,10.0
805,2019,10,52933,25.6437,53,74,22,25,75,45,25,25.0,18.0,10.0
806,2019,11,53092,26.1659,44,72,21,24,77,42,24,26.0,16.0,9.0
807,2019,12,48494,22.5059,43,74,18,20,78,39,21,21.0,17.0,7.0
808,2019,13,42603,19.3461,39,71,14,17,75,28,17,16.0,11.0,6.0
809,2019,14,36528,14.9584,38,66,12,15,69,21,14,12.0,10.0,6.0
810,2019,15,31513,11.902999999999999,34,62,10,12,60,14,12,9.0,8.0,5.0
811,2019,16,27909,8.59938,33,60,8,10,66,12,10,7.0,6.0,4.0
812,2019,17,24584,5.83306,32,58,7,9,64,10,9,5.0,5.0,4.0
813,2019,18,19767,4.80093,33,57,6,8,61,8,8,4.0,7.0,4.0
814,2019,19,17399,3.87379,31,58,6,7,64,7,7,3.0,8.0,3.0
815,2019,20,16716,3.56545,34,57,6,7,63,6,7,3.0,4.0,3.0
816,2019,21,15389,3.4180300000000003,33,58,5,7,69,5,6,2.0,3.0,3.0
817,2019,22,14108,3.09045,31,56,5,6,65,3,5,2.0,2.0,2.0
818,2019,23,12368,2.81371,28,52,4,6,63,4,5,2.0,3.0,3.0
819,2019,24,11143,2.35125,28,49,4,5,63,3,5,2.0,3.0,3.0
820,2019,25,10235,1.9443099999999998,26,50,4,5,65,2,5,2.0,3.0,3.0
821,2019,26,8944,2.10197,25,47,4,5,59,2,5,2.0,3.0,3.0
822,2019,27,8201,2.4875,25,43,3,4,55,2,4,1.0,2.0,2.0
