,index,influenza st pop,influenza dis pop,cc dis pop,flu st pop,flu symp st pop,influenza vaccine vacc pop,prevent flu st pop,YEAR,WEEK,Total Cases
0,2005-03-13,5.0,5.0,58.0,1.0,2.0,1.0,6.0,2005.0,11.0,1108.0
1,2005-03-20,6.0,5.0,56.0,1.0,2.0,1.0,0.0,2005.0,12.0,869.0
2,2005-03-27,4.0,4.0,52.0,1.0,1.0,1.0,3.0,2005.0,13.0,567.0
3,2005-04-03,5.0,4.0,50.0,1.0,1.0,0.0,0.0,2005.0,14.0,355.0
4,2005-04-10,5.0,4.0,46.0,1.0,1.0,1.0,6.0,2005.0,15.0,176.0
5,2005-04-17,5.0,3.0,39.0,1.0,1.0,1.0,0.0,2005.0,16.0,123.0
6,2005-04-24,5.0,3.0,42.0,1.0,1.0,1.0,0.0,2005.0,17.0,69.0
7,2005-05-01,4.0,3.0,40.0,1.0,1.0,1.0,0.0,2005.0,18.0,51.0
8,2005-05-08,4.0,2.0,38.0,1.0,1.0,0.0,3.0,2005.0,19.0,37.0
9,2005-05-15,4.0,2.0,37.0,1.0,1.0,0.0,0.0,2005.0,20.0,39.0
10,2005-05-22,4.0,2.0,35.0,1.0,0.0,0.0,3.0,2005.0,21.0,31.0
11,2005-05-29,2.0,2.0,33.0,1.0,1.0,1.0,0.0,2005.0,22.0,23.0
12,2005-06-05,2.0,2.0,32.0,0.0,0.0,1.0,0.0,2005.0,23.0,12.0
13,2005-06-12,2.0,2.0,32.0,0.0,0.0,1.0,0.0,2005.0,24.0,15.0
14,2005-06-19,2.0,2.0,31.0,1.0,1.0,1.0,0.0,2005.0,25.0,11.0
15,2005-06-26,2.0,2.0,33.0,0.0,1.0,1.0,0.0,2005.0,26.0,7.0
16,2005-07-03,2.0,2.0,34.0,0.0,1.0,1.0,0.0,2005.0,27.0,5.0
17,2005-07-10,2.0,2.0,28.0,0.0,1.0,0.0,0.0,2005.0,28.0,2.0
18,2005-07-17,3.0,2.0,26.0,1.0,1.0,1.0,3.0,2005.0,29.0,3.0
19,2005-07-24,2.0,2.0,31.0,1.0,1.0,1.0,3.0,2005.0,30.0,2.0
20,2005-07-31,2.0,2.0,33.0,1.0,1.0,1.0,0.0,2005.0,31.0,0.0
21,2005-08-07,2.0,2.0,33.0,1.0,1.0,1.0,3.0,2005.0,32.0,4.0
22,2005-08-14,2.0,2.0,30.0,1.0,0.0,1.0,0.0,2005.0,33.0,6.0
23,2005-08-21,3.0,2.0,36.0,1.0,1.0,1.0,0.0,2005.0,34.0,4.0
24,2005-08-28,3.0,2.0,35.0,1.0,1.0,2.0,0.0,2005.0,35.0,6.0
25,2005-09-04,3.0,3.0,47.0,1.0,1.0,2.0,3.0,2005.0,36.0,1.0
26,2005-09-11,5.0,4.0,43.0,1.0,1.0,4.0,2.0,2005.0,37.0,5.0
27,2005-09-18,5.0,6.0,49.0,2.0,1.0,5.0,5.0,2005.0,38.0,2.0
28,2005-09-25,7.0,8.0,49.0,3.0,2.0,11.0,5.0,2005.0,39.0,7.0
29,2005-10-02,10.0,16.0,49.0,7.0,2.0,23.0,5.0,2005.0,40.0,11.0
30,2005-10-09,13.0,19.0,52.0,8.0,3.0,31.0,9.0,2005.0,41.0,12.0
31,2005-10-16,10.0,17.0,53.0,7.0,3.0,32.0,6.0,2005.0,42.0,25.0
32,2005-10-23,9.0,21.0,59.0,7.0,2.0,43.0,3.0,2005.0,43.0,14.0
33,2005-10-30,11.0,26.0,58.0,9.0,4.0,55.0,5.0,2005.0,44.0,23.0
34,2005-11-06,10.0,19.0,58.0,6.0,3.0,40.0,4.0,2005.0,45.0,43.0
35,2005-11-13,10.0,15.0,66.0,5.0,3.0,27.0,7.0,2005.0,46.0,47.0
36,2005-11-20,8.0,10.0,64.0,4.0,3.0,16.0,5.0,2005.0,47.0,52.0
37,2005-11-27,8.0,10.0,72.0,3.0,2.0,16.0,4.0,2005.0,48.0,116.0
38,2005-12-04,8.0,9.0,70.0,3.0,2.0,11.0,2.0,2005.0,49.0,214.0
39,2005-12-11,7.0,8.0,70.0,3.0,2.0,8.0,4.0,2005.0,50.0,399.0
40,2005-12-18,5.0,7.0,76.0,2.0,3.0,5.0,5.0,2005.0,51.0,691.0
41,2005-12-25,6.0,10.0,89.0,3.0,3.0,6.0,3.0,2005.0,52.0,786.0
42,2006-01-01,5.0,7.0,75.0,3.0,2.0,4.0,2.0,2006.0,1.0,752.0
43,2006-01-08,6.0,6.0,63.0,2.0,2.0,3.0,4.0,2006.0,2.0,843.0
44,2006-01-15,7.0,6.0,61.0,2.0,2.0,2.0,4.0,2006.0,3.0,883.0
45,2006-01-22,8.0,6.0,60.0,2.0,2.0,2.0,3.0,2006.0,4.0,1059.0
46,2006-01-29,7.0,6.0,60.0,2.0,2.0,2.0,2.0,2006.0,5.0,1173.0
47,2006-02-05,8.0,6.0,61.0,2.0,2.0,1.0,4.0,2006.0,6.0,1297.0
48,2006-02-12,8.0,6.0,61.0,2.0,3.0,1.0,6.0,2006.0,7.0,1586.0
49,2006-02-19,9.0,7.0,65.0,3.0,3.0,1.0,7.0,2006.0,8.0,1625.0
50,2006-02-26,8.0,7.0,59.0,3.0,3.0,1.0,4.0,2006.0,9.0,1802.0
51,2006-03-05,9.0,6.0,53.0,3.0,2.0,1.0,5.0,2006.0,10.0,1754.0
52,2006-03-12,9.0,7.0,49.0,4.0,2.0,1.0,3.0,2006.0,11.0,1381.0
53,2006-03-19,8.0,6.0,54.0,3.0,2.0,1.0,3.0,2006.0,12.0,1190.0
54,2006-03-26,7.0,5.0,48.0,2.0,2.0,1.0,0.0,2006.0,13.0,975.0
55,2006-04-02,6.0,5.0,44.0,2.0,2.0,1.0,2.0,2006.0,14.0,605.0
56,2006-04-09,6.0,4.0,38.0,2.0,1.0,1.0,2.0,2006.0,15.0,458.0
57,2006-04-16,6.0,4.0,36.0,2.0,1.0,1.0,3.0,2006.0,16.0,346.0
58,2006-04-23,7.0,4.0,32.0,2.0,1.0,1.0,0.0,2006.0,17.0,200.0
59,2006-04-30,7.0,4.0,37.0,3.0,2.0,1.0,4.0,2006.0,18.0,195.0
60,2006-05-07,6.0,4.0,34.0,3.0,1.0,1.0,3.0,2006.0,19.0,177.0
61,2006-05-14,5.0,3.0,35.0,2.0,1.0,1.0,0.0,2006.0,20.0,135.0
62,2006-05-21,4.0,3.0,34.0,2.0,1.0,1.0,2.0,2006.0,21.0,130.0
63,2006-05-28,4.0,3.0,30.0,2.0,1.0,0.0,2.0,2006.0,22.0,78.0
64,2006-06-04,3.0,2.0,30.0,1.0,1.0,1.0,4.0,2006.0,23.0,55.0
65,2006-06-11,4.0,3.0,29.0,1.0,1.0,1.0,2.0,2006.0,24.0,25.0
66,2006-06-18,4.0,2.0,28.0,1.0,1.0,1.0,2.0,2006.0,25.0,14.0
67,2006-06-25,2.0,2.0,27.0,1.0,1.0,1.0,2.0,2006.0,26.0,12.0
68,2006-07-02,2.0,2.0,30.0,1.0,1.0,1.0,0.0,2006.0,27.0,8.0
69,2006-07-09,3.0,2.0,26.0,1.0,0.0,1.0,2.0,2006.0,28.0,7.0
70,2006-07-16,2.0,2.0,26.0,1.0,1.0,1.0,2.0,2006.0,29.0,11.0
71,2006-07-23,2.0,2.0,28.0,1.0,1.0,1.0,2.0,2006.0,30.0,17.0
72,2006-07-30,3.0,2.0,29.0,1.0,1.0,1.0,2.0,2006.0,31.0,20.0
73,2006-08-06,2.0,2.0,24.0,1.0,0.0,1.0,2.0,2006.0,32.0,12.0
74,2006-08-13,3.0,2.0,29.0,1.0,1.0,1.0,0.0,2006.0,33.0,12.0
75,2006-08-20,3.0,2.0,32.0,1.0,0.0,1.0,2.0,2006.0,34.0,15.0
76,2006-08-27,3.0,2.0,33.0,1.0,0.0,1.0,0.0,2006.0,35.0,17.0
77,2006-09-03,3.0,2.0,37.0,1.0,1.0,2.0,2.0,2006.0,36.0,13.0
78,2006-09-10,4.0,3.0,43.0,1.0,1.0,3.0,2.0,2006.0,37.0,31.0
79,2006-09-17,4.0,4.0,52.0,1.0,1.0,5.0,3.0,2006.0,38.0,35.0
80,2006-09-24,5.0,6.0,56.0,1.0,1.0,9.0,2.0,2006.0,39.0,29.0
81,2006-10-01,4.0,9.0,47.0,2.0,1.0,20.0,3.0,2006.0,40.0,56.0
82,2006-10-08,5.0,11.0,53.0,3.0,1.0,24.0,2.0,2006.0,41.0,67.0
83,2006-10-15,6.0,13.0,54.0,3.0,1.0,30.0,4.0,2006.0,42.0,80.0
84,2006-10-22,6.0,14.0,57.0,3.0,1.0,34.0,4.0,2006.0,43.0,84.0
85,2006-10-29,6.0,14.0,58.0,4.0,2.0,33.0,0.0,2006.0,44.0,143.0
86,2006-11-05,6.0,13.0,58.0,3.0,2.0,29.0,3.0,2006.0,45.0,155.0
87,2006-11-12,6.0,12.0,59.0,3.0,2.0,27.0,2.0,2006.0,46.0,133.0
88,2006-11-19,5.0,7.0,62.0,2.0,2.0,13.0,3.0,2006.0,47.0,161.0
89,2006-11-26,5.0,10.0,72.0,2.0,2.0,15.0,3.0,2006.0,48.0,209.0
90,2006-12-03,6.0,8.0,74.0,2.0,2.0,10.0,4.0,2006.0,49.0,264.0
91,2006-12-10,5.0,7.0,67.0,2.0,3.0,7.0,0.0,2006.0,50.0,541.0
92,2006-12-17,4.0,7.0,74.0,2.0,2.0,4.0,2.0,2006.0,51.0,729.0
93,2006-12-24,3.0,6.0,78.0,2.0,2.0,3.0,2.0,2006.0,52.0,704.0
94,2006-12-31,4.0,6.0,77.0,2.0,3.0,3.0,0.0,2007.0,1.0,468.0
95,2007-01-07,5.0,6.0,70.0,2.0,2.0,3.0,3.0,2007.0,2.0,594.0
96,2007-01-14,4.0,6.0,69.0,2.0,2.0,2.0,2.0,2007.0,3.0,718.0
97,2007-01-21,6.0,6.0,67.0,2.0,2.0,2.0,3.0,2007.0,4.0,1310.0
98,2007-01-28,7.0,7.0,71.0,2.0,2.0,2.0,3.0,2007.0,5.0,1849.0
99,2007-02-04,8.0,8.0,76.0,2.0,3.0,2.0,5.0,2007.0,6.0,2532.0
100,2007-02-11,8.0,8.0,70.0,2.0,3.0,4.0,1.0,2007.0,7.0,2523.0
101,2007-02-18,7.0,7.0,64.0,2.0,3.0,1.0,2.0,2007.0,8.0,2367.0
102,2007-02-25,7.0,6.0,60.0,2.0,2.0,1.0,2.0,2007.0,9.0,1949.0
103,2007-03-04,6.0,6.0,60.0,1.0,2.0,1.0,1.0,2007.0,10.0,1589.0
104,2007-03-11,5.0,5.0,49.0,1.0,2.0,1.0,1.0,2007.0,11.0,1353.0
105,2007-03-18,5.0,4.0,50.0,1.0,2.0,1.0,3.0,2007.0,12.0,1090.0
106,2007-03-25,5.0,4.0,45.0,1.0,1.0,1.0,1.0,2007.0,13.0,765.0
107,2007-04-01,4.0,3.0,43.0,1.0,1.0,1.0,2.0,2007.0,14.0,518.0
108,2007-04-08,4.0,3.0,47.0,1.0,1.0,1.0,1.0,2007.0,15.0,515.0
109,2007-04-15,3.0,3.0,42.0,1.0,1.0,0.0,1.0,2007.0,16.0,373.0
110,2007-04-22,5.0,3.0,39.0,1.0,1.0,1.0,1.0,2007.0,17.0,294.0
111,2007-04-29,4.0,2.0,35.0,1.0,1.0,1.0,3.0,2007.0,18.0,203.0
112,2007-05-06,3.0,2.0,36.0,1.0,1.0,1.0,2.0,2007.0,19.0,126.0
113,2007-05-13,3.0,2.0,37.0,1.0,1.0,1.0,1.0,2007.0,20.0,92.0
114,2007-05-20,2.0,2.0,34.0,1.0,0.0,0.0,1.0,2007.0,21.0,84.0
115,2007-05-27,2.0,2.0,32.0,1.0,1.0,0.0,1.0,2007.0,22.0,30.0
116,2007-06-03,3.0,2.0,33.0,0.0,1.0,1.0,0.0,2007.0,23.0,20.0
117,2007-06-10,2.0,2.0,29.0,1.0,1.0,1.0,1.0,2007.0,24.0,26.0
118,2007-06-17,2.0,2.0,30.0,0.0,0.0,1.0,0.0,2007.0,25.0,8.0
119,2007-06-24,2.0,2.0,33.0,0.0,0.0,0.0,0.0,2007.0,26.0,15.0
120,2007-07-01,1.0,1.0,29.0,0.0,0.0,0.0,0.0,2007.0,27.0,18.0
121,2007-07-08,1.0,2.0,26.0,0.0,0.0,0.0,4.0,2007.0,28.0,23.0
122,2007-07-15,2.0,2.0,27.0,0.0,1.0,1.0,1.0,2007.0,29.0,16.0
123,2007-07-22,1.0,1.0,27.0,0.0,1.0,0.0,0.0,2007.0,30.0,37.0
124,2007-07-29,2.0,2.0,29.0,0.0,0.0,1.0,1.0,2007.0,31.0,24.0
125,2007-08-05,2.0,2.0,30.0,0.0,0.0,1.0,1.0,2007.0,32.0,34.0
126,2007-08-12,2.0,2.0,31.0,0.0,0.0,1.0,0.0,2007.0,33.0,19.0
127,2007-08-19,2.0,2.0,34.0,0.0,1.0,1.0,1.0,2007.0,34.0,23.0
128,2007-08-26,3.0,2.0,36.0,1.0,1.0,1.0,1.0,2007.0,35.0,30.0
129,2007-09-02,2.0,2.0,39.0,1.0,1.0,2.0,1.0,2007.0,36.0,24.0
130,2007-09-09,3.0,3.0,43.0,1.0,1.0,3.0,1.0,2007.0,37.0,30.0
131,2007-09-16,4.0,4.0,52.0,1.0,1.0,6.0,1.0,2007.0,38.0,30.0
132,2007-09-23,4.0,6.0,51.0,1.0,1.0,9.0,1.0,2007.0,39.0,20.0
133,2007-09-30,4.0,9.0,50.0,2.0,1.0,19.0,3.0,2007.0,40.0,44.0
134,2007-10-07,5.0,11.0,59.0,3.0,1.0,25.0,2.0,2007.0,41.0,44.0
135,2007-10-14,6.0,13.0,57.0,3.0,1.0,28.0,2.0,2007.0,42.0,48.0
136,2007-10-21,4.0,13.0,56.0,3.0,1.0,33.0,1.0,2007.0,43.0,50.0
137,2007-10-28,5.0,12.0,56.0,3.0,2.0,29.0,3.0,2007.0,44.0,74.0
138,2007-11-04,6.0,12.0,65.0,3.0,2.0,26.0,3.0,2007.0,45.0,85.0
139,2007-11-11,5.0,11.0,67.0,2.0,2.0,23.0,1.0,2007.0,46.0,87.0
140,2007-11-18,4.0,7.0,64.0,2.0,1.0,12.0,2.0,2007.0,47.0,140.0
141,2007-11-25,5.0,8.0,70.0,2.0,2.0,12.0,4.0,2007.0,48.0,161.0
142,2007-12-02,5.0,6.0,68.0,2.0,2.0,8.0,1.0,2007.0,49.0,180.0
143,2007-12-09,4.0,6.0,69.0,1.0,2.0,6.0,3.0,2007.0,50.0,215.0
144,2007-12-16,4.0,5.0,73.0,1.0,2.0,4.0,3.0,2007.0,51.0,314.0
145,2007-12-23,3.0,5.0,77.0,1.0,2.0,3.0,1.0,2007.0,52.0,448.0
146,2007-12-30,4.0,5.0,94.0,1.0,2.0,3.0,3.0,2008.0,1.0,584.0
147,2008-01-06,5.0,6.0,72.0,1.0,2.0,2.0,2.0,2008.0,2.0,1003.0
148,2008-01-13,5.0,5.0,69.0,1.0,2.0,2.0,2.0,2008.0,3.0,1313.0
149,2008-01-20,5.0,7.0,80.0,1.0,2.0,2.0,2.0,2008.0,4.0,2152.0
150,2008-01-27,7.0,9.0,81.0,2.0,3.0,2.0,4.0,2008.0,5.0,3831.0
151,2008-02-03,11.0,12.0,88.0,3.0,4.0,3.0,4.0,2008.0,6.0,4871.0
152,2008-02-10,12.0,13.0,91.0,3.0,5.0,3.0,2.0,2008.0,7.0,4827.0
153,2008-02-17,13.0,16.0,93.0,3.0,6.0,3.0,3.0,2008.0,8.0,5277.0
154,2008-02-24,12.0,14.0,82.0,3.0,5.0,3.0,4.0,2008.0,9.0,4451.0
155,2008-03-02,10.0,10.0,73.0,2.0,4.0,2.0,4.0,2008.0,10.0,3595.0
156,2008-03-09,10.0,8.0,62.0,2.0,3.0,1.0,3.0,2008.0,11.0,2564.0
157,2008-03-16,7.0,7.0,59.0,1.0,2.0,1.0,1.0,2008.0,12.0,1937.0
158,2008-03-23,6.0,5.0,55.0,1.0,2.0,1.0,5.0,2008.0,13.0,1387.0
159,2008-03-30,5.0,5.0,51.0,1.0,1.0,1.0,1.0,2008.0,14.0,899.0
160,2008-04-06,5.0,4.0,48.0,1.0,1.0,1.0,0.0,2008.0,15.0,622.0
161,2008-04-13,4.0,3.0,44.0,1.0,1.0,1.0,2.0,2008.0,16.0,349.0
162,2008-04-20,4.0,3.0,39.0,1.0,1.0,1.0,0.0,2008.0,17.0,191.0
163,2008-04-27,3.0,3.0,39.0,1.0,1.0,1.0,1.0,2008.0,18.0,126.0
164,2008-05-04,3.0,2.0,40.0,1.0,1.0,1.0,1.0,2008.0,19.0,65.0
165,2008-05-11,3.0,2.0,38.0,1.0,1.0,1.0,1.0,2008.0,20.0,38.0
166,2008-05-18,2.0,2.0,37.0,1.0,1.0,1.0,1.0,2008.0,21.0,29.0
167,2008-05-25,2.0,2.0,34.0,0.0,1.0,1.0,1.0,2008.0,22.0,19.0
168,2008-06-01,2.0,2.0,34.0,1.0,0.0,1.0,0.0,2008.0,23.0,17.0
169,2008-06-08,2.0,2.0,32.0,0.0,0.0,0.0,0.0,2008.0,24.0,12.0
170,2008-06-15,2.0,2.0,32.0,0.0,1.0,0.0,1.0,2008.0,25.0,7.0
171,2008-06-22,2.0,2.0,28.0,0.0,0.0,0.0,1.0,2008.0,26.0,6.0
172,2008-06-29,2.0,2.0,30.0,0.0,0.0,1.0,0.0,2008.0,27.0,4.0
173,2008-07-06,2.0,2.0,32.0,0.0,0.0,1.0,1.0,2008.0,28.0,6.0
174,2008-07-13,1.0,2.0,29.0,0.0,0.0,1.0,0.0,2008.0,29.0,4.0
175,2008-07-20,2.0,2.0,31.0,0.0,1.0,0.0,0.0,2008.0,30.0,10.0
176,2008-07-27,2.0,2.0,29.0,0.0,0.0,1.0,0.0,2008.0,31.0,7.0
177,2008-08-03,2.0,2.0,32.0,0.0,0.0,1.0,0.0,2008.0,32.0,7.0
178,2008-08-10,2.0,2.0,32.0,0.0,0.0,1.0,1.0,2008.0,33.0,1.0
179,2008-08-17,2.0,2.0,34.0,1.0,0.0,1.0,1.0,2008.0,34.0,6.0
180,2008-08-24,2.0,2.0,34.0,0.0,1.0,1.0,1.0,2008.0,35.0,5.0
181,2008-08-31,2.0,2.0,39.0,1.0,1.0,3.0,1.0,2008.0,36.0,6.0
182,2008-09-07,3.0,3.0,41.0,1.0,1.0,4.0,1.0,2008.0,37.0,11.0
183,2008-09-14,3.0,4.0,52.0,1.0,1.0,6.0,1.0,2008.0,38.0,20.0
184,2008-09-21,4.0,6.0,56.0,1.0,1.0,10.0,2.0,2008.0,39.0,12.0
185,2008-09-28,4.0,8.0,53.0,2.0,1.0,16.0,2.0,2008.0,40.0,17.0
186,2008-10-05,5.0,10.0,58.0,2.0,1.0,24.0,1.0,2008.0,41.0,23.0
187,2008-10-12,4.0,12.0,53.0,3.0,1.0,27.0,2.0,2008.0,42.0,37.0
188,2008-10-19,5.0,13.0,61.0,3.0,2.0,31.0,3.0,2008.0,43.0,61.0
189,2008-10-26,5.0,13.0,64.0,3.0,2.0,33.0,2.0,2008.0,44.0,43.0
190,2008-11-02,4.0,11.0,56.0,3.0,2.0,25.0,2.0,2008.0,45.0,71.0
191,2008-11-09,5.0,16.0,72.0,4.0,3.0,23.0,3.0,2008.0,46.0,62.0
192,2008-11-16,5.0,10.0,75.0,2.0,2.0,15.0,3.0,2008.0,47.0,84.0
193,2008-11-23,4.0,6.0,67.0,1.0,2.0,8.0,1.0,2008.0,48.0,109.0
194,2008-11-30,4.0,7.0,77.0,2.0,2.0,8.0,3.0,2008.0,49.0,127.0
195,2008-12-07,4.0,6.0,74.0,2.0,2.0,6.0,4.0,2008.0,50.0,189.0
196,2008-12-14,3.0,5.0,70.0,1.0,2.0,5.0,3.0,2008.0,51.0,273.0
197,2008-12-21,2.0,5.0,76.0,1.0,2.0,3.0,2.0,2008.0,52.0,285.0
198,2008-12-28,3.0,5.0,83.0,1.0,2.0,3.0,3.0,2008.0,53.0,365.0
199,2009-01-04,4.0,6.0,75.0,1.0,2.0,3.0,2.0,2009.0,1.0,589.0
200,2009-01-11,4.0,5.0,79.0,1.0,2.0,3.0,2.0,2009.0,2.0,760.0
201,2009-01-18,4.0,5.0,73.0,1.0,2.0,3.0,2.0,2009.0,3.0,1275.0
202,2009-01-25,5.0,6.0,75.0,1.0,2.0,2.0,5.0,2009.0,4.0,1969.0
203,2009-02-01,6.0,7.0,81.0,2.0,3.0,2.0,3.0,2009.0,5.0,2802.0
204,2009-02-08,6.0,8.0,76.0,2.0,3.0,2.0,1.0,2009.0,6.0,3207.0
205,2009-02-15,7.0,8.0,84.0,2.0,3.0,2.0,3.0,2009.0,7.0,2913.0
206,2009-02-22,7.0,8.0,80.0,2.0,3.0,2.0,3.0,2009.0,8.0,2923.0
207,2009-03-01,8.0,8.0,69.0,2.0,3.0,2.0,3.0,2009.0,9.0,2671.0
208,2009-03-08,7.0,6.0,63.0,1.0,2.0,1.0,2.0,2009.0,10.0,2147.0
209,2009-03-15,7.0,6.0,58.0,1.0,2.0,1.0,3.0,2009.0,11.0,1773.0
210,2009-03-22,6.0,5.0,58.0,1.0,2.0,1.0,2.0,2009.0,12.0,1229.0
211,2009-03-29,5.0,4.0,51.0,1.0,1.0,1.0,2.0,2009.0,13.0,799.0
212,2009-04-05,4.0,3.0,50.0,1.0,1.0,1.0,2.0,2009.0,14.0,543.0
213,2009-04-12,4.0,3.0,51.0,1.0,1.0,1.0,1.0,2009.0,15.0,336.0
214,2009-04-19,18.0,10.0,46.0,4.0,3.0,2.0,3.0,2009.0,16.0,324.0
215,2009-04-26,100.0,100.0,67.0,100.0,100.0,21.0,100.0,2009.0,17.0,4512.0
216,2009-05-03,27.0,29.0,54.0,26.0,34.0,4.0,16.0,2009.0,18.0,5207.0
217,2009-05-10,16.0,13.0,46.0,9.0,15.0,2.0,7.0,2009.0,19.0,3042.0
218,2009-05-17,12.0,12.0,47.0,8.0,16.0,2.0,6.0,2009.0,20.0,4128.0
219,2009-05-24,9.0,8.0,45.0,5.0,11.0,2.0,4.0,2009.0,21.0,4515.0
220,2009-05-31,8.0,7.0,40.0,4.0,9.0,1.0,3.0,2009.0,22.0,5351.0
221,2009-06-07,8.0,9.0,42.0,5.0,11.0,2.0,3.0,2009.0,23.0,5727.0
222,2009-06-14,7.0,8.0,41.0,4.0,10.0,2.0,4.0,2009.0,24.0,6140.0
223,2009-06-21,7.0,8.0,36.0,3.0,8.0,2.0,1.0,2009.0,25.0,4384.0
224,2009-06-28,8.0,11.0,39.0,3.0,7.0,2.0,2.0,2009.0,26.0,3468.0
225,2009-07-05,6.0,8.0,38.0,3.0,6.0,2.0,1.0,2009.0,27.0,3432.0
226,2009-07-12,6.0,7.0,36.0,3.0,6.0,2.0,4.0,2009.0,28.0,2701.0
227,2009-07-19,5.0,7.0,34.0,3.0,7.0,3.0,3.0,2009.0,29.0,2344.0
228,2009-07-26,6.0,9.0,35.0,4.0,8.0,5.0,4.0,2009.0,30.0,2531.0
229,2009-08-02,7.0,9.0,34.0,3.0,6.0,5.0,4.0,2009.0,31.0,1994.0
230,2009-08-09,7.0,10.0,38.0,4.0,8.0,6.0,4.0,2009.0,32.0,1933.0
231,2009-08-16,7.0,11.0,38.0,4.0,8.0,9.0,7.0,2009.0,33.0,2437.0
232,2009-08-23,8.0,16.0,46.0,7.0,15.0,16.0,7.0,2009.0,34.0,2563.0
233,2009-08-30,10.0,21.0,56.0,10.0,20.0,28.0,12.0,2009.0,35.0,2899.0
234,2009-09-06,10.0,22.0,63.0,10.0,23.0,31.0,12.0,2009.0,36.0,3576.0
235,2009-09-13,11.0,26.0,74.0,11.0,25.0,44.0,12.0,2009.0,37.0,4269.0
236,2009-09-20,12.0,29.0,80.0,12.0,27.0,48.0,14.0,2009.0,38.0,4540.0
237,2009-09-27,13.0,34.0,87.0,13.0,29.0,61.0,13.0,2009.0,39.0,4931.0
238,2009-10-04,14.0,41.0,89.0,15.0,32.0,76.0,17.0,2009.0,40.0,8042.0
239,2009-10-11,14.0,44.0,99.0,17.0,36.0,81.0,21.0,2009.0,41.0,10899.0
240,2009-10-18,16.0,55.0,100.0,22.0,44.0,100.0,35.0,2009.0,42.0,12409.0
241,2009-10-25,15.0,53.0,97.0,21.0,43.0,95.0,29.0,2009.0,43.0,9998.0
242,2009-11-01,12.0,42.0,92.0,16.0,33.0,70.0,23.0,2009.0,44.0,7727.0
243,2009-11-08,10.0,32.0,82.0,12.0,23.0,57.0,13.0,2009.0,45.0,6016.0
244,2009-11-15,8.0,24.0,74.0,8.0,17.0,38.0,12.0,2009.0,46.0,3628.0
245,2009-11-22,6.0,15.0,68.0,5.0,12.0,20.0,6.0,2009.0,47.0,1937.0
246,2009-11-29,6.0,13.0,75.0,4.0,9.0,19.0,6.0,2009.0,48.0,1410.0
247,2009-12-06,5.0,11.0,79.0,4.0,7.0,16.0,5.0,2009.0,49.0,868.0
248,2009-12-13,4.0,10.0,72.0,3.0,6.0,16.0,4.0,2009.0,50.0,676.0
249,2009-12-20,2.0,7.0,76.0,3.0,6.0,9.0,3.0,2009.0,51.0,427.0
250,2009-12-27,2.0,7.0,84.0,2.0,6.0,7.0,3.0,2009.0,52.0,468.0
251,2010-01-03,3.0,8.0,92.0,2.0,5.0,9.0,2.0,2010.0,1.0,379.0
252,2010-01-10,4.0,7.0,76.0,2.0,5.0,8.0,3.0,2010.0,2.0,417.0
253,2010-01-17,4.0,6.0,62.0,2.0,4.0,6.0,4.0,2010.0,3.0,477.0
254,2010-01-24,3.0,5.0,64.0,1.0,3.0,4.0,2.0,2010.0,4.0,428.0
255,2010-01-31,4.0,5.0,68.0,1.0,3.0,4.0,4.0,2010.0,5.0,425.0
256,2010-02-07,3.0,4.0,71.0,1.0,3.0,2.0,3.0,2010.0,6.0,369.0
257,2010-02-14,3.0,4.0,70.0,1.0,3.0,2.0,2.0,2010.0,7.0,400.0
258,2010-02-21,3.0,5.0,67.0,1.0,3.0,2.0,5.0,2010.0,8.0,438.0
259,2010-02-28,4.0,4.0,65.0,1.0,3.0,2.0,4.0,2010.0,9.0,461.0
260,2010-03-07,4.000480555555555,5.00000019032514,64.00008757201616,1.0000375,2.0000664948453606,2.0000153060834025,1.9999996464657803,2010.0,10.0,496.0
261,2010-03-14,3.6194824074074066,4.2857144488501175,58.000079362139644,1.0000375,1.8182422680412367,2.0000153060834025,0.9999998232328902,2010.0,11.0,370.0
262,2010-03-21,3.8099814814814814,4.2857144488501175,52.00007115226314,0.857175,1.4545938144329895,2.6666870747778706,2.99999946969867,2010.0,12.0,250.0
263,2010-03-28,3.428983333333333,3.5714287073750985,50.000068415637614,0.857175,1.4545938144329895,2.0000153060834025,3.499999381315115,2010.0,13.0,228.0
264,2010-04-04,3.8099814814814814,4.2857144488501175,46.000062942386606,0.7143125,1.2727695876288658,2.0000153060834025,1.9999996464657803,2010.0,14.0,130.0
265,2010-04-11,3.8099814814814814,4.2857144488501175,44.00006020576111,0.7143125,1.090945360824742,2.6666870747778706,2.499999558082225,2010.0,15.0,84.0
266,2010-04-18,3.8099814814814814,3.5714287073750985,42.00005746913561,0.7143125,1.090945360824742,2.0000153060834025,2.499999558082225,2010.0,16.0,47.0
267,2010-04-25,3.2384842592592586,3.5714287073750985,46.000062942386606,0.57145,0.9091211340206184,2.0000153060834025,1.9999996464657803,2010.0,17.0,26.0
268,2010-05-02,3.0479851851851847,3.5714287073750985,40.0000547325101,0.57145,0.9091211340206184,1.3333435373889353,1.9999996464657803,2010.0,18.0,25.0
269,2010-05-09,3.0479851851851847,3.5714287073750985,44.00006020576111,0.57145,0.9091211340206184,1.3333435373889353,1.9999996464657803,2010.0,19.0,18.0
270,2010-05-16,3.0479851851851847,3.5714287073750985,40.0000547325101,0.57145,0.9091211340206184,1.3333435373889353,3.499999381315115,2010.0,20.0,15.0
271,2010-05-23,2.0954898148148144,2.8571429659000795,38.0000519958846,0.57145,0.7272969072164948,1.3333435373889353,0.9999998232328902,2010.0,21.0,5.0
272,2010-05-30,2.476487962962963,2.8571429659000795,36.00004925925909,0.57145,0.9091211340206184,1.3333435373889353,0.0,2010.0,22.0,6.0
273,2010-06-06,2.2859888888888884,2.8571429659000795,34.000046522633575,0.57145,0.7272969072164948,1.3333435373889353,0.0,2010.0,23.0,6.0
274,2010-06-13,1.9049907407407405,2.1428572244250588,34.000046522633575,0.4285875,0.7272969072164948,0.6666717686944676,0.0,2010.0,24.0,9.0
275,2010-06-20,2.0954898148148144,2.1428572244250588,32.00004378600808,0.4285875,0.5454726804123711,0.6666717686944676,0.0,2010.0,25.0,8.0
276,2010-06-27,1.3334935185185184,2.1428572244250588,34.000046522633575,0.4285875,0.5454726804123711,0.6666717686944676,0.9999998232328902,2010.0,26.0,4.0
277,2010-07-04,1.5239925925925923,2.1428572244250588,32.00004378600808,0.4285875,0.7272969072164948,0.6666717686944676,0.9999998232328902,2010.0,27.0,5.0
278,2010-07-11,1.5239925925925923,2.1428572244250588,34.000046522633575,0.4285875,0.5454726804123711,1.3333435373889353,3.499999381315115,2010.0,28.0,11.0
279,2010-07-18,1.7144916666666663,2.8571429659000795,34.000046522633575,0.57145,0.5454726804123711,1.3333435373889353,0.0,2010.0,29.0,8.0
280,2010-07-25,1.7144916666666663,2.1428572244250588,32.00004378600808,0.4285875,0.5454726804123711,1.3333435373889353,1.499999734849335,2010.0,30.0,23.0
281,2010-08-01,1.7144916666666663,2.8571429659000795,34.000046522633575,0.57145,0.7272969072164948,1.3333435373889353,0.0,2010.0,31.0,16.0
282,2010-08-08,1.7144916666666663,2.8571429659000795,36.00004925925909,0.57145,0.7272969072164948,2.0000153060834025,0.9999998232328902,2010.0,32.0,29.0
283,2010-08-15,1.9049907407407405,3.5714287073750985,38.0000519958846,0.57145,0.7272969072164948,2.6666870747778706,0.9999998232328902,2010.0,33.0,19.0
284,2010-08-22,2.2859888888888884,3.5714287073750985,40.0000547325101,0.7143125,0.7272969072164948,4.000030612166805,1.9999996464657803,2010.0,34.0,40.0
285,2010-08-29,3.0479851851851847,5.00000019032514,46.000062942386606,0.857175,0.7272969072164948,6.666717686944676,0.9999998232328902,2010.0,35.0,28.0
286,2010-09-05,3.0479851851851847,5.714285931800159,52.00007115226314,1.1429,0.9091211340206184,9.333404761722546,1.499999734849335,2010.0,36.0,36.0
287,2010-09-12,3.2384842592592586,7.857143156225217,60.00008209876514,1.5714875,1.2727695876288658,12.666763605194886,3.9999992929315606,2010.0,37.0,50.0
288,2010-09-19,3.6194824074074066,9.285714639175255,64.00008757201616,1.8572125,1.2727695876288658,15.333450679972756,2.499999558082225,2010.0,38.0,48.0
289,2010-09-26,4.000480555555555,10.00000038065028,60.00008209876514,2.000075,1.4545938144329895,18.000137754750625,5.99999893939734,2010.0,39.0,40.0
290,2010-10-03,4.000480555555555,12.14285760507534,66.00009030864166,2.4286625,1.6364180412371134,24.6668554416953,2.499999558082225,2010.0,40.0,77.0
291,2010-10-10,4.000480555555555,11.428571863600318,64.00008757201616,2.2858,1.6364180412371134,22.00016836691743,3.499999381315115,2010.0,41.0,128.0
292,2010-10-17,4.190979629629629,11.428571863600318,68.00009304526715,2.1429375,1.6364180412371134,22.00016836691743,6.99999876263023,2010.0,42.0,139.0
293,2010-10-24,4.000480555555555,10.714286122125296,62.000084835390645,2.000075,1.6364180412371134,18.000137754750625,3.9999992929315606,2010.0,43.0,166.0
294,2010-10-31,3.6194824074074066,9.285714639175255,72.00009851851819,1.8572125,1.8182422680412367,16.00012244866722,4.499999204548005,2010.0,44.0,247.0
295,2010-11-07,3.8099814814814814,8.571428897700237,70.00009578189267,1.8572125,1.6364180412371134,13.333435373889351,4.99999911616445,2010.0,45.0,350.0
296,2010-11-14,4.000480555555555,8.571428897700237,72.00009851851819,1.71435,1.8182422680412367,11.333420067805948,3.9999992929315606,2010.0,46.0,487.0
297,2010-11-21,2.857486111111111,6.4285716732751785,74.00010125514369,1.2857625,1.6364180412371134,6.666717686944676,2.499999558082225,2010.0,47.0,587.0
298,2010-11-28,4.000480555555555,7.142857414750197,82.00011220164569,1.428625,2.0000664948453606,7.333389455639143,4.499999204548005,2010.0,48.0,597.0
299,2010-12-05,3.6194824074074066,7.142857414750197,86.0001176748967,1.5714875,2.1818907216494843,6.666717686944676,4.499999204548005,2010.0,49.0,843.0
300,2010-12-12,3.8099814814814814,7.142857414750197,88.00012041152222,1.5714875,2.0000664948453606,5.333374149555741,3.9999992929315606,2010.0,50.0,1450.0
301,2010-12-19,2.857486111111111,7.142857414750197,88.00012041152222,1.5714875,2.363714948453608,4.000030612166805,4.499999204548005,2010.0,51.0,2046.0
302,2010-12-26,2.6669870370370368,8.571428897700237,102.00013956790077,1.8572125,3.0910118556701027,4.666702380861273,3.9999992929315606,2010.0,52.0,2372.0
303,2011-01-02,3.428983333333333,9.285714639175255,106.00014504115177,2.1429375,3.4546603092783497,5.333374149555741,4.499999204548005,2011.0,1.0,2628.0
304,2011-01-09,4.571977777777778,8.571428897700237,94.00012862139872,1.8572125,3.0910118556701027,4.666702380861273,3.499999381315115,2011.0,2.0,2984.0
305,2011-01-16,4.762476851851852,9.285714639175255,96.00013135802423,2.000075,3.4546603092783497,4.000030612166805,5.499999027780894,2011.0,3.0,3710.0
306,2011-01-23,6.095970370370369,10.714286122125296,104.00014230452628,2.2858,4.181957216494845,4.000030612166805,4.99999911616445,2011.0,4.0,4447.0
307,2011-01-30,6.286469444444443,10.714286122125296,100.00013683127523,2.1429375,3.818308762886598,3.333358843472338,5.99999893939734,2011.0,5.0,4912.0
308,2011-02-06,6.667467592592592,11.428571863600318,104.00014230452628,2.2858,4.181957216494845,3.333358843472338,5.499999027780894,2011.0,6.0,5077.0
309,2011-02-13,8.00096111111111,11.428571863600318,100.00013683127523,2.2858,4.545605670103091,2.6666870747778706,8.499998497479565,2011.0,7.0,5716.0
310,2011-02-20,7.429463888888887,10.00000038065028,94.00012862139872,2.000075,3.6364845360824734,2.6666870747778706,5.499999027780894,2011.0,8.0,4657.0
311,2011-02-27,6.476968518518517,8.571428897700237,86.0001176748967,1.71435,2.9091876288659786,2.0000153060834025,4.499999204548005,2011.0,9.0,3573.0
312,2011-03-06,5.9054712962962945,7.142857414750197,76.0001039917692,1.428625,2.545539175257732,2.0000153060834025,2.99999946969867,2011.0,10.0,2766.0
313,2011-03-13,5.143475,5.714285931800159,68.00009304526715,1.2857625,2.0000664948453606,1.3333435373889353,1.9999996464657803,2011.0,11.0,2000.0
314,2011-03-20,4.190979629629629,5.714285931800159,72.00009851851819,1.1429,1.8182422680412367,1.3333435373889353,3.499999381315115,2011.0,12.0,1361.0
315,2011-03-27,3.6194824074074066,5.00000019032514,70.00009578189267,1.0000375,1.8182422680412367,1.3333435373889353,1.499999734849335,2011.0,13.0,910.0
316,2011-04-03,3.2384842592592586,4.2857144488501175,62.000084835390645,0.857175,1.4545938144329895,1.3333435373889353,2.499999558082225,2011.0,14.0,636.0
317,2011-04-10,3.0479851851851847,4.2857144488501175,60.00008209876514,0.857175,1.090945360824742,1.3333435373889353,1.9999996464657803,2011.0,15.0,400.0
318,2011-04-17,2.6669870370370368,3.5714287073750985,58.000079362139644,0.7143125,1.090945360824742,1.3333435373889353,1.9999996464657803,2011.0,16.0,205.0
319,2011-04-24,2.476487962962963,3.5714287073750985,54.00007388888864,0.7143125,1.090945360824742,1.3333435373889353,1.499999734849335,2011.0,17.0,133.0
320,2011-05-01,2.6669870370370368,3.5714287073750985,54.00007388888864,0.7143125,0.9091211340206184,0.6666717686944676,2.499999558082225,2011.0,18.0,69.0
321,2011-05-08,2.0954898148148144,2.8571429659000795,54.00007388888864,0.7143125,0.9091211340206184,0.6666717686944676,1.9999996464657803,2011.0,19.0,36.0
322,2011-05-15,2.0954898148148144,2.8571429659000795,52.00007115226314,0.7143125,0.9091211340206184,0.6666717686944676,1.499999734849335,2011.0,20.0,26.0
323,2011-05-22,1.9049907407407405,2.8571429659000795,48.00006567901214,0.57145,0.9091211340206184,0.6666717686944676,1.9999996464657803,2011.0,21.0,18.0
324,2011-05-29,1.9049907407407405,2.1428572244250588,50.000068415637614,0.57145,0.9091211340206184,0.6666717686944676,1.9999996464657803,2011.0,22.0,13.0
325,2011-06-05,1.5239925925925923,2.1428572244250588,46.000062942386606,0.57145,0.9091211340206184,0.6666717686944676,1.499999734849335,2011.0,23.0,6.0
326,2011-06-12,1.3334935185185184,2.1428572244250588,44.00006020576111,0.57145,0.7272969072164948,0.6666717686944676,0.0,2011.0,24.0,9.0
327,2011-06-19,1.3334935185185184,2.1428572244250588,40.0000547325101,0.4285875,0.7272969072164948,0.6666717686944676,0.0,2011.0,25.0,5.0
328,2011-06-26,1.5239925925925923,2.1428572244250588,40.0000547325101,0.4285875,0.7272969072164948,0.6666717686944676,0.0,2011.0,26.0,4.0
329,2011-07-03,1.3334935185185184,2.1428572244250588,40.0000547325101,0.4285875,0.7272969072164948,0.6666717686944676,1.499999734849335,2011.0,27.0,5.0
330,2011-07-10,1.5239925925925923,2.1428572244250588,40.0000547325101,0.4285875,0.5454726804123711,0.6666717686944676,0.4999999116164451,2011.0,28.0,9.0
331,2011-07-17,1.1429944444444442,2.1428572244250588,38.0000519958846,0.4285875,0.7272969072164948,0.6666717686944676,1.9999996464657803,2011.0,29.0,10.0
332,2011-07-24,1.7144916666666663,2.1428572244250588,38.0000519958846,0.4285875,0.5454726804123711,1.3333435373889353,0.9999998232328902,2011.0,30.0,4.0
333,2011-07-31,1.3334935185185184,2.1428572244250588,36.00004925925909,0.4285875,0.5454726804123711,1.3333435373889353,0.9999998232328902,2011.0,31.0,11.0
334,2011-08-07,1.3334935185185184,2.1428572244250588,38.0000519958846,0.4285875,0.5454726804123711,2.0000153060834025,0.9999998232328902,2011.0,32.0,13.0
335,2011-08-14,1.5239925925925923,2.8571429659000795,42.00005746913561,0.57145,0.7272969072164948,2.6666870747778706,1.9999996464657803,2011.0,33.0,16.0
336,2011-08-21,1.7144916666666663,3.5714287073750985,44.00006020576111,0.7143125,0.7272969072164948,3.333358843472338,0.4999999116164451,2011.0,34.0,17.0
337,2011-08-28,2.0954898148148144,4.2857144488501175,48.00006567901214,0.857175,0.9091211340206184,5.333374149555741,1.499999734849335,2011.0,35.0,15.0
338,2011-09-04,2.2859888888888884,5.714285931800159,58.000079362139644,1.1429,1.090945360824742,8.00006122433361,1.9999996464657803,2011.0,36.0,13.0
339,2011-09-11,2.857486111111111,7.142857414750197,68.00009304526715,1.5714875,1.2727695876288658,12.666763605194886,4.499999204548005,2011.0,37.0,21.0
340,2011-09-18,3.428983333333333,9.285714639175255,74.00010125514369,1.8572125,1.6364180412371134,16.00012244866722,2.99999946969867,2011.0,38.0,21.0
341,2011-09-25,3.6194824074074066,10.00000038065028,72.00009851851819,2.000075,1.6364180412371134,18.000137754750625,2.99999946969867,2011.0,39.0,35.0
342,2011-10-02,3.6194824074074066,12.14285760507534,78.00010672839468,2.4286625,2.0000664948453606,23.33351190430637,3.499999381315115,2011.0,40.0,33.0
343,2011-10-09,3.428983333333333,11.428571863600318,70.00009578189267,2.4286625,1.8182422680412367,23.33351190430637,5.499999027780894,2011.0,41.0,19.0
344,2011-10-16,3.6194824074074066,11.428571863600318,76.0001039917692,2.2858,2.1818907216494843,21.333496598222965,3.499999381315115,2011.0,42.0,28.0
345,2011-10-23,3.428983333333333,10.714286122125296,76.0001039917692,2.2858,2.0000664948453606,20.000153060834027,2.99999946969867,2011.0,43.0,44.0
346,2011-10-30,3.428983333333333,9.285714639175255,84.00011493827121,1.8572125,2.0000664948453606,14.00010714258382,2.99999946969867,2011.0,44.0,39.0
347,2011-11-06,3.428983333333333,8.571428897700237,84.00011493827121,1.71435,2.0000664948453606,12.000091836500413,2.99999946969867,2011.0,45.0,49.0
348,2011-11-13,3.428983333333333,7.857143156225217,88.00012041152222,1.71435,2.1818907216494843,10.000076530417012,5.499999027780894,2011.0,46.0,44.0
349,2011-11-20,2.6669870370370368,6.4285716732751785,78.00010672839468,1.428625,1.8182422680412367,6.666717686944676,2.99999946969867,2011.0,47.0,75.0
350,2011-11-27,3.428983333333333,7.142857414750197,86.0001176748967,1.5714875,2.1818907216494843,7.333389455639143,3.499999381315115,2011.0,48.0,72.0
351,2011-12-04,3.0479851851851847,6.4285716732751785,88.00012041152222,1.428625,2.1818907216494843,6.000045918250207,4.499999204548005,2011.0,49.0,108.0
352,2011-12-11,2.476487962962963,6.4285716732751785,92.00012588477324,1.428625,2.1818907216494843,5.333374149555741,4.499999204548005,2011.0,50.0,133.0
353,2011-12-18,2.0954898148148144,5.714285931800159,96.00013135802423,1.5714875,2.1818907216494843,4.000030612166805,3.9999992929315606,2011.0,51.0,197.0
354,2011-12-25,1.7144916666666663,6.4285716732751785,108.00014777777729,1.5714875,2.727363402061856,3.333358843472338,3.9999992929315606,2011.0,52.0,182.0
355,2012-01-01,2.6669870370370368,6.4285716732751785,108.00014777777729,1.5714875,2.545539175257732,4.000030612166805,2.99999946969867,2012.0,1.0,183.0
356,2012-01-08,2.6669870370370368,5.714285931800159,92.00012588477324,1.428625,2.1818907216494843,4.000030612166805,3.9999992929315606,2012.0,2.0,235.0
357,2012-01-15,2.476487962962963,5.714285931800159,94.00012862139872,1.428625,2.1818907216494843,3.333358843472338,4.499999204548005,2012.0,3.0,320.0
358,2012-01-22,3.0479851851851847,5.714285931800159,90.00012314814772,1.428625,2.1818907216494843,3.333358843472338,2.99999946969867,2012.0,4.0,473.0
359,2012-01-29,3.428983333333333,5.714285931800159,92.00012588477324,1.428625,2.1818907216494843,2.6666870747778706,3.9999992929315606,2012.0,5.0,680.0
360,2012-02-05,3.8099814814814814,5.714285931800159,92.00012588477324,1.2857625,2.363714948453608,2.0000153060834025,3.499999381315115,2012.0,6.0,809.0
361,2012-02-12,4.190979629629629,7.142857414750197,96.00013135802423,1.5714875,2.545539175257732,2.0000153060834025,4.99999911616445,2012.0,7.0,1083.0
362,2012-02-19,4.190979629629629,7.142857414750197,94.00012862139872,1.5714875,2.545539175257732,2.0000153060834025,3.499999381315115,2012.0,8.0,1443.0
363,2012-02-26,4.381478703703704,7.142857414750197,88.00012041152222,1.5714875,2.363714948453608,2.0000153060834025,4.99999911616445,2012.0,9.0,2021.0
364,2012-03-04,4.952975925925926,7.142857414750197,84.00011493827121,1.428625,2.545539175257732,2.0000153060834025,4.499999204548005,2012.0,10.0,2384.0
365,2012-03-11,4.762476851851852,6.4285716732751785,76.0001039917692,1.428625,2.363714948453608,2.0000153060834025,3.499999381315115,2012.0,11.0,2710.0
366,2012-03-18,4.000480555555555,5.714285931800159,64.00008757201616,1.1429,2.0000664948453606,2.0000153060834025,2.99999946969867,2012.0,12.0,2195.0
367,2012-03-25,4.000480555555555,5.00000019032514,62.000084835390645,1.0000375,1.6364180412371134,1.3333435373889353,1.9999996464657803,2012.0,13.0,1606.0
368,2012-04-01,3.0479851851851847,5.00000019032514,62.000084835390645,1.0000375,1.4545938144329895,0.6666717686944676,1.9999996464657803,2012.0,14.0,1478.0
369,2012-04-08,3.2384842592592586,4.2857144488501175,66.00009030864166,1.0000375,1.6364180412371134,1.3333435373889353,3.499999381315115,2012.0,15.0,1289.0
370,2012-04-15,3.0479851851851847,4.2857144488501175,60.00008209876514,0.857175,1.2727695876288658,0.6666717686944676,1.499999734849335,2012.0,16.0,1174.0
371,2012-04-22,3.0479851851851847,3.5714287073750985,60.00008209876514,0.857175,1.2727695876288658,1.3333435373889353,1.9999996464657803,2012.0,17.0,860.0
372,2012-04-29,2.857486111111111,3.5714287073750985,56.00007662551415,0.7143125,1.090945360824742,0.6666717686944676,0.9999998232328902,2012.0,18.0,723.0
373,2012-05-06,2.6669870370370368,3.5714287073750985,54.00007388888864,0.7143125,1.090945360824742,0.6666717686944676,2.499999558082225,2012.0,19.0,616.0
374,2012-05-13,2.2859888888888884,3.5714287073750985,54.00007388888864,0.7143125,1.2727695876288658,0.6666717686944676,1.499999734849335,2012.0,20.0,508.0
375,2012-05-20,2.476487962962963,3.5714287073750985,50.000068415637614,0.7143125,1.090945360824742,0.6666717686944676,0.9999998232328902,2012.0,21.0,416.0
376,2012-05-27,1.7144916666666663,2.8571429659000795,50.000068415637614,0.57145,1.090945360824742,0.6666717686944676,3.499999381315115,2012.0,22.0,365.0
377,2012-06-03,1.9049907407407405,2.8571429659000795,50.000068415637614,0.57145,0.9091211340206184,0.6666717686944676,1.9999996464657803,2012.0,23.0,293.0
378,2012-06-10,1.5239925925925923,2.8571429659000795,46.000062942386606,0.7143125,0.9091211340206184,0.6666717686944676,0.9999998232328902,2012.0,24.0,289.0
379,2012-06-17,1.5239925925925923,2.8571429659000795,48.00006567901214,0.57145,0.7272969072164948,0.6666717686944676,0.9999998232328902,2012.0,25.0,171.0
380,2012-06-24,1.1429944444444442,2.1428572244250588,44.00006020576111,0.57145,0.7272969072164948,0.6666717686944676,1.9999996464657803,2012.0,26.0,152.0
381,2012-07-01,1.3334935185185184,2.1428572244250588,46.000062942386606,0.57145,0.7272969072164948,0.6666717686944676,1.9999996464657803,2012.0,27.0,93.0
382,2012-07-08,1.3334935185185184,2.1428572244250588,42.00005746913561,0.57145,0.7272969072164948,0.6666717686944676,1.499999734849335,2012.0,28.0,94.0
383,2012-07-15,1.5239925925925923,2.1428572244250588,42.00005746913561,0.4285875,0.7272969072164948,0.6666717686944676,0.9999998232328902,2012.0,29.0,77.0
384,2012-07-22,1.3334935185185184,2.1428572244250588,44.00006020576111,0.57145,0.9091211340206184,0.6666717686944676,1.9999996464657803,2012.0,30.0,105.0
385,2012-07-29,1.3334935185185184,2.8571429659000795,46.000062942386606,0.7143125,0.9091211340206184,1.3333435373889353,1.9999996464657803,2012.0,31.0,205.0
386,2012-08-05,1.5239925925925923,2.8571429659000795,46.000062942386606,0.7143125,1.090945360824742,2.0000153060834025,0.9999998232328902,2012.0,32.0,173.0
387,2012-08-12,1.7144916666666663,2.8571429659000795,48.00006567901214,0.7143125,1.090945360824742,2.6666870747778706,0.9999998232328902,2012.0,33.0,168.0
388,2012-08-19,2.0954898148148144,3.5714287073750985,56.00007662551415,0.857175,1.2727695876288658,4.000030612166805,2.499999558082225,2012.0,34.0,113.0
389,2012-08-26,2.0954898148148144,4.2857144488501175,58.000079362139644,1.0000375,1.4545938144329895,4.666702380861273,1.9999996464657803,2012.0,35.0,84.0
390,2012-09-02,2.476487962962963,5.714285931800159,68.00009304526715,1.1429,1.4545938144329895,6.666717686944676,2.499999558082225,2012.0,36.0,89.0
391,2012-09-09,3.0479851851851847,7.142857414750197,76.0001039917692,1.428625,1.6364180412371134,11.333420067805948,3.499999381315115,2012.0,37.0,73.0
392,2012-09-16,3.0479851851851847,8.571428897700237,84.00011493827121,1.71435,1.8182422680412367,14.666778911278286,2.499999558082225,2012.0,38.0,108.0
393,2012-09-23,3.428983333333333,10.00000038065028,88.00012041152222,2.000075,1.8182422680412367,18.666809523445085,3.9999992929315606,2012.0,39.0,131.0
394,2012-09-30,3.8099814814814814,12.14285760507534,82.00011220164569,2.4286625,2.0000664948453606,23.33351190430637,4.99999911616445,2012.0,40.0,171.0
395,2012-10-07,3.2384842592592586,12.14285760507534,88.00012041152222,2.4286625,2.1818907216494843,23.33351190430637,2.99999946969867,2012.0,41.0,193.0
396,2012-10-14,3.428983333333333,11.428571863600318,80.0001094650202,2.2858,2.363714948453608,20.66682482952849,3.499999381315115,2012.0,42.0,305.0
397,2012-10-21,3.428983333333333,10.714286122125296,78.00010672839468,2.1429375,2.363714948453608,18.666809523445085,3.9999992929315606,2012.0,43.0,348.0
398,2012-10-28,3.0479851851851847,9.285714639175255,84.00011493827121,1.8572125,2.1818907216494843,13.333435373889351,4.499999204548005,2012.0,44.0,425.0
399,2012-11-04,3.6194824074074066,8.571428897700237,86.0001176748967,1.8572125,2.1818907216494843,12.000091836500413,3.499999381315115,2012.0,45.0,629.0
400,2012-11-11,4.000480555555555,10.00000038065028,92.00012588477324,2.000075,2.545539175257732,12.000091836500413,3.9999992929315606,2012.0,46.0,898.0
401,2012-11-18,2.857486111111111,8.571428897700237,88.00012041152222,1.8572125,2.545539175257732,8.00006122433361,5.499999027780894,2012.0,47.0,1369.0
402,2012-11-25,4.571977777777778,10.714286122125296,108.00014777777729,2.2858,3.272836082474227,9.333404761722546,9.499998320712457,2012.0,48.0,2089.0
403,2012-12-02,6.476968518518517,16.428572053925453,104.00014230452628,3.2858375,4.545605670103091,16.00012244866722,11.99999787879468,2012.0,49.0,3522.0
404,2012-12-09,6.095970370370369,15.714286312450435,112.0001532510283,3.1429750000000003,4.90925412371134,12.000091836500413,9.499998320712457,2012.0,50.0,4797.0
405,2012-12-16,7.429463888888887,15.714286312450435,130.00017788065782,3.2858375,5.636551030927834,8.666732993028079,16.499997083342688,2012.0,51.0,6331.0
406,2012-12-23,7.619962962962963,18.571429278350514,166.0002271399169,3.8572875,6.909320618556699,7.333389455639143,16.499997083342688,2012.0,52.0,6870.0
407,2012-12-30,9.715452777777775,25.00000095162569,182.00024903292092,5.0001875,8.000265979381442,13.333435373889351,17.99999681819202,2013.0,1.0,6944.0
408,2013-01-06,19.049907407407407,71.42857414750199,200.00027366255046,14.28625,18.182422680412373,66.66717686944675,49.999991161644495,2013.0,2.0,7602.0
409,2013-01-13,15.049426851851852,55.71428783505154,184.00025176954642,11.0004125,17.63695,46.667023808612726,38.99999310608271,2013.0,3.0,6393.0
410,2013-01-20,10.858447222222221,30.71428688342585,166.0002271399169,6.1430875,11.273102061855669,16.00012244866722,16.499997083342688,2013.0,4.0,5521.0
411,2013-01-27,8.953456481481481,20.71428650277558,134.00018335390885,4.285875,8.182090206185567,8.00006122433361,12.499997790411124,2013.0,5.0,4304.0
412,2013-02-03,7.048465740740742,15.714286312450435,120.00016419753028,3.1429750000000003,6.1820237113402055,5.333374149555741,11.499997967178235,2013.0,6.0,3294.0
413,2013-02-10,6.095970370370369,12.14285760507534,104.00014230452628,2.4286625,4.3637814432989686,3.333358843472338,5.99999893939734,2013.0,7.0,2650.0
414,2013-02-17,5.3339740740740735,11.428571863600318,114.00015598765377,2.2858,4.181957216494845,3.333358843472338,7.99999858586312,2013.0,8.0,2275.0
415,2013-02-24,4.952975925925926,10.00000038065028,98.00013409464974,2.000075,3.4546603092783497,2.6666870747778706,5.499999027780894,2013.0,9.0,1967.0
416,2013-03-03,4.762476851851852,8.571428897700237,98.00013409464974,2.000075,3.272836082474227,2.0000153060834025,5.499999027780894,2013.0,10.0,1821.0
417,2013-03-10,4.381478703703704,7.857143156225217,88.00012041152222,1.71435,2.9091876288659786,2.0000153060834025,3.9999992929315606,2013.0,11.0,1617.0
418,2013-03-17,4.190979629629629,7.857143156225217,86.0001176748967,1.5714875,2.727363402061856,2.0000153060834025,4.499999204548005,2013.0,12.0,1376.0
419,2013-03-24,3.428983333333333,6.4285716732751785,84.00011493827121,1.428625,2.363714948453608,1.3333435373889353,4.99999911616445,2013.0,13.0,1116.0
420,2013-03-31,3.6194824074074066,6.4285716732751785,76.0001039917692,1.5714875,2.1818907216494843,1.3333435373889353,4.499999204548005,2013.0,14.0,945.0
421,2013-04-07,3.6194824074074066,5.714285931800159,68.00009304526715,1.428625,1.8182422680412367,1.3333435373889353,3.499999381315115,2013.0,15.0,671.0
422,2013-04-14,2.857486111111111,5.00000019032514,64.00008757201616,1.2857625,1.4545938144329895,1.3333435373889353,3.9999992929315606,2013.0,16.0,488.0
423,2013-04-21,3.0479851851851847,5.00000019032514,66.00009030864166,1.1429,1.4545938144329895,1.3333435373889353,2.99999946969867,2013.0,17.0,391.0
424,2013-04-28,2.857486111111111,4.2857144488501175,64.00008757201616,1.0000375,1.2727695876288658,1.3333435373889353,2.499999558082225,2013.0,18.0,324.0
425,2013-05-05,2.476487962962963,3.5714287073750985,62.000084835390645,0.857175,1.090945360824742,1.3333435373889353,1.499999734849335,2013.0,19.0,242.0
426,2013-05-12,2.0954898148148144,3.5714287073750985,60.00008209876514,0.7143125,1.090945360824742,1.3333435373889353,1.9999996464657803,2013.0,20.0,183.0
427,2013-05-19,1.9049907407407405,2.8571429659000795,54.00007388888864,0.7143125,0.9091211340206184,1.3333435373889353,1.499999734849335,2013.0,21.0,179.0
428,2013-05-26,1.7144916666666663,2.8571429659000795,56.00007662551415,0.7143125,0.9091211340206184,0.6666717686944676,1.9999996464657803,2013.0,22.0,151.0
429,2013-06-02,1.7144916666666663,2.8571429659000795,52.00007115226314,0.57145,0.7272969072164948,0.6666717686944676,0.9999998232328902,2013.0,23.0,138.0
430,2013-06-09,1.5239925925925923,2.8571429659000795,48.00006567901214,0.57145,0.7272969072164948,1.3333435373889353,0.9999998232328902,2013.0,24.0,128.0
431,2013-06-16,1.3334935185185184,2.1428572244250588,50.000068415637614,0.57145,0.7272969072164948,1.3333435373889353,0.9999998232328902,2013.0,25.0,129.0
432,2013-06-23,1.3334935185185184,2.1428572244250588,46.000062942386606,0.57145,0.7272969072164948,0.6666717686944676,1.499999734849335,2013.0,26.0,97.0
433,2013-06-30,1.1429944444444442,2.1428572244250588,44.00006020576111,0.57145,0.7272969072164948,0.6666717686944676,0.9999998232328902,2013.0,27.0,84.0
434,2013-07-07,1.3334935185185184,2.1428572244250588,44.00006020576111,0.4285875,0.7272969072164948,0.6666717686944676,0.4999999116164451,2013.0,28.0,100.0
435,2013-07-14,1.3334935185185184,2.1428572244250588,42.00005746913561,0.4285875,0.7272969072164948,0.6666717686944676,0.9999998232328902,2013.0,29.0,74.0
436,2013-07-21,1.3334935185185184,2.8571429659000795,46.000062942386606,0.57145,0.7272969072164948,1.3333435373889353,0.9999998232328902,2013.0,30.0,68.0
437,2013-07-28,1.3334935185185184,2.1428572244250588,48.00006567901214,0.57145,0.9091211340206184,1.3333435373889353,0.9999998232328902,2013.0,31.0,89.0
438,2013-08-04,1.3334935185185184,2.1428572244250588,50.000068415637614,0.57145,0.7272969072164948,1.3333435373889353,0.9999998232328902,2013.0,32.0,78.0
439,2013-08-11,1.7144916666666663,2.8571429659000795,54.00007388888864,0.57145,0.7272969072164948,2.0000153060834025,1.499999734849335,2013.0,33.0,64.0
440,2013-08-18,1.7144916666666663,2.8571429659000795,54.00007388888864,0.7143125,0.7272969072164948,2.6666870747778706,0.9999998232328902,2013.0,34.0,60.0
441,2013-08-25,2.0954898148148144,3.5714287073750985,60.00008209876514,0.857175,0.9091211340206184,4.000030612166805,1.9999996464657803,2013.0,35.0,123.0
442,2013-09-01,2.476487962962963,5.714285931800159,68.00009304526715,1.1429,1.090945360824742,8.00006122433361,1.9999996464657803,2013.0,36.0,115.0
443,2013-09-08,3.0479851851851847,7.142857414750197,72.00009851851819,1.428625,1.2727695876288658,12.000091836500413,2.99999946969867,2013.0,37.0,122.0
444,2013-09-15,3.2384842592592586,9.285714639175255,84.00011493827121,1.8572125,1.4545938144329895,16.666794217361687,3.9999992929315606,2013.0,38.0,124.0
445,2013-09-22,3.8099814814814814,12.14285760507534,90.00012314814772,2.4286625,1.6364180412371134,22.666840135611896,3.499999381315115,2013.0,39.0,188.0
446,2013-09-29,3.6194824074074066,13.571429088025374,82.00011220164569,2.7143875,1.8182422680412367,28.00021428516764,5.499999027780894,2013.0,40.0,194.0
447,2013-10-06,3.6194824074074066,13.571429088025374,80.0001094650202,2.85725,1.8182422680412367,28.00021428516764,4.99999911616445,2013.0,41.0,229.0
448,2013-10-13,3.8099814814814814,13.571429088025374,82.00011220164569,2.7143875,2.0000664948453606,26.000198979084235,4.499999204548005,2013.0,42.0,185.0
449,2013-10-20,4.000480555555555,13.571429088025374,94.00012862139872,2.7143875,2.1818907216494843,24.6668554416953,4.99999911616445,2013.0,43.0,208.0
450,2013-10-27,3.8099814814814814,11.428571863600318,86.0001176748967,2.4286625,2.1818907216494843,20.66682482952849,4.499999204548005,2013.0,44.0,293.0
451,2013-11-03,3.8099814814814814,11.428571863600318,96.00013135802423,2.2858,2.1818907216494843,18.000137754750625,5.499999027780894,2013.0,45.0,400.0
452,2013-11-10,3.8099814814814814,10.714286122125296,104.00014230452628,2.2858,2.363714948453608,14.666778911278286,6.499998851013785,2013.0,46.0,518.0
453,2013-11-17,3.8099814814814814,9.285714639175255,96.00013135802423,2.000075,2.1818907216494843,12.000091836500413,5.499999027780894,2013.0,47.0,717.0
454,2013-11-24,2.6669870370370368,8.571428897700237,106.00014504115177,1.8572125,2.1818907216494843,9.333404761722546,3.499999381315115,2013.0,48.0,898.0
455,2013-12-01,4.000480555555555,9.285714639175255,104.00014230452628,2.000075,2.727363402061856,8.00006122433361,5.499999027780894,2013.0,49.0,1719.0
456,2013-12-08,4.381478703703704,10.00000038065028,114.00015598765377,2.1429375,2.9091876288659786,8.00006122433361,5.99999893939734,2013.0,50.0,2253.0
457,2013-12-15,5.3339740740740735,12.14285760507534,118.00016146090479,2.85725,4.000132989690721,8.00006122433361,8.99999840909601,2013.0,51.0,3955.0
458,2013-12-22,6.095970370370369,16.428572053925453,136.0001860905343,3.714425,6.000199484536082,8.00006122433361,14.499997436876905,2013.0,52.0,4893.0
459,2013-12-29,8.00096111111111,22.85714372720064,170.00023261316792,4.857325,7.272969072164947,16.00012244866722,13.499997613644018,2014.0,1.0,5187.0
460,2014-01-05,9.334454629629631,29.285715400475816,170.00023261316792,6.4288125,8.36391443298969,28.00021428516764,15.999997171726244,2014.0,2.0,5057.0
461,2014-01-12,9.334454629629631,27.142858176050755,128.00017514403228,5.7145,8.000265979381442,22.666840135611896,17.99999681819202,2014.0,3.0,4680.0
462,2014-01-19,8.381959259259258,21.428572244250603,144.00019703703637,4.5716,6.909320618556699,14.666778911278286,12.499997790411124,2014.0,4.0,4002.0
463,2014-01-26,7.429463888888887,17.857143536875498,138.00018882715983,3.714425,5.636551030927834,10.000076530417012,12.99999770202757,2014.0,5.0,2990.0
464,2014-02-02,5.9054712962962945,12.857143346550355,118.00016146090479,2.7143875,4.3637814432989686,6.000045918250207,6.499998851013785,2014.0,6.0,2477.0
465,2014-02-09,5.143475,10.00000038065028,110.00015051440278,2.1429375,3.272836082474227,4.666702380861273,6.99999876263023,2014.0,7.0,1951.0
466,2014-02-16,4.571977777777778,9.285714639175255,104.00014230452628,2.000075,3.0910118556701027,3.333358843472338,7.499998674246675,2014.0,8.0,1518.0
467,2014-02-23,4.190979629629629,7.857143156225217,100.00013683127523,1.71435,2.727363402061856,3.333358843472338,4.499999204548005,2014.0,9.0,1218.0
468,2014-03-02,3.8099814814814814,7.142857414750197,96.00013135802423,1.5714875,2.363714948453608,2.6666870747778706,3.9999992929315606,2014.0,10.0,1023.0
469,2014-03-09,3.428983333333333,6.4285716732751785,88.00012041152222,1.428625,2.0000664948453606,2.0000153060834025,3.499999381315115,2014.0,11.0,986.0
470,2014-03-16,3.2384842592592586,5.714285931800159,86.0001176748967,1.2857625,2.0000664948453606,2.0000153060834025,3.9999992929315606,2014.0,12.0,1030.0
471,2014-03-23,3.2384842592592586,5.714285931800159,86.0001176748967,1.2857625,2.0000664948453606,2.0000153060834025,4.499999204548005,2014.0,13.0,1053.0
472,2014-03-30,3.428983333333333,5.714285931800159,78.00010672839468,1.2857625,1.8182422680412367,2.0000153060834025,4.499999204548005,2014.0,14.0,1093.0
473,2014-04-06,3.8099814814814814,5.714285931800159,76.0001039917692,1.2857625,1.8182422680412367,2.0000153060834025,1.9999996464657803,2014.0,15.0,1074.0
474,2014-04-13,3.0479851851851847,5.00000019032514,70.00009578189267,1.1429,1.4545938144329895,1.3333435373889353,0.9999998232328902,2014.0,16.0,912.0
475,2014-04-20,3.2384842592592586,5.00000019032514,70.00009578189267,1.1429,1.6364180412371134,1.3333435373889353,2.99999946969867,2014.0,17.0,824.0
476,2014-04-27,3.2384842592592586,4.2857144488501175,68.00009304526715,1.0000375,1.4545938144329895,1.3333435373889353,2.499999558082225,2014.0,18.0,742.0
477,2014-05-04,3.0479851851851847,4.2857144488501175,64.00008757201616,0.857175,1.2727695876288658,1.3333435373889353,1.9999996464657803,2014.0,19.0,597.0
478,2014-05-11,2.6669870370370368,3.5714287073750985,64.00008757201616,0.857175,1.090945360824742,1.3333435373889353,3.9999992929315606,2014.0,20.0,551.0
479,2014-05-18,2.476487962962963,3.5714287073750985,62.000084835390645,0.7143125,1.090945360824742,1.3333435373889353,1.9999996464657803,2014.0,21.0,407.0
480,2014-05-25,1.9049907407407405,3.5714287073750985,58.000079362139644,0.7143125,0.9091211340206184,0.6666717686944676,1.9999996464657803,2014.0,22.0,423.0
481,2014-06-01,1.7144916666666663,3.5714287073750985,56.00007662551415,0.7143125,0.9091211340206184,1.3333435373889353,1.499999734849335,2014.0,23.0,311.0
482,2014-06-08,1.5239925925925923,2.8571429659000795,52.00007115226314,0.57145,0.9091211340206184,1.3333435373889353,0.9999998232328902,2014.0,24.0,294.0
483,2014-06-15,1.5239925925925923,2.8571429659000795,52.00007115226314,0.57145,0.7272969072164948,0.6666717686944676,1.499999734849335,2014.0,25.0,228.0
484,2014-06-22,1.3334935185185184,2.8571429659000795,48.00006567901214,0.57145,0.7272969072164948,0.6666717686944676,1.499999734849335,2014.0,26.0,174.0
485,2014-06-29,1.5239925925925923,2.8571429659000795,50.000068415637614,0.57145,0.7272969072164948,0.6666717686944676,1.499999734849335,2014.0,27.0,158.0
486,2014-07-06,1.5239925925925923,2.8571429659000795,48.00006567901214,0.7143125,0.7272969072164948,1.3333435373889353,1.499999734849335,2014.0,28.0,153.0
487,2014-07-13,1.5239925925925923,2.8571429659000795,48.00006567901214,0.57145,0.5454726804123711,0.6666717686944676,1.499999734849335,2014.0,29.0,121.0
488,2014-07-20,1.3334935185185184,2.8571429659000795,48.00006567901214,0.57145,0.7272969072164948,1.3333435373889353,0.9999998232328902,2014.0,30.0,117.0
489,2014-07-27,1.5239925925925923,2.8571429659000795,50.000068415637614,0.57145,0.7272969072164948,1.3333435373889353,1.499999734849335,2014.0,31.0,107.0
490,2014-08-03,1.7144916666666663,2.8571429659000795,52.00007115226314,0.7143125,0.7272969072164948,2.0000153060834025,1.499999734849335,2014.0,32.0,88.0
491,2014-08-10,1.5239925925925923,2.8571429659000795,54.00007388888864,0.7143125,0.7272969072164948,2.0000153060834025,1.499999734849335,2014.0,33.0,112.0
492,2014-08-17,1.9049907407407405,3.5714287073750985,60.00008209876514,0.7143125,0.7272969072164948,3.333358843472338,1.9999996464657803,2014.0,34.0,110.0
493,2014-08-24,2.0954898148148144,4.2857144488501175,64.00008757201616,0.857175,0.9091211340206184,4.666702380861273,2.499999558082225,2014.0,35.0,136.0
494,2014-08-31,2.476487962962963,5.00000019032514,70.00009578189267,1.0000375,0.9091211340206184,6.666717686944676,1.499999734849335,2014.0,36.0,117.0
495,2014-09-07,2.857486111111111,7.857143156225217,86.0001176748967,1.5714875,1.090945360824742,11.333420067805948,2.99999946969867,2014.0,37.0,131.0
496,2014-09-14,3.2384842592592586,9.285714639175255,94.00012862139872,2.000075,1.4545938144329895,16.00012244866722,2.99999946969867,2014.0,38.0,171.0
497,2014-09-21,3.8099814814814814,11.428571863600318,92.00012588477324,2.2858,1.4545938144329895,22.00016836691743,5.499999027780894,2014.0,39.0,204.0
498,2014-09-28,4.381478703703704,15.000000570975413,86.0001176748967,3.0001125,1.8182422680412367,27.333542516473173,7.99999858586312,2014.0,40.0,309.0
499,2014-10-05,5.143475,17.142857795400474,94.00012862139872,3.5715625,2.363714948453608,34.000260203417845,7.499998674246675,2014.0,41.0,439.0
500,2014-10-12,6.095970370370369,20.00000076130056,88.00012041152222,4.1430125,2.727363402061856,36.66694727819571,7.499998674246675,2014.0,42.0,584.0
501,2014-10-19,5.524473148148148,17.857143536875498,86.0001176748967,3.5715625,2.545539175257732,33.333588434723374,7.499998674246675,2014.0,43.0,544.0
502,2014-10-26,4.571977777777778,14.285714829500394,92.00012588477324,2.85725,2.1818907216494843,24.000183673000837,6.99999876263023,2014.0,44.0,727.0
503,2014-11-02,4.190979629629629,12.857143346550355,100.00013683127523,2.5715250000000003,2.363714948453608,21.333496598222965,4.499999204548005,2014.0,45.0,1156.0
504,2014-11-09,4.381478703703704,11.428571863600318,112.0001532510283,2.2858,2.363714948453608,16.00012244866722,5.499999027780894,2014.0,46.0,1417.0
505,2014-11-16,4.190979629629629,10.714286122125296,116.00015872427929,2.1429375,2.545539175257732,13.333435373889351,6.499998851013785,2014.0,47.0,2403.0
506,2014-11-23,3.8099814814814814,9.285714639175255,100.00013683127523,2.000075,2.545539175257732,8.666732993028079,5.99999893939734,2014.0,48.0,3624.0
507,2014-11-30,6.286469444444443,13.571429088025374,110.00015051440278,2.7143875,3.6364845360824734,12.666763605194886,7.99999858586312,2014.0,49.0,5330.0
508,2014-12-07,8.953456481481481,16.428572053925453,120.00016419753028,3.2858375,4.545605670103091,12.000091836500413,10.499998143945346,2014.0,50.0,8191.0
509,2014-12-14,12.572938888888887,22.142857985725612,144.00019703703637,4.285875,7.272969072164947,9.333404761722546,18.99999664142491,2014.0,51.0,11470.0
510,2014-12-21,12.953937037037035,26.42857243457573,164.00022440329138,5.1430500000000015,9.454859793814432,7.333389455639143,15.499997260109794,2014.0,52.0,13798.0
511,2014-12-28,14.287430555555556,30.000001141950836,196.00026818929948,5.8573625,10.182156701030928,8.666732993028079,10.499998143945346,2014.0,53.0,11374.0
512,2015-01-04,11.810942592592589,25.714286693100714,180.00024629629544,5.0001875,8.727562886597937,8.666732993028079,14.499997436876905,2015.0,1.0,9246.0
513,2015-01-11,10.28695,21.428572244250603,142.00019430041084,4.00015,7.454793298969071,7.333389455639143,12.99999770202757,2015.0,2.0,8648.0
514,2015-01-18,9.334454629629631,19.28571501982553,134.00018335390885,3.714425,6.909320618556699,4.666702380861273,9.9999982323289,2015.0,3.0,7983.0
515,2015-01-25,8.381959259259258,16.428572053925453,130.00017788065782,3.1429750000000003,5.818375257731957,4.666702380861273,8.499998497479565,2015.0,4.0,6881.0
516,2015-02-01,7.048465740740742,13.571429088025374,120.00016419753028,2.7143875,4.90925412371134,4.000030612166805,8.99999840909601,2015.0,5.0,5622.0
517,2015-02-08,6.095970370370369,12.14285760507534,118.00016146090479,2.4286625,4.3637814432989686,3.333358843472338,8.499998497479565,2015.0,6.0,4197.0
518,2015-02-15,5.3339740740740735,10.714286122125296,130.00017788065782,2.4286625,4.000132989690721,2.6666870747778706,7.499998674246675,2015.0,7.0,3370.0
519,2015-02-22,5.143475,9.285714639175255,114.00015598765377,2.1429375,3.4546603092783497,2.6666870747778706,5.499999027780894,2015.0,8.0,2839.0
520,2015-03-01,5.143475,9.285714639175255,108.00014814814814,2.1429375,3.272836082474227,2.6666938775510203,6.000018181818183,2015.0,9.0,2689.0
521,2015-03-08,6.000720833333332,8.12500030927835,92.57155555555555,1.6667291666666668,2.9091876288659786,1.7777959183673466,4.2857272727272715,2015.0,10.0,2527.0
522,2015-03-15,6.000720833333332,6.964285979381443,77.14296296296295,1.428625,2.1818907216494843,0.8888979591836733,4.2857272727272715,2015.0,11.0,2209.0
523,2015-03-22,5.5720979166666655,5.803571649484537,82.28582716049381,1.1905208333333337,2.1818907216494843,0.8888979591836733,4.2857272727272715,2015.0,12.0,1910.0
524,2015-03-29,5.143475,5.803571649484537,66.85723456790123,0.9524166666666668,1.8182422680412367,0.8888979591836733,3.4285818181818186,2015.0,13.0,1668.0
525,2015-04-05,6.000720833333332,5.803571649484537,66.85723456790123,1.1905208333333337,1.8182422680412367,0.8888979591836733,4.2857272727272715,2015.0,14.0,1474.0
526,2015-04-12,5.5720979166666655,4.642857319587629,51.428641975308636,1.428625,1.8182422680412367,0.8888979591836733,2.5714363636363635,2015.0,15.0,1127.0
527,2015-04-19,4.286229166666667,3.4821429896907214,46.285777777777774,1.1905208333333337,1.4545938144329895,0.8888979591836733,3.4285818181818186,2015.0,16.0,773.0
528,2015-04-26,3.85760625,2.3214286597938143,41.142913580246905,0.7143125,1.090945360824742,0.0,2.5714363636363635,2015.0,17.0,610.0
529,2015-05-03,3.428983333333333,2.3214286597938143,30.857185185185184,0.4762083333333333,0.7272969072164948,0.0,2.5714363636363635,2015.0,18.0,527.0
530,2015-05-10,2.5717375,2.3214286597938143,25.714320987654318,0.4762083333333333,0.7272969072164948,0.0,2.5714363636363635,2015.0,19.0,384.0
531,2015-05-17,2.5717375,2.3214286597938143,30.857185185185184,0.4762083333333333,0.7272969072164948,0.0,1.7142909090909093,2015.0,20.0,308.0
532,2015-05-24,2.1431145833333334,1.1607143298969071,20.571456790123452,0.4762083333333333,0.7272969072164948,0.0,0.0,2015.0,21.0,226.0
533,2015-05-31,1.28586875,1.1607143298969071,15.428592592592592,0.2381041666666667,0.3636484536082474,0.0,1.7142909090909093,2015.0,22.0,194.0
534,2015-06-07,1.28586875,1.1607143298969071,15.428592592592592,0.2381041666666667,0.3636484536082474,0.0,0.8571454545454547,2015.0,23.0,178.0
535,2015-06-14,0.8572458333333333,0.0,5.142864197530863,0.0,0.0,0.0,0.8571454545454547,2015.0,24.0,152.0
536,2015-06-21,0.4286229166666666,0.0,0.0,0.0,0.0,0.0,0.0,2015.0,25.0,121.0
537,2015-06-28,0.4286229166666666,0.0,0.0,0.0,0.0,0.0,0.0,2015.0,26.0,129.0
538,2015-07-05,0.4286229166666666,0.0,0.0,0.0,0.0,0.0,0.8571454545454547,2015.0,27.0,99.0
539,2015-07-12,0.4286229166666666,0.0,0.0,0.0,0.0,0.0,0.0,2015.0,28.0,86.0
540,2015-07-19,0.4286229166666666,0.0,0.0,0.0,0.0,0.8888979591836733,0.8571454545454547,2015.0,29.0,73.0
541,2015-07-26,0.4286229166666666,0.0,5.142864197530863,0.0,0.0,0.8888979591836733,0.8571454545454547,2015.0,30.0,73.0
542,2015-08-02,0.4286229166666666,0.0,5.142864197530863,0.0,0.0,1.7777959183673466,0.8571454545454547,2015.0,31.0,93.0
543,2015-08-09,0.4286229166666666,1.1607143298969071,10.285728395061726,0.0,0.0,2.6666938775510203,0.0,2015.0,32.0,81.0
544,2015-08-16,0.8572458333333333,1.1607143298969071,15.428592592592592,0.2381041666666667,0.0,3.5555918367346933,0.8571454545454547,2015.0,33.0,98.0
545,2015-08-23,1.28586875,2.3214286597938143,25.714320987654318,0.2381041666666667,0.0,6.2222857142857135,0.8571454545454547,2015.0,34.0,100.0
546,2015-08-30,2.1431145833333334,3.4821429896907214,36.000049382716064,0.4762083333333333,0.3636484536082474,9.777877551020408,1.7142909090909093,2015.0,35.0,139.0
547,2015-09-06,2.1431145833333334,4.642857319587629,51.428641975308636,0.7143125,0.3636484536082474,12.444571428571427,0.8571454545454547,2015.0,36.0,148.0
548,2015-09-13,3.000360416666666,8.12500030927835,66.85723456790123,1.428625,0.7272969072164948,24.00024489795918,1.7142909090909093,2015.0,37.0,198.0
549,2015-09-20,3.428983333333333,10.446428969072166,82.28582716049381,1.9048333333333332,1.090945360824742,31.111428571428572,4.2857272727272715,2015.0,38.0,167.0
550,2015-09-27,4.286229166666667,13.928571958762886,82.28582716049381,2.619145833333333,1.4545938144329895,41.778204081632644,3.4285818181818186,2015.0,39.0,202.0
551,2015-10-04,4.286229166666667,19.732143608247426,87.42869135802471,3.5715625,1.8182422680412367,58.66726530612245,4.2857272727272715,2015.0,40.0,127.0
552,2015-10-11,4.286229166666667,17.41071494845361,87.42869135802471,3.3334583333333336,1.8182422680412367,51.55608163265306,5.142872727272726,2015.0,41.0,170.0
553,2015-10-18,3.85760625,17.41071494845361,87.42869135802471,3.3334583333333336,1.8182422680412367,52.44497959183674,4.2857272727272715,2015.0,42.0,149.0
554,2015-10-25,3.85760625,15.089286288659794,82.28582716049381,2.85725,1.8182422680412367,42.667102040816324,4.2857272727272715,2015.0,43.0,150.0
555,2015-11-01,3.85760625,12.76785762886598,87.42869135802471,2.619145833333333,1.8182422680412367,33.77812244897959,5.142872727272726,2015.0,44.0,165.0
556,2015-11-08,3.428983333333333,11.607143298969074,102.85728395061727,2.1429375,1.8182422680412367,26.6669387755102,4.2857272727272715,2015.0,45.0,208.0
557,2015-11-15,3.428983333333333,10.446428969072166,102.85728395061727,1.9048333333333332,1.8182422680412367,21.333551020408162,4.2857272727272715,2015.0,46.0,182.0
558,2015-11-22,1.7144916666666663,6.964285979381443,102.85728395061727,1.428625,1.4545938144329895,14.222367346938775,3.4285818181818186,2015.0,47.0,211.0
559,2015-11-29,3.85760625,9.285714639175255,123.42874074074074,1.6667291666666668,2.1818907216494843,13.3334693877551,4.2857272727272715,2015.0,48.0,226.0
560,2015-12-06,3.428983333333333,6.964285979381443,102.85728395061727,1.428625,2.1818907216494843,11.555673469387756,5.142872727272726,2015.0,49.0,246.0
561,2015-12-13,3.000360416666666,6.964285979381443,113.143012345679,1.428625,2.1818907216494843,9.777877551020408,3.4285818181818186,2015.0,50.0,436.0
562,2015-12-20,1.7144916666666663,6.964285979381443,133.71446913580246,1.6667291666666668,2.545539175257732,6.2222857142857135,6.857163636363637,2015.0,51.0,386.0
563,2015-12-27,2.5717375,8.12500030927835,185.1431111111111,1.6667291666666668,2.545539175257732,6.2222857142857135,3.4285818181818186,2015.0,52.0,464.0
564,2016-01-03,3.428983333333333,8.12500030927835,180.00024691358024,1.6667291666666668,2.545539175257732,6.2222857142857135,3.4285818181818186,2016.0,1.0,580.0
565,2016-01-10,3.428983333333333,6.964285979381443,138.85733333333332,1.428625,1.8182422680412367,5.3333877551020406,4.2857272727272715,2016.0,2.0,795.0
566,2016-01-17,3.428983333333333,6.964285979381443,154.2859259259259,1.6667291666666668,2.1818907216494843,4.4444897959183685,4.2857272727272715,2016.0,3.0,1031.0
567,2016-01-24,4.286229166666667,8.12500030927835,138.85733333333332,1.6667291666666668,2.1818907216494843,4.4444897959183685,4.2857272727272715,2016.0,4.0,1447.0
568,2016-01-31,5.143475,8.12500030927835,123.42874074074074,1.428625,2.1818907216494843,4.4444897959183685,4.2857272727272715,2016.0,5.0,2159.0
569,2016-02-07,6.000720833333332,9.285714639175255,154.2859259259259,1.6667291666666668,2.545539175257732,3.5555918367346933,6.857163636363637,2016.0,6.0,3129.0
570,2016-02-14,7.7152125,12.76785762886598,144.00019753086426,2.381041666666667,3.6364845360824734,4.4444897959183685,5.142872727272726,2016.0,7.0,4227.0
571,2016-02-21,9.858327083333332,15.089286288659794,118.28587654320988,2.619145833333333,4.3637814432989686,4.4444897959183685,5.142872727272726,2016.0,8.0,5686.0
572,2016-02-28,11.144195833333333,15.089286288659794,113.143012345679,2.85725,4.3637814432989686,3.5555918367346933,7.714309090909091,2016.0,9.0,7152.0
573,2016-03-06,12.001441666666668,16.2500006185567,102.85728395061727,3.095354166666666,4.727429896907216,3.5555918367346933,8.571454545454545,2016.0,10.0,8697.0
574,2016-03-13,9.858327083333332,12.76785762886598,92.57155555555555,2.381041666666667,4.000132989690721,2.6666938775510203,5.142872727272726,2016.0,11.0,6837.0
575,2016-03-20,8.143835416666665,10.446428969072166,92.57155555555555,2.1429375,3.272836082474227,2.6666938775510203,4.2857272727272715,2016.0,12.0,5571.0
576,2016-03-27,7.286589583333333,10.446428969072166,82.28582716049381,1.9048333333333332,2.9091876288659786,1.7777959183673466,5.142872727272726,2016.0,13.0,4479.0
577,2016-04-03,6.429343749999999,8.12500030927835,77.14296296296295,1.428625,2.1818907216494843,1.7777959183673466,3.4285818181818186,2016.0,14.0,3361.0
578,2016-04-10,6.000720833333332,6.964285979381443,72.00009876543211,1.1905208333333337,1.8182422680412367,1.7777959183673466,4.2857272727272715,2016.0,15.0,2870.0
579,2016-04-17,5.5720979166666655,8.12500030927835,56.571506172839506,1.428625,1.8182422680412367,1.7777959183673466,3.4285818181818186,2016.0,16.0,2452.0
580,2016-04-24,3.85760625,5.803571649484537,51.428641975308636,0.9524166666666668,1.4545938144329895,0.8888979591836733,2.5714363636363635,2016.0,17.0,1844.0
581,2016-05-01,3.000360416666666,4.642857319587629,46.285777777777774,0.7143125,1.090945360824742,0.8888979591836733,3.4285818181818186,2016.0,18.0,1249.0
582,2016-05-08,2.5717375,3.4821429896907214,46.285777777777774,0.7143125,0.7272969072164948,0.0,1.7142909090909093,2016.0,19.0,942.0
583,2016-05-15,2.1431145833333334,2.3214286597938143,51.428641975308636,0.7143125,0.7272969072164948,0.0,2.5714363636363635,2016.0,20.0,729.0
584,2016-05-22,1.28586875,3.4821429896907214,36.000049382716064,1.428625,0.3636484536082474,0.0,0.8571454545454547,2016.0,21.0,547.0
585,2016-05-29,0.8572458333333333,2.3214286597938143,30.857185185185184,0.7143125,0.3636484536082474,0.0,0.0,2016.0,22.0,308.0
586,2016-06-05,0.8572458333333333,1.1607143298969071,20.571456790123452,0.2381041666666667,0.0,0.0,0.0,2016.0,23.0,277.0
587,2016-06-12,0.4286229166666666,1.1607143298969071,15.428592592592592,0.2381041666666667,0.0,0.0,0.8571454545454547,2016.0,24.0,153.0
588,2016-06-19,0.0,1.1607143298969071,15.428592592592592,0.0,0.0,0.0,0.0,2016.0,25.0,127.0
589,2016-06-26,0.4286229166666666,0.0,5.142864197530863,0.0,0.0,0.0,0.8571454545454547,2016.0,26.0,77.0
590,2016-07-03,0.0,0.0,10.285728395061726,0.0,0.0,0.0,0.0,2016.0,27.0,54.0
591,2016-07-10,0.4286229166666666,0.0,5.142864197530863,0.0,0.0,0.0,0.8571454545454547,2016.0,28.0,55.0
592,2016-07-17,0.0,0.0,10.285728395061726,0.0,0.0,0.0,0.0,2016.0,29.0,50.0
593,2016-07-24,0.0,0.0,10.285728395061726,0.0,0.0,0.0,0.0,2016.0,30.0,45.0
594,2016-07-31,0.0,0.0,10.285728395061726,0.0,0.0,0.8888979591836733,0.0,2016.0,31.0,53.0
595,2016-08-07,0.0,0.0,5.142864197530863,0.0,0.0,1.7777959183673466,0.8571454545454547,2016.0,32.0,52.0
596,2016-08-14,0.4286229166666666,1.1607143298969071,15.428592592592592,0.0,0.0,3.5555918367346933,0.0,2016.0,33.0,48.0
597,2016-08-21,0.8572458333333333,2.3214286597938143,30.857185185185184,0.2381041666666667,0.0,5.3333877551020406,1.7142909090909093,2016.0,34.0,88.0
598,2016-08-28,1.28586875,3.4821429896907214,51.428641975308636,0.7143125,0.3636484536082474,8.888979591836733,1.7142909090909093,2016.0,35.0,119.0
599,2016-09-04,1.28586875,5.803571649484537,72.00009876543211,0.9524166666666668,0.3636484536082474,15.111265306122448,1.7142909090909093,2016.0,36.0,113.0
600,2016-09-11,2.5717375,8.12500030927835,82.28582716049381,1.6667291666666668,0.7272969072164948,23.11134693877551,2.5714363636363635,2016.0,37.0,132.0
601,2016-09-18,2.5717375,10.446428969072166,87.42869135802471,1.9048333333333332,1.090945360824742,28.44473469387755,2.5714363636363635,2016.0,38.0,164.0
602,2016-09-25,3.428983333333333,13.928571958762886,102.85728395061727,2.619145833333333,1.090945360824742,40.88930612244898,4.2857272727272715,2016.0,39.0,189.0
603,2016-10-02,3.428983333333333,16.2500006185567,92.57155555555555,3.095354166666666,1.4545938144329895,48.88938775510204,3.4285818181818186,2016.0,40.0,210.0
604,2016-10-09,3.000360416666666,16.2500006185567,102.85728395061727,3.095354166666666,1.4545938144329895,47.1115918367347,2.5714363636363635,2016.0,41.0,191.0
605,2016-10-16,3.000360416666666,15.089286288659794,82.28582716049381,2.85725,1.4545938144329895,42.667102040816324,5.142872727272726,2016.0,42.0,212.0
606,2016-10-23,3.000360416666666,13.928571958762886,97.71441975308643,2.85725,1.4545938144329895,39.11151020408163,5.142872727272726,2016.0,43.0,231.0
607,2016-10-30,3.000360416666666,11.607143298969074,87.42869135802471,2.1429375,1.4545938144329895,29.333632653061226,3.4285818181818186,2016.0,44.0,319.0
608,2016-11-06,2.1431145833333334,9.285714639175255,87.42869135802471,1.9048333333333332,1.4545938144329895,23.11134693877551,3.4285818181818186,2016.0,45.0,392.0
609,2016-11-13,3.000360416666666,9.285714639175255,118.28587654320988,1.9048333333333332,1.8182422680412367,21.333551020408162,5.142872727272726,2016.0,46.0,491.0
610,2016-11-20,1.7144916666666663,6.964285979381443,123.42874074074074,1.428625,1.4545938144329895,13.3334693877551,2.5714363636363635,2016.0,47.0,620.0
611,2016-11-27,3.428983333333333,9.285714639175255,144.00019753086426,1.9048333333333332,2.1818907216494843,15.111265306122448,4.2857272727272715,2016.0,48.0,715.0
612,2016-12-04,3.428983333333333,8.12500030927835,149.14306172839503,1.6667291666666668,1.8182422680412367,12.444571428571427,6.000018181818183,2016.0,49.0,876.0
613,2016-12-11,3.85760625,9.285714639175255,180.00024691358024,1.9048333333333332,2.1818907216494843,10.666775510204081,6.000018181818183,2016.0,50.0,1569.0
614,2016-12-18,3.85760625,10.446428969072166,210.85743209876546,2.381041666666667,2.9091876288659786,8.888979591836733,8.571454545454545,2016.0,51.0,2904.0
615,2016-12-25,5.143475,13.928571958762886,236.5717530864197,3.095354166666666,3.6364845360824734,8.00008163265306,12.000036363636365,2016.0,52.0,4658.0
616,2017-01-01,6.429343749999999,16.2500006185567,252.0003456790124,3.3334583333333336,4.3637814432989686,10.666775510204081,10.285745454545452,2017.0,1.0,4674.0
617,2017-01-08,7.7152125,16.2500006185567,210.85743209876546,3.3334583333333336,4.3637814432989686,9.777877551020408,9.4286,2017.0,2.0,5411.0
618,2017-01-15,8.572458333333334,16.2500006185567,174.85738271604941,3.3334583333333336,4.3637814432989686,8.888979591836733,11.14289090909091,2017.0,3.0,6717.0
619,2017-01-22,10.715572916666666,17.41071494845361,180.00024691358024,3.5715625,4.3637814432989686,8.888979591836733,8.571454545454545,2017.0,4.0,7051.0
620,2017-01-29,13.287310416666667,20.892857938144328,205.71456790123452,4.047770833333334,5.818375257731957,8.888979591836733,11.14289090909091,2017.0,5.0,8876.0
621,2017-02-05,16.71629375,26.69642958762887,210.85743209876546,5.0001875,7.636617525773196,8.888979591836733,16.285763636363637,2017.0,6.0,11592.0
622,2017-02-12,16.28767083333333,25.53571525773196,190.285975308642,5.0001875,8.000265979381442,8.00008163265306,14.571472727272727,2017.0,7.0,12098.0
623,2017-02-19,15.430425,23.21428659793815,169.71451851851853,4.285875,6.909320618556699,6.2222857142857135,12.000036363636365,2017.0,8.0,11715.0
624,2017-02-26,11.57281875,16.2500006185567,138.85733333333332,3.095354166666666,4.3637814432989686,4.4444897959183685,6.857163636363637,2017.0,9.0,7994.0
625,2017-03-05,10.715572916666666,13.928571958762886,128.5716049382716,2.85725,3.6364845360824734,3.5555918367346933,7.714309090909091,2017.0,10.0,7417.0
626,2017-03-12,9.858327083333332,12.76785762886598,128.5716049382716,2.381041666666667,3.272836082474227,2.6666938775510203,6.857163636363637,2017.0,11.0,6966.0
627,2017-03-19,10.28695,12.76785762886598,123.42874074074074,2.381041666666667,3.6364845360824734,2.6666938775510203,6.857163636363637,2017.0,12.0,6936.0
628,2017-03-26,9.001081249999997,11.607143298969074,97.71441975308643,2.1429375,2.9091876288659786,2.6666938775510203,5.142872727272726,2017.0,13.0,6003.0
629,2017-04-02,7.286589583333333,9.285714639175255,87.42869135802471,1.6667291666666668,2.1818907216494843,2.6666938775510203,4.2857272727272715,2017.0,14.0,4429.0
630,2017-04-09,5.5720979166666655,6.964285979381443,77.14296296296295,1.428625,1.4545938144329895,1.7777959183673466,4.2857272727272715,2017.0,15.0,3185.0
631,2017-04-16,4.714852083333333,5.803571649484537,61.71437037037037,0.9524166666666668,1.090945360824742,1.7777959183673466,3.4285818181818186,2017.0,16.0,2142.0
632,2017-04-23,3.85760625,4.642857319587629,61.71437037037037,0.7143125,1.090945360824742,0.8888979591836733,2.5714363636363635,2017.0,17.0,1272.0
633,2017-04-30,3.000360416666666,3.4821429896907214,56.571506172839506,0.4762083333333333,0.7272969072164948,0.8888979591836733,3.4285818181818186,2017.0,18.0,960.0
634,2017-05-07,2.5717375,3.4821429896907214,56.571506172839506,0.4762083333333333,0.3636484536082474,0.8888979591836733,2.5714363636363635,2017.0,19.0,816.0
635,2017-05-14,1.7144916666666663,2.3214286597938143,56.571506172839506,0.4762083333333333,0.3636484536082474,0.0,1.7142909090909093,2017.0,20.0,695.0
636,2017-05-21,1.7144916666666663,2.3214286597938143,51.428641975308636,0.4762083333333333,0.3636484536082474,0.0,2.5714363636363635,2017.0,21.0,558.0
637,2017-05-28,1.7144916666666663,2.3214286597938143,46.285777777777774,0.4762083333333333,0.3636484536082474,0.0,0.8571454545454547,2017.0,22.0,485.0
638,2017-06-04,1.7144916666666663,1.1607143298969071,36.000049382716064,0.2381041666666667,0.3636484536082474,0.8888979591836733,0.0,2017.0,23.0,361.0
639,2017-06-11,1.28586875,1.1607143298969071,30.857185185185184,0.2381041666666667,0.3636484536082474,0.8888979591836733,1.7142909090909093,2017.0,24.0,293.0
640,2017-06-18,0.8572458333333333,1.1607143298969071,20.571456790123452,0.0,0.3636484536082474,0.0,0.8571454545454547,2017.0,25.0,224.0
641,2017-06-25,1.28586875,1.1607143298969071,20.571456790123452,0.0,0.0,0.8888979591836733,0.8571454545454547,2017.0,26.0,190.0
642,2017-07-02,0.4286229166666666,0.0,20.571456790123452,0.0,0.0,0.0,0.8571454545454547,2017.0,27.0,154.0
643,2017-07-09,0.8572458333333333,1.1607143298969071,15.428592592592592,0.0,0.0,0.8888979591836733,1.7142909090909093,2017.0,28.0,160.0
644,2017-07-16,0.8572458333333333,1.1607143298969071,15.428592592592592,0.0,0.0,0.8888979591836733,0.0,2017.0,29.0,132.0
645,2017-07-23,0.4286229166666666,1.1607143298969071,20.571456790123452,0.0,0.0,0.8888979591836733,0.8571454545454547,2017.0,30.0,122.0
646,2017-07-30,0.8572458333333333,1.1607143298969071,20.571456790123452,0.2381041666666667,0.0,1.7777959183673466,0.0,2017.0,31.0,131.0
647,2017-08-06,0.8572458333333333,1.1607143298969071,20.571456790123452,0.2381041666666667,0.0,2.6666938775510203,0.8571454545454547,2017.0,32.0,131.0
648,2017-08-13,0.8572458333333333,2.3214286597938143,25.714320987654318,0.2381041666666667,0.0,4.4444897959183685,0.8571454545454547,2017.0,33.0,102.0
649,2017-08-20,0.8572458333333333,2.3214286597938143,41.142913580246905,0.4762083333333333,0.0,8.00008163265306,0.8571454545454547,2017.0,34.0,117.0
650,2017-08-27,1.7144916666666663,3.4821429896907214,56.571506172839506,0.7143125,0.3636484536082474,10.666775510204081,1.7142909090909093,2017.0,35.0,182.0
651,2017-09-03,1.7144916666666663,5.803571649484537,82.28582716049381,0.9524166666666668,0.7272969072164948,14.222367346938775,1.7142909090909093,2017.0,36.0,196.0
652,2017-09-10,2.5717375,9.285714639175255,87.42869135802471,1.6667291666666668,0.7272969072164948,24.00024489795918,3.4285818181818186,2017.0,37.0,220.0
653,2017-09-17,3.428983333333333,11.607143298969074,97.71441975308643,2.1429375,1.090945360824742,32.00032653061224,5.142872727272726,2017.0,38.0,212.0
654,2017-09-24,4.714852083333333,15.089286288659794,97.71441975308643,2.85725,1.4545938144329895,42.667102040816324,4.2857272727272715,2017.0,39.0,232.0
655,2017-10-01,3.85760625,17.41071494845361,87.42869135802471,3.3334583333333336,1.4545938144329895,50.66718367346938,4.2857272727272715,2017.0,40.0,342.0
656,2017-10-08,3.428983333333333,17.41071494845361,87.42869135802471,3.3334583333333336,1.4545938144329895,48.88938775510204,4.2857272727272715,2017.0,41.0,346.0
657,2017-10-15,4.286229166666667,17.41071494845361,102.85728395061727,3.3334583333333336,1.8182422680412367,47.1115918367347,6.000018181818183,2017.0,42.0,388.0
658,2017-10-22,4.286229166666667,16.2500006185567,113.143012345679,3.3334583333333336,2.1818907216494843,42.667102040816324,5.142872727272726,2017.0,43.0,475.0
659,2017-10-29,3.85760625,15.089286288659794,123.42874074074074,2.85725,2.1818907216494843,36.444816326530606,5.142872727272726,2017.0,44.0,722.0
660,2017-11-05,4.286229166666667,13.928571958762886,144.00019753086426,2.85725,2.1818907216494843,32.00032653061224,5.142872727272726,2017.0,45.0,929.0
661,2017-11-12,4.714852083333333,13.928571958762886,159.42879012345682,2.85725,2.9091876288659786,26.6669387755102,5.142872727272726,2017.0,46.0,1261.0
662,2017-11-19,3.000360416666666,11.607143298969074,154.2859259259259,2.381041666666667,2.545539175257732,17.777959183673467,6.000018181818183,2017.0,47.0,1689.0
663,2017-11-26,5.5720979166666655,13.928571958762886,180.00024691358024,2.85725,3.6364845360824734,20.44465306122449,6.857163636363637,2017.0,48.0,1988.0
664,2017-12-03,6.857966666666666,17.41071494845361,190.285975308642,3.5715625,4.000132989690721,24.889142857142854,12.000036363636365,2017.0,49.0,3306.0
665,2017-12-10,8.143835416666665,19.732143608247426,221.14316049382717,4.047770833333334,5.454726804123712,17.777959183673467,12.857181818181818,2017.0,50.0,5404.0
666,2017-12-17,12.858687499999998,29.01785824742268,252.0003456790124,5.952604166666667,8.727562886597937,16.00016326530612,20.571490909090905,2017.0,51.0,10935.0
667,2017-12-24,17.573539583333332,39.46428721649485,370.2862222222222,8.095541666666668,12.364047422680411,16.00016326530612,27.42865454545455,2017.0,52.0,14094.0
668,2017-12-31,22.288391666666666,46.4285731958763,416.57199999999995,9.2860625,13.818641237113399,18.666857142857143,26.57150909090909,2018.0,1.0,15553.0
669,2018-01-07,28.2891125,71.96428845360825,365.1433580246914,14.524354166666667,20.727961855670106,34.66702040816326,51.42872727272727,2018.0,2.0,18395.0
670,2018-01-14,32.57534166666666,91.69643206185567,406.2862716049383,18.334020833333334,28.3645793814433,42.667102040816324,70.28592727272728,2018.0,3.0,18687.0
671,2018-01-21,37.29019375,105.62500402061855,401.1434074074074,21.429375,33.09200927835051,48.88938775510204,83.14310909090909,2018.0,4.0,21984.0
672,2018-01-28,41.1478,112.58928999999999,416.57199999999995,22.858,35.2739,50.66718367346938,84.8574,2018.0,5.0,22108.0
673,2018-02-04,35.57570208333333,99.82143237113401,390.85767901234567,19.524541666666668,31.27376701030927,31.111428571428572,66.85734545454545,2018.0,6.0,21974.0
674,2018-02-11,29.57498125,81.2500030927835,334.2861728395062,15.952979166666665,26.546337113402057,26.6669387755102,54.00016363636364,2018.0,7.0,19581.0
675,2018-02-18,21.43114583333333,48.75000185567011,236.5717530864197,9.524166666666668,16.000531958762885,11.555673469387756,24.85721818181818,2018.0,8.0,13577.0
676,2018-02-25,15.859047916666665,30.17857257731959,169.71451851851853,5.952604166666667,9.454859793814432,7.1111836734693865,12.857181818181818,2018.0,9.0,8964.0
677,2018-03-04,12.001441666666668,20.892857938144328,154.2859259259259,4.047770833333334,6.1820237113402055,4.4444897959183685,11.14289090909091,2018.0,10.0,6431.0
678,2018-03-11,9.858327083333332,16.2500006185567,133.71446913580246,3.095354166666666,4.727429896907216,3.5555918367346933,6.857163636363637,2018.0,11.0,5733.0
679,2018-03-18,8.572458333333334,15.089286288659794,123.42874074074074,2.619145833333333,3.6364845360824734,2.6666938775510203,8.571454545454545,2018.0,12.0,5126.0
680,2018-03-25,9.858327083333332,13.928571958762886,113.143012345679,2.619145833333333,3.6364845360824734,2.6666938775510203,6.857163636363637,2018.0,13.0,4635.0
681,2018-04-01,7.7152125,11.607143298969074,97.71441975308643,2.1429375,2.9091876288659786,2.6666938775510203,4.2857272727272715,2018.0,14.0,3469.0
682,2018-04-08,6.429343749999999,9.285714639175255,87.42869135802471,1.6667291666666668,2.1818907216494843,1.7777959183673466,6.000018181818183,2018.0,15.0,2818.0
683,2018-04-15,5.143475,6.964285979381443,82.28582716049381,1.1905208333333337,1.8182422680412367,1.7777959183673466,3.4285818181818186,2018.0,16.0,2019.0
684,2018-04-22,4.714852083333333,5.803571649484537,66.85723456790123,1.1905208333333337,1.4545938144329895,0.8888979591836733,3.4285818181818186,2018.0,17.0,1546.0
685,2018-04-29,3.428983333333333,4.642857319587629,61.71437037037037,0.9524166666666668,1.090945360824742,1.7777959183673466,3.4285818181818186,2018.0,18.0,1070.0
686,2018-05-06,3.000360416666666,3.4821429896907214,51.428641975308636,0.7143125,0.7272969072164948,0.8888979591836733,3.4285818181818186,2018.0,19.0,658.0
687,2018-05-13,2.1431145833333334,2.3214286597938143,46.285777777777774,0.4762083333333333,0.7272969072164948,0.8888979591836733,2.5714363636363635,2018.0,20.0,412.0
688,2018-05-20,1.7144916666666663,2.3214286597938143,51.428641975308636,0.4762083333333333,0.3636484536082474,0.8888979591836733,1.7142909090909093,2018.0,21.0,282.0
689,2018-05-27,0.8572458333333333,2.3214286597938143,51.428641975308636,0.4762083333333333,0.3636484536082474,0.8888979591836733,1.7142909090909093,2018.0,22.0,165.0
690,2018-06-03,0.8572458333333333,2.3214286597938143,41.142913580246905,0.4762083333333333,0.3636484536082474,0.8888979591836733,0.8571454545454547,2018.0,23.0,153.0
691,2018-06-10,1.28586875,2.3214286597938143,41.142913580246905,0.2381041666666667,0.0,0.8888979591836733,1.7142909090909093,2018.0,24.0,116.0
692,2018-06-17,0.8572458333333333,1.1607143298969071,30.857185185185184,0.2381041666666667,0.0,0.8888979591836733,1.7142909090909093,2018.0,25.0,87.0
693,2018-06-24,0.4286229166666666,1.1607143298969071,25.714320987654318,0.0,0.0,0.0,0.8571454545454547,2018.0,26.0,86.0
694,2018-07-01,0.0,1.1607143298969071,30.857185185185184,0.0,0.0,0.0,0.8571454545454547,2018.0,27.0,69.0
695,2018-07-08,0.4286229166666666,1.1607143298969071,25.714320987654318,0.2381041666666667,0.0,0.8888979591836733,1.7142909090909093,2018.0,28.0,64.0
696,2018-07-15,0.4286229166666666,1.1607143298969071,20.571456790123452,0.0,0.0,0.8888979591836733,1.7142909090909093,2018.0,29.0,72.0
697,2018-07-22,0.4286229166666666,1.1607143298969071,20.571456790123452,0.0,0.0,0.8888979591836733,0.8571454545454547,2018.0,30.0,67.0
698,2018-07-29,0.4286229166666666,1.1607143298969071,20.571456790123452,0.2381041666666667,0.0,1.7777959183673466,0.0,2018.0,31.0,60.0
699,2018-08-05,0.8572458333333333,1.1607143298969071,30.857185185185184,0.2381041666666667,0.0,2.6666938775510203,1.7142909090909093,2018.0,32.0,65.0
700,2018-08-12,0.8572458333333333,2.3214286597938143,30.857185185185184,0.2381041666666667,0.0,3.5555918367346933,1.7142909090909093,2018.0,33.0,54.0
701,2018-08-19,1.28586875,3.4821429896907214,56.571506172839506,0.4762083333333333,0.3636484536082474,7.1111836734693865,2.5714363636363635,2018.0,34.0,104.0
702,2018-08-26,1.7144916666666663,4.642857319587629,72.00009876543211,0.9524166666666668,0.3636484536082474,9.777877551020408,2.5714363636363635,2018.0,35.0,131.0
703,2018-09-02,3.000360416666666,9.285714639175255,87.42869135802471,1.6667291666666668,1.090945360824742,18.666857142857143,3.4285818181818186,2018.0,36.0,171.0
704,2018-09-09,3.000360416666666,11.607143298969074,102.85728395061727,2.1429375,1.090945360824742,28.44473469387755,6.857163636363637,2018.0,37.0,203.0
705,2018-09-16,3.428983333333333,13.928571958762886,113.143012345679,2.619145833333333,1.4545938144329895,36.444816326530606,4.2857272727272715,2018.0,38.0,224.0
706,2018-09-23,4.286229166666667,18.571429278350514,118.28587654320988,3.8096666666666663,1.8182422680412367,49.77828571428571,6.857163636363637,2018.0,39.0,221.0
707,2018-09-30,4.714852083333333,25.53571525773196,113.143012345679,5.238291666666667,2.1818907216494843,71.11183673469387,8.571454545454545,2018.0,40.0,289.0
708,2018-10-07,4.286229166666667,25.53571525773196,113.143012345679,5.0001875,2.545539175257732,73.77853061224491,6.857163636363637,2018.0,41.0,306.0
709,2018-10-14,5.5720979166666655,31.339286907216497,149.14306172839503,6.190708333333332,2.9091876288659786,87.11200000000001,10.285745454545452,2018.0,42.0,403.0
710,2018-10-21,5.143475,26.69642958762887,138.85733333333332,5.476395833333334,3.272836082474227,72.00073469387755,10.285745454545452,2018.0,43.0,441.0
711,2018-10-28,4.714852083333333,22.05357226804124,128.5716049382716,4.523979166666667,3.272836082474227,55.11167346938775,7.714309090909091,2018.0,44.0,489.0
712,2018-11-04,4.286229166666667,18.571429278350514,138.85733333333332,3.5715625,2.9091876288659786,42.667102040816324,7.714309090909091,2018.0,45.0,644.0
713,2018-11-11,4.286229166666667,17.41071494845361,195.42883950617286,3.3334583333333336,3.272836082474227,33.77812244897959,7.714309090909091,2018.0,46.0,774.0
714,2018-11-18,3.000360416666666,12.76785762886598,169.71451851851853,2.85725,3.272836082474227,24.00024489795918,6.000018181818183,2018.0,47.0,973.0
715,2018-11-25,4.714852083333333,16.2500006185567,200.5717037037037,3.3334583333333336,3.6364845360824734,24.00024489795918,7.714309090909091,2018.0,48.0,1109.0
716,2018-12-02,4.714852083333333,13.928571958762886,180.00024691358024,2.85725,2.9091876288659786,19.555755102040816,9.4286,2018.0,49.0,1812.0
717,2018-12-09,5.143475,15.089286288659794,200.5717037037037,3.095354166666666,3.6364845360824734,16.00016326530612,9.4286,2018.0,50.0,3436.0
718,2018-12-16,6.429343749999999,17.41071494845361,221.14316049382717,3.8096666666666663,4.727429896907216,15.111265306122448,12.000036363636365,2018.0,51.0,5481.0
719,2018-12-23,7.7152125,22.05357226804124,282.8575308641976,5.0001875,6.545672164948454,12.444571428571427,15.428618181818182,2018.0,52.0,7093.0
720,2018-12-30,8.572458333333334,25.53571525773196,303.42898765432096,5.476395833333334,7.272969072164947,16.889061224489794,14.571472727272727,2019.0,1.0,5396.0
721,2019-01-06,9.001081249999997,24.37500092783505,246.85748148148147,5.238291666666667,6.545672164948454,17.777959183673467,17.14290909090909,2019.0,2.0,5293.0
722,2019-01-13,10.28695,22.05357226804124,226.286024691358,4.285875,6.1820237113402055,12.444571428571427,17.14290909090909,2019.0,3.0,6860.0
723,2019-01-20,12.001441666666668,23.21428659793815,252.0003456790124,4.523979166666667,6.545672164948454,9.777877551020408,13.714327272727274,2019.0,4.0,8570.0
724,2019-01-27,13.715933333333332,26.69642958762887,308.5718518518518,5.476395833333334,8.000265979381442,10.666775510204081,15.428618181818182,2019.0,5.0,10968.0
725,2019-02-03,15.001802083333333,32.5000012371134,236.5717530864197,6.4288125,9.81850824742268,10.666775510204081,24.85721818181818,2019.0,6.0,13580.0
726,2019-02-10,16.28767083333333,31.339286907216497,236.5717530864197,6.190708333333332,9.454859793814432,9.777877551020408,18.8572,2019.0,7.0,13869.0
727,2019-02-17,16.71629375,31.339286907216497,241.71461728395062,6.190708333333332,9.091211340206183,8.888979591836733,18.000054545454546,2019.0,8.0,14186.0
728,2019-02-24,16.71629375,26.69642958762887,205.71456790123452,5.238291666666667,8.000265979381442,7.1111836734693865,14.571472727272727,2019.0,9.0,13877.0
729,2019-03-03,18.430785416666666,26.69642958762887,216.00029629629628,5.0001875,6.909320618556699,7.1111836734693865,15.428618181818182,2019.0,10.0,13637.0
730,2019-03-10,18.430785416666666,25.53571525773196,174.85738271604941,4.762083333333334,6.545672164948454,6.2222857142857135,12.857181818181818,2019.0,11.0,13945.0
731,2019-03-17,16.71629375,22.05357226804124,164.57165432098762,3.8096666666666663,5.454726804123712,4.4444897959183685,11.14289090909091,2019.0,12.0,10959.0
732,2019-03-24,12.858687499999998,17.41071494845361,144.00019753086426,3.3334583333333336,4.3637814432989686,4.4444897959183685,9.4286,2019.0,13.0,8270.0
733,2019-03-31,9.858327083333332,12.76785762886598,123.42874074074074,2.619145833333333,3.272836082474227,3.5555918367346933,8.571454545454545,2019.0,14.0,5489.0
734,2019-04-07,6.857966666666666,10.446428969072166,97.71441975308643,1.9048333333333332,2.1818907216494843,2.6666938775510203,6.857163636363637,2019.0,15.0,3778.0
735,2019-04-14,5.5720979166666655,8.12500030927835,87.42869135802471,1.428625,1.8182422680412367,1.7777959183673466,4.2857272727272715,2019.0,16.0,2411.0
736,2019-04-21,4.714852083333333,6.964285979381443,82.28582716049381,1.1905208333333337,1.8182422680412367,1.7777959183673466,3.4285818181818186,2019.0,17.0,1444.0
737,2019-04-28,3.85760625,5.803571649484537,82.28582716049381,0.9524166666666668,1.4545938144329895,1.7777959183673466,3.4285818181818186,2019.0,18.0,972.0
738,2019-05-05,3.428983333333333,4.642857319587629,72.00009876543211,0.7143125,1.090945360824742,0.8888979591836733,4.2857272727272715,2019.0,19.0,681.0
739,2019-05-12,2.5717375,4.642857319587629,77.14296296296295,0.7143125,1.090945360824742,0.8888979591836733,2.5714363636363635,2019.0,20.0,602.0
740,2019-05-19,1.7144916666666663,3.4821429896907214,77.14296296296295,0.7143125,0.7272969072164948,0.8888979591836733,3.4285818181818186,2019.0,21.0,536.0
741,2019-05-26,1.28586875,2.3214286597938143,66.85723456790123,0.4762083333333333,0.7272969072164948,0.8888979591836733,1.7142909090909093,2019.0,22.0,443.0
742,2019-06-02,1.28586875,2.3214286597938143,51.428641975308636,0.4762083333333333,0.3636484536082474,0.8888979591836733,2.5714363636363635,2019.0,23.0,352.0
743,2019-06-09,1.28586875,2.3214286597938143,46.285777777777774,0.2381041666666667,0.3636484536082474,0.0,1.7142909090909093,2019.0,24.0,264.0
744,2019-06-16,0.8572458333333333,1.1607143298969071,36.000049382716064,0.2381041666666667,0.3636484536082474,0.8888979591836733,0.8571454545454547,2019.0,25.0,199.0
745,2019-06-23,0.8572458333333333,1.1607143298969071,30.857185185185184,0.2381041666666667,0.3636484536082474,0.8888979591836733,1.7142909090909093,2019.0,26.0,190.0
746,2019-06-30,0.4286229166666666,1.1607143298969071,25.714320987654318,0.0,0.0,0.0,0.8571454545454547,2019.0,27.0,215.0
747,2019-07-07,0.8572458333333333,1.1607143298969071,25.714320987654318,0.2381041666666667,0.0,0.8888979591836733,1.7142909090909093,2019.0,28.0,183.0
748,2019-07-14,0.8572458333333333,1.1607143298969071,20.571456790123452,0.2381041666666667,0.0,0.8888979591836733,0.8571454545454547,2019.0,29.0,185.0
749,2019-07-21,0.8572458333333333,1.1607143298969071,25.714320987654318,0.2381041666666667,0.0,0.8888979591836733,1.7142909090909093,2019.0,30.0,189.0
750,2019-07-28,0.8572458333333333,1.1607143298969071,20.571456790123452,0.0,0.0,0.8888979591836733,0.8571454545454547,2019.0,31.0,189.0
751,2019-08-04,0.4286229166666666,1.1607143298969071,25.714320987654318,0.2381041666666667,0.3636484536082474,1.7777959183673466,0.0,2019.0,32.0,166.0
752,2019-08-11,0.4286229166666666,2.3214286597938143,36.000049382716064,0.2381041666666667,0.0,4.4444897959183685,1.7142909090909093,2019.0,33.0,173.0
753,2019-08-18,1.28586875,3.4821429896907214,51.428641975308636,0.7143125,0.3636484536082474,7.1111836734693865,3.4285818181818186,2019.0,34.0,210.0
754,2019-08-25,1.28586875,4.642857319587629,66.85723456790123,0.9524166666666668,0.3636484536082474,9.777877551020408,1.7142909090909093,2019.0,35.0,363.0
755,2019-09-01,1.7144916666666663,6.964285979381443,82.28582716049381,1.1905208333333337,0.7272969072164948,15.111265306122448,1.7142909090909093,2019.0,36.0,366.0
756,2019-09-08,2.5717375,10.446428969072166,92.57155555555555,1.9048333333333332,1.090945360824742,24.889142857142854,4.2857272727272715,2019.0,37.0,332.0
757,2019-09-15,3.428983333333333,13.928571958762886,118.28587654320988,2.85725,1.4545938144329895,36.444816326530606,5.142872727272726,2019.0,38.0,415.0
758,2019-09-22,3.85760625,19.732143608247426,123.42874074074074,4.047770833333334,2.1818907216494843,53.3338775510204,6.857163636363637,2019.0,39.0,476.0
759,2019-09-29,4.714852083333333,24.37500092783505,123.42874074074074,4.762083333333334,2.1818907216494843,70.2229387755102,7.714309090909091,2019.0,40.0,260.0
760,2019-10-06,5.143475,30.17857257731959,128.5716049382716,5.952604166666667,2.9091876288659786,85.33420408163265,7.714309090909091,2019.0,41.0,327.0
761,2019-10-13,4.714852083333333,27.857143917525768,144.00019753086426,5.7145,2.9091876288659786,78.22302040816326,8.571454545454545,2019.0,42.0,359.0
762,2019-10-20,4.714852083333333,25.53571525773196,133.71446913580246,5.238291666666667,3.272836082474227,68.44514285714286,9.4286,2019.0,43.0,555.0
763,2019-10-27,4.714852083333333,22.05357226804124,154.2859259259259,4.285875,2.9091876288659786,54.22277551020408,7.714309090909091,2019.0,44.0,777.0
764,2019-11-03,5.5720979166666655,23.21428659793815,174.85738271604941,4.523979166666667,3.6364845360824734,48.88938775510204,9.4286,2019.0,45.0,1489.0
765,2019-11-10,5.5720979166666655,20.892857938144328,200.5717037037037,4.047770833333334,4.000132989690721,40.000408163265305,7.714309090909091,2019.0,46.0,2124.0
766,2019-11-17,6.429343749999999,23.21428659793815,185.1431111111111,4.285875,4.3637814432989686,33.77812244897959,12.000036363636365,2019.0,47.0,3479.0
767,2019-11-24,5.5720979166666655,17.41071494845361,180.00024691358024,3.5715625,4.000132989690721,22.222448979591835,8.571454545454545,2019.0,48.0,3870.0
768,2019-12-01,9.001081249999997,22.05357226804124,216.00029629629628,4.285875,5.091078350515462,24.00024489795918,10.285745454545452,2019.0,49.0,4885.0
769,2019-12-08,10.715572916666666,25.53571525773196,205.71456790123452,5.0001875,5.818375257731957,24.889142857142854,15.428618181818182,2019.0,50.0,7250.0
770,2019-12-15,14.573179166666666,31.339286907216497,267.4289382716049,6.4288125,8.000265979381442,23.11134693877551,19.71434545454545,2019.0,51.0,12246.0
771,2019-12-22,20.145277083333326,42.94643020618557,339.42903703703706,8.333645833333334,11.636750515463914,18.666857142857143,26.57150909090909,2019.0,52.0,17213.0
772,2019-12-29,20.145277083333326,41.785715876288656,349.71476543209883,8.333645833333334,10.909453608247423,19.555755102040816,23.14292727272727,2020.0,1.0,15264.0
773,2020-01-05,19.716654166666665,40.62500154639175,277.71466666666663,8.095541666666668,10.545805154639174,23.11134693877551,23.14292727272727,2020.0,2.0,13977.0
774,2020-01-12,24.00288333333333,42.94643020618557,226.286024691358,8.095541666666668,10.909453608247423,23.11134693877551,27.42865454545455,2020.0,3.0,15674.0
775,2020-01-19,29.146358333333332,52.232144845360835,262.2860740740741,9.762270833333334,10.909453608247423,20.44465306122449,31.71438181818182,2020.0,4.0,17777.0
776,2020-01-26,39.86193125,71.96428845360825,272.57180246913583,13.5719375,13.454992783505151,23.11134693877551,55.714454545454544,2020.0,5.0,21202.0
777,2020-02-02,37.718816666666655,66.16071680412372,272.57180246913583,12.381416666666668,13.818641237113399,17.777959183673467,38.57154545454546,2020.0,6.0,20931.0
778,2020-02-09,35.57570208333333,55.71428783505154,257.1432098765432,10.476583333333334,12.000398969072164,15.111265306122448,30.00009090909091,2020.0,7.0,19454.0
779,2020-02-16,31.71809583333333,49.910716185567004,231.4288888888889,9.047958333333334,10.182156701030928,12.444571428571427,25.71436363636364,2020.0,8.0,11249.0
