,index,influenza st pop,influenza dis pop,cc dis pop,flu st pop,flu symp st pop,influenza vaccine vacc pop,prevent flu st pop
0,2005-03-13,5.0,5.0,58.0,1.0,2.0,1.0,6.0
1,2005-03-20,6.0,5.0,56.0,1.0,2.0,1.0,0.0
2,2005-03-27,4.0,4.0,52.0,1.0,1.0,1.0,3.0
3,2005-04-03,5.0,4.0,50.0,1.0,1.0,0.0,0.0
4,2005-04-10,5.0,4.0,46.0,1.0,1.0,1.0,6.0
5,2005-04-17,5.0,3.0,39.0,1.0,1.0,1.0,0.0
6,2005-04-24,5.0,3.0,42.0,1.0,1.0,1.0,0.0
7,2005-05-01,4.0,3.0,40.0,1.0,1.0,1.0,0.0
8,2005-05-08,4.0,2.0,38.0,1.0,1.0,0.0,3.0
9,2005-05-15,4.0,2.0,37.0,1.0,1.0,0.0,0.0
10,2005-05-22,4.0,2.0,35.0,1.0,0.0,0.0,3.0
11,2005-05-29,2.0,2.0,33.0,1.0,1.0,1.0,0.0
12,2005-06-05,2.0,2.0,32.0,0.0,0.0,1.0,0.0
13,2005-06-12,2.0,2.0,32.0,0.0,0.0,1.0,0.0
14,2005-06-19,2.0,2.0,31.0,1.0,1.0,1.0,0.0
15,2005-06-26,2.0,2.0,33.0,0.0,1.0,1.0,0.0
16,2005-07-03,2.0,2.0,34.0,0.0,1.0,1.0,0.0
17,2005-07-10,2.0,2.0,28.0,0.0,1.0,0.0,0.0
18,2005-07-17,3.0,2.0,26.0,1.0,1.0,1.0,3.0
19,2005-07-24,2.0,2.0,31.0,1.0,1.0,1.0,3.0
20,2005-07-31,2.0,2.0,33.0,1.0,1.0,1.0,0.0
21,2005-08-07,2.0,2.0,33.0,1.0,1.0,1.0,3.0
22,2005-08-14,2.0,2.0,30.0,1.0,0.0,1.0,0.0
23,2005-08-21,3.0,2.0,36.0,1.0,1.0,1.0,0.0
24,2005-08-28,3.0,2.0,35.0,1.0,1.0,2.0,0.0
25,2005-09-04,3.0,3.0,47.0,1.0,1.0,2.0,3.0
26,2005-09-11,5.0,4.0,43.0,1.0,1.0,4.0,2.0
27,2005-09-18,5.0,6.0,49.0,2.0,1.0,5.0,5.0
28,2005-09-25,7.0,8.0,49.0,3.0,2.0,11.0,5.0
29,2005-10-02,10.0,16.0,49.0,7.0,2.0,23.0,5.0
30,2005-10-09,13.0,19.0,52.0,8.0,3.0,31.0,9.0
31,2005-10-16,10.0,17.0,53.0,7.0,3.0,32.0,6.0
32,2005-10-23,9.0,21.0,59.0,7.0,2.0,43.0,3.0
33,2005-10-30,11.0,26.0,58.0,9.0,4.0,55.0,5.0
34,2005-11-06,10.0,19.0,58.0,6.0,3.0,40.0,4.0
35,2005-11-13,10.0,15.0,66.0,5.0,3.0,27.0,7.0
36,2005-11-20,8.0,10.0,64.0,4.0,3.0,16.0,5.0
37,2005-11-27,8.0,10.0,72.0,3.0,2.0,16.0,4.0
38,2005-12-04,8.0,9.0,70.0,3.0,2.0,11.0,2.0
39,2005-12-11,7.0,8.0,70.0,3.0,2.0,8.0,4.0
40,2005-12-18,5.0,7.0,76.0,2.0,3.0,5.0,5.0
41,2005-12-25,6.0,10.0,89.0,3.0,3.0,6.0,3.0
42,2006-01-01,5.0,7.0,75.0,3.0,2.0,4.0,2.0
43,2006-01-08,6.0,6.0,63.0,2.0,2.0,3.0,4.0
44,2006-01-15,7.0,6.0,61.0,2.0,2.0,2.0,4.0
45,2006-01-22,8.0,6.0,60.0,2.0,2.0,2.0,3.0
46,2006-01-29,7.0,6.0,60.0,2.0,2.0,2.0,2.0
47,2006-02-05,8.0,6.0,61.0,2.0,2.0,1.0,4.0
48,2006-02-12,8.0,6.0,61.0,2.0,3.0,1.0,6.0
49,2006-02-19,9.0,7.0,65.0,3.0,3.0,1.0,7.0
50,2006-02-26,8.0,7.0,59.0,3.0,3.0,1.0,4.0
51,2006-03-05,9.0,6.0,53.0,3.0,2.0,1.0,5.0
52,2006-03-12,9.0,7.0,49.0,4.0,2.0,1.0,3.0
53,2006-03-19,8.0,6.0,54.0,3.0,2.0,1.0,3.0
54,2006-03-26,7.0,5.0,48.0,2.0,2.0,1.0,0.0
55,2006-04-02,6.0,5.0,44.0,2.0,2.0,1.0,2.0
56,2006-04-09,6.0,4.0,38.0,2.0,1.0,1.0,2.0
57,2006-04-16,6.0,4.0,36.0,2.0,1.0,1.0,3.0
58,2006-04-23,7.0,4.0,32.0,2.0,1.0,1.0,0.0
59,2006-04-30,7.0,4.0,37.0,3.0,2.0,1.0,4.0
60,2006-05-07,6.0,4.0,34.0,3.0,1.0,1.0,3.0
61,2006-05-14,5.0,3.0,35.0,2.0,1.0,1.0,0.0
62,2006-05-21,4.0,3.0,34.0,2.0,1.0,1.0,2.0
63,2006-05-28,4.0,3.0,30.0,2.0,1.0,0.0,2.0
64,2006-06-04,3.0,2.0,30.0,1.0,1.0,1.0,4.0
65,2006-06-11,4.0,3.0,29.0,1.0,1.0,1.0,2.0
66,2006-06-18,4.0,2.0,28.0,1.0,1.0,1.0,2.0
67,2006-06-25,2.0,2.0,27.0,1.0,1.0,1.0,2.0
68,2006-07-02,2.0,2.0,30.0,1.0,1.0,1.0,0.0
69,2006-07-09,3.0,2.0,26.0,1.0,0.0,1.0,2.0
70,2006-07-16,2.0,2.0,26.0,1.0,1.0,1.0,2.0
71,2006-07-23,2.0,2.0,28.0,1.0,1.0,1.0,2.0
72,2006-07-30,3.0,2.0,29.0,1.0,1.0,1.0,2.0
73,2006-08-06,2.0,2.0,24.0,1.0,0.0,1.0,2.0
74,2006-08-13,3.0,2.0,29.0,1.0,1.0,1.0,0.0
75,2006-08-20,3.0,2.0,32.0,1.0,0.0,1.0,2.0
76,2006-08-27,3.0,2.0,33.0,1.0,0.0,1.0,0.0
77,2006-09-03,3.0,2.0,37.0,1.0,1.0,2.0,2.0
78,2006-09-10,4.0,3.0,43.0,1.0,1.0,3.0,2.0
79,2006-09-17,4.0,4.0,52.0,1.0,1.0,5.0,3.0
80,2006-09-24,5.0,6.0,56.0,1.0,1.0,9.0,2.0
81,2006-10-01,4.0,9.0,47.0,2.0,1.0,20.0,3.0
82,2006-10-08,5.0,11.0,53.0,3.0,1.0,24.0,2.0
83,2006-10-15,6.0,13.0,54.0,3.0,1.0,30.0,4.0
84,2006-10-22,6.0,14.0,57.0,3.0,1.0,34.0,4.0
85,2006-10-29,6.0,14.0,58.0,4.0,2.0,33.0,0.0
86,2006-11-05,6.0,13.0,58.0,3.0,2.0,29.0,3.0
87,2006-11-12,6.0,12.0,59.0,3.0,2.0,27.0,2.0
88,2006-11-19,5.0,7.0,62.0,2.0,2.0,13.0,3.0
89,2006-11-26,5.0,10.0,72.0,2.0,2.0,15.0,3.0
90,2006-12-03,6.0,8.0,74.0,2.0,2.0,10.0,4.0
91,2006-12-10,5.0,7.0,67.0,2.0,3.0,7.0,0.0
92,2006-12-17,4.0,7.0,74.0,2.0,2.0,4.0,2.0
93,2006-12-24,3.0,6.0,78.0,2.0,2.0,3.0,2.0
94,2006-12-31,4.0,6.0,77.0,2.0,3.0,3.0,0.0
95,2007-01-07,5.0,6.0,70.0,2.0,2.0,3.0,3.0
96,2007-01-14,4.0,6.0,69.0,2.0,2.0,2.0,2.0
97,2007-01-21,6.0,6.0,67.0,2.0,2.0,2.0,3.0
98,2007-01-28,7.0,7.0,71.0,2.0,2.0,2.0,3.0
99,2007-02-04,8.0,8.0,76.0,2.0,3.0,2.0,5.0
100,2007-02-11,8.0,8.0,70.0,2.0,3.0,4.0,1.0
101,2007-02-18,7.0,7.0,64.0,2.0,3.0,1.0,2.0
102,2007-02-25,7.0,6.0,60.0,2.0,2.0,1.0,2.0
103,2007-03-04,6.0,6.0,60.0,1.0,2.0,1.0,1.0
104,2007-03-11,5.0,5.0,49.0,1.0,2.0,1.0,1.0
105,2007-03-18,5.0,4.0,50.0,1.0,2.0,1.0,3.0
106,2007-03-25,5.0,4.0,45.0,1.0,1.0,1.0,1.0
107,2007-04-01,4.0,3.0,43.0,1.0,1.0,1.0,2.0
108,2007-04-08,4.0,3.0,47.0,1.0,1.0,1.0,1.0
109,2007-04-15,3.0,3.0,42.0,1.0,1.0,0.0,1.0
110,2007-04-22,5.0,3.0,39.0,1.0,1.0,1.0,1.0
111,2007-04-29,4.0,2.0,35.0,1.0,1.0,1.0,3.0
112,2007-05-06,3.0,2.0,36.0,1.0,1.0,1.0,2.0
113,2007-05-13,3.0,2.0,37.0,1.0,1.0,1.0,1.0
114,2007-05-20,2.0,2.0,34.0,1.0,0.0,0.0,1.0
115,2007-05-27,2.0,2.0,32.0,1.0,1.0,0.0,1.0
116,2007-06-03,3.0,2.0,33.0,0.0,1.0,1.0,0.0
117,2007-06-10,2.0,2.0,29.0,1.0,1.0,1.0,1.0
118,2007-06-17,2.0,2.0,30.0,0.0,0.0,1.0,0.0
119,2007-06-24,2.0,2.0,33.0,0.0,0.0,0.0,0.0
120,2007-07-01,1.0,1.0,29.0,0.0,0.0,0.0,0.0
121,2007-07-08,1.0,2.0,26.0,0.0,0.0,0.0,4.0
122,2007-07-15,2.0,2.0,27.0,0.0,1.0,1.0,1.0
123,2007-07-22,1.0,1.0,27.0,0.0,1.0,0.0,0.0
124,2007-07-29,2.0,2.0,29.0,0.0,0.0,1.0,1.0
125,2007-08-05,2.0,2.0,30.0,0.0,0.0,1.0,1.0
126,2007-08-12,2.0,2.0,31.0,0.0,0.0,1.0,0.0
127,2007-08-19,2.0,2.0,34.0,0.0,1.0,1.0,1.0
128,2007-08-26,3.0,2.0,36.0,1.0,1.0,1.0,1.0
129,2007-09-02,2.0,2.0,39.0,1.0,1.0,2.0,1.0
130,2007-09-09,3.0,3.0,43.0,1.0,1.0,3.0,1.0
131,2007-09-16,4.0,4.0,52.0,1.0,1.0,6.0,1.0
132,2007-09-23,4.0,6.0,51.0,1.0,1.0,9.0,1.0
133,2007-09-30,4.0,9.0,50.0,2.0,1.0,19.0,3.0
134,2007-10-07,5.0,11.0,59.0,3.0,1.0,25.0,2.0
135,2007-10-14,6.0,13.0,57.0,3.0,1.0,28.0,2.0
136,2007-10-21,4.0,13.0,56.0,3.0,1.0,33.0,1.0
137,2007-10-28,5.0,12.0,56.0,3.0,2.0,29.0,3.0
138,2007-11-04,6.0,12.0,65.0,3.0,2.0,26.0,3.0
139,2007-11-11,5.0,11.0,67.0,2.0,2.0,23.0,1.0
140,2007-11-18,4.0,7.0,64.0,2.0,1.0,12.0,2.0
141,2007-11-25,5.0,8.0,70.0,2.0,2.0,12.0,4.0
142,2007-12-02,5.0,6.0,68.0,2.0,2.0,8.0,1.0
143,2007-12-09,4.0,6.0,69.0,1.0,2.0,6.0,3.0
144,2007-12-16,4.0,5.0,73.0,1.0,2.0,4.0,3.0
145,2007-12-23,3.0,5.0,77.0,1.0,2.0,3.0,1.0
146,2007-12-30,4.0,5.0,94.0,1.0,2.0,3.0,3.0
147,2008-01-06,5.0,6.0,72.0,1.0,2.0,2.0,2.0
148,2008-01-13,5.0,5.0,69.0,1.0,2.0,2.0,2.0
149,2008-01-20,5.0,7.0,80.0,1.0,2.0,2.0,2.0
150,2008-01-27,7.0,9.0,81.0,2.0,3.0,2.0,4.0
151,2008-02-03,11.0,12.0,88.0,3.0,4.0,3.0,4.0
152,2008-02-10,12.0,13.0,91.0,3.0,5.0,3.0,2.0
153,2008-02-17,13.0,16.0,93.0,3.0,6.0,3.0,3.0
154,2008-02-24,12.0,14.0,82.0,3.0,5.0,3.0,4.0
155,2008-03-02,10.0,10.0,73.0,2.0,4.0,2.0,4.0
156,2008-03-09,10.0,8.0,62.0,2.0,3.0,1.0,3.0
157,2008-03-16,7.0,7.0,59.0,1.0,2.0,1.0,1.0
158,2008-03-23,6.0,5.0,55.0,1.0,2.0,1.0,5.0
159,2008-03-30,5.0,5.0,51.0,1.0,1.0,1.0,1.0
160,2008-04-06,5.0,4.0,48.0,1.0,1.0,1.0,0.0
161,2008-04-13,4.0,3.0,44.0,1.0,1.0,1.0,2.0
162,2008-04-20,4.0,3.0,39.0,1.0,1.0,1.0,0.0
163,2008-04-27,3.0,3.0,39.0,1.0,1.0,1.0,1.0
164,2008-05-04,3.0,2.0,40.0,1.0,1.0,1.0,1.0
165,2008-05-11,3.0,2.0,38.0,1.0,1.0,1.0,1.0
166,2008-05-18,2.0,2.0,37.0,1.0,1.0,1.0,1.0
167,2008-05-25,2.0,2.0,34.0,0.0,1.0,1.0,1.0
168,2008-06-01,2.0,2.0,34.0,1.0,0.0,1.0,0.0
169,2008-06-08,2.0,2.0,32.0,0.0,0.0,0.0,0.0
170,2008-06-15,2.0,2.0,32.0,0.0,1.0,0.0,1.0
171,2008-06-22,2.0,2.0,28.0,0.0,0.0,0.0,1.0
172,2008-06-29,2.0,2.0,30.0,0.0,0.0,1.0,0.0
173,2008-07-06,2.0,2.0,32.0,0.0,0.0,1.0,1.0
174,2008-07-13,1.0,2.0,29.0,0.0,0.0,1.0,0.0
175,2008-07-20,2.0,2.0,31.0,0.0,1.0,0.0,0.0
176,2008-07-27,2.0,2.0,29.0,0.0,0.0,1.0,0.0
177,2008-08-03,2.0,2.0,32.0,0.0,0.0,1.0,0.0
178,2008-08-10,2.0,2.0,32.0,0.0,0.0,1.0,1.0
179,2008-08-17,2.0,2.0,34.0,1.0,0.0,1.0,1.0
180,2008-08-24,2.0,2.0,34.0,0.0,1.0,1.0,1.0
181,2008-08-31,2.0,2.0,39.0,1.0,1.0,3.0,1.0
182,2008-09-07,3.0,3.0,41.0,1.0,1.0,4.0,1.0
183,2008-09-14,3.0,4.0,52.0,1.0,1.0,6.0,1.0
184,2008-09-21,4.0,6.0,56.0,1.0,1.0,10.0,2.0
185,2008-09-28,4.0,8.0,53.0,2.0,1.0,16.0,2.0
186,2008-10-05,5.0,10.0,58.0,2.0,1.0,24.0,1.0
187,2008-10-12,4.0,12.0,53.0,3.0,1.0,27.0,2.0
188,2008-10-19,5.0,13.0,61.0,3.0,2.0,31.0,3.0
189,2008-10-26,5.0,13.0,64.0,3.0,2.0,33.0,2.0
190,2008-11-02,4.0,11.0,56.0,3.0,2.0,25.0,2.0
191,2008-11-09,5.0,16.0,72.0,4.0,3.0,23.0,3.0
192,2008-11-16,5.0,10.0,75.0,2.0,2.0,15.0,3.0
193,2008-11-23,4.0,6.0,67.0,1.0,2.0,8.0,1.0
194,2008-11-30,4.0,7.0,77.0,2.0,2.0,8.0,3.0
195,2008-12-07,4.0,6.0,74.0,2.0,2.0,6.0,4.0
196,2008-12-14,3.0,5.0,70.0,1.0,2.0,5.0,3.0
197,2008-12-21,2.0,5.0,76.0,1.0,2.0,3.0,2.0
198,2008-12-28,3.0,5.0,83.0,1.0,2.0,3.0,3.0
199,2009-01-04,4.0,6.0,75.0,1.0,2.0,3.0,2.0
200,2009-01-11,4.0,5.0,79.0,1.0,2.0,3.0,2.0
201,2009-01-18,4.0,5.0,73.0,1.0,2.0,3.0,2.0
202,2009-01-25,5.0,6.0,75.0,1.0,2.0,2.0,5.0
203,2009-02-01,6.0,7.0,81.0,2.0,3.0,2.0,3.0
204,2009-02-08,6.0,8.0,76.0,2.0,3.0,2.0,1.0
205,2009-02-15,7.0,8.0,84.0,2.0,3.0,2.0,3.0
206,2009-02-22,7.0,8.0,80.0,2.0,3.0,2.0,3.0
207,2009-03-01,8.0,8.0,69.0,2.0,3.0,2.0,3.0
208,2009-03-08,7.0,6.0,63.0,1.0,2.0,1.0,2.0
209,2009-03-15,7.0,6.0,58.0,1.0,2.0,1.0,3.0
210,2009-03-22,6.0,5.0,58.0,1.0,2.0,1.0,2.0
211,2009-03-29,5.0,4.0,51.0,1.0,1.0,1.0,2.0
212,2009-04-05,4.0,3.0,50.0,1.0,1.0,1.0,2.0
213,2009-04-12,4.0,3.0,51.0,1.0,1.0,1.0,1.0
214,2009-04-19,18.0,10.0,46.0,4.0,3.0,2.0,3.0
215,2009-04-26,100.0,100.0,67.0,100.0,100.0,21.0,100.0
216,2009-05-03,27.0,29.0,54.0,26.0,34.0,4.0,16.0
217,2009-05-10,16.0,13.0,46.0,9.0,15.0,2.0,7.0
218,2009-05-17,12.0,12.0,47.0,8.0,16.0,2.0,6.0
219,2009-05-24,9.0,8.0,45.0,5.0,11.0,2.0,4.0
220,2009-05-31,8.0,7.0,40.0,4.0,9.0,1.0,3.0
221,2009-06-07,8.0,9.0,42.0,5.0,11.0,2.0,3.0
222,2009-06-14,7.0,8.0,41.0,4.0,10.0,2.0,4.0
223,2009-06-21,7.0,8.0,36.0,3.0,8.0,2.0,1.0
224,2009-06-28,8.0,11.0,39.0,3.0,7.0,2.0,2.0
225,2009-07-05,6.0,8.0,38.0,3.0,6.0,2.0,1.0
226,2009-07-12,6.0,7.0,36.0,3.0,6.0,2.0,4.0
227,2009-07-19,5.0,7.0,34.0,3.0,7.0,3.0,3.0
228,2009-07-26,6.0,9.0,35.0,4.0,8.0,5.0,4.0
229,2009-08-02,7.0,9.0,34.0,3.0,6.0,5.0,4.0
230,2009-08-09,7.0,10.0,38.0,4.0,8.0,6.0,4.0
231,2009-08-16,7.0,11.0,38.0,4.0,8.0,9.0,7.0
232,2009-08-23,8.0,16.0,46.0,7.0,15.0,16.0,7.0
233,2009-08-30,10.0,21.0,56.0,10.0,20.0,28.0,12.0
234,2009-09-06,10.0,22.0,63.0,10.0,23.0,31.0,12.0
235,2009-09-13,11.0,26.0,74.0,11.0,25.0,44.0,12.0
236,2009-09-20,12.0,29.0,80.0,12.0,27.0,48.0,14.0
237,2009-09-27,13.0,34.0,87.0,13.0,29.0,61.0,13.0
238,2009-10-04,14.0,41.0,89.0,15.0,32.0,76.0,17.0
239,2009-10-11,14.0,44.0,99.0,17.0,36.0,81.0,21.0
240,2009-10-18,16.0,55.0,100.0,22.0,44.0,100.0,35.0
241,2009-10-25,15.0,53.0,97.0,21.0,43.0,95.0,29.0
242,2009-11-01,12.0,42.0,92.0,16.0,33.0,70.0,23.0
243,2009-11-08,10.0,32.0,82.0,12.0,23.0,57.0,13.0
244,2009-11-15,8.0,24.0,74.0,8.0,17.0,38.0,12.0
245,2009-11-22,6.0,15.0,68.0,5.0,12.0,20.0,6.0
246,2009-11-29,6.0,13.0,75.0,4.0,9.0,19.0,6.0
247,2009-12-06,5.0,11.0,79.0,4.0,7.0,16.0,5.0
248,2009-12-13,4.0,10.0,72.0,3.0,6.0,16.0,4.0
249,2009-12-20,2.0,7.0,76.0,3.0,6.0,9.0,3.0
250,2009-12-27,2.0,7.0,84.0,2.0,6.0,7.0,3.0
251,2010-01-03,3.0,8.0,92.0,2.0,5.0,9.0,2.0
252,2010-01-10,4.0,7.0,76.0,2.0,5.0,8.0,3.0
253,2010-01-17,4.0,6.0,62.0,2.0,4.0,6.0,4.0
254,2010-01-24,3.0,5.0,64.0,1.0,3.0,4.0,2.0
255,2010-01-31,4.0,5.0,68.0,1.0,3.0,4.0,4.0
256,2010-02-07,3.0,4.0,71.0,1.0,3.0,2.0,3.0
257,2010-02-14,3.0,4.0,70.0,1.0,3.0,2.0,2.0
258,2010-02-21,3.0,5.0,67.0,1.0,3.0,2.0,5.0
259,2010-02-28,4.0,4.0,65.0,1.0,3.0,2.0,4.0
260,2010-03-07,4.000480555555555,5.00000019032514,64.00008757201616,1.0000375,2.0000664948453606,2.0000153060834025,1.9999996464657803
261,2010-03-14,3.619482407407407,4.285714448850118,58.000079362139644,1.0000375,1.818242268041237,2.0000153060834025,0.9999998232328902
262,2010-03-21,3.809981481481481,4.285714448850118,52.00007115226313,0.857175,1.4545938144329895,2.6666870747778706,2.99999946969867
263,2010-03-28,3.428983333333333,3.571428707375099,50.00006841563762,0.857175,1.4545938144329895,2.0000153060834025,3.499999381315115
264,2010-04-04,3.809981481481481,4.285714448850118,46.00006294238661,0.7143125,1.2727695876288658,2.0000153060834025,1.9999996464657803
265,2010-04-11,3.809981481481481,4.285714448850118,44.00006020576111,0.7143125,1.0909453608247421,2.6666870747778706,2.499999558082225
266,2010-04-18,3.809981481481481,3.571428707375099,42.000057469135605,0.7143125,1.0909453608247421,2.0000153060834025,2.499999558082225
267,2010-04-25,3.238484259259259,3.571428707375099,46.00006294238661,0.57145,0.9091211340206184,2.0000153060834025,1.9999996464657803
268,2010-05-02,3.0479851851851847,3.571428707375099,40.0000547325101,0.57145,0.9091211340206184,1.3333435373889353,1.9999996464657803
269,2010-05-09,3.0479851851851847,3.571428707375099,44.00006020576111,0.57145,0.9091211340206184,1.3333435373889353,1.9999996464657803
270,2010-05-16,3.0479851851851847,3.571428707375099,40.0000547325101,0.57145,0.9091211340206184,1.3333435373889353,3.499999381315115
271,2010-05-23,2.0954898148148144,2.8571429659000795,38.00005199588459,0.57145,0.7272969072164948,1.3333435373889353,0.9999998232328902
272,2010-05-30,2.476487962962963,2.8571429659000795,36.00004925925909,0.57145,0.9091211340206184,1.3333435373889353,0.0
273,2010-06-06,2.2859888888888884,2.8571429659000795,34.00004652263358,0.57145,0.7272969072164948,1.3333435373889353,0.0
274,2010-06-13,1.9049907407407405,2.142857224425059,34.00004652263358,0.4285875,0.7272969072164948,0.6666717686944676,0.0
275,2010-06-20,2.0954898148148144,2.142857224425059,32.00004378600808,0.4285875,0.5454726804123711,0.6666717686944676,0.0
276,2010-06-27,1.3334935185185184,2.142857224425059,34.00004652263358,0.4285875,0.5454726804123711,0.6666717686944676,0.9999998232328902
277,2010-07-04,1.5239925925925923,2.142857224425059,32.00004378600808,0.4285875,0.7272969072164948,0.6666717686944676,0.9999998232328902
278,2010-07-11,1.5239925925925923,2.142857224425059,34.00004652263358,0.4285875,0.5454726804123711,1.3333435373889353,3.499999381315115
279,2010-07-18,1.7144916666666665,2.8571429659000795,34.00004652263358,0.57145,0.5454726804123711,1.3333435373889353,0.0
280,2010-07-25,1.7144916666666665,2.142857224425059,32.00004378600808,0.4285875,0.5454726804123711,1.3333435373889353,1.499999734849335
281,2010-08-01,1.7144916666666665,2.8571429659000795,34.00004652263358,0.57145,0.7272969072164948,1.3333435373889353,0.0
282,2010-08-08,1.7144916666666665,2.8571429659000795,36.00004925925909,0.57145,0.7272969072164948,2.0000153060834025,0.9999998232328902
283,2010-08-15,1.9049907407407405,3.571428707375099,38.00005199588459,0.57145,0.7272969072164948,2.6666870747778706,0.9999998232328902
284,2010-08-22,2.2859888888888884,3.571428707375099,40.0000547325101,0.7143125,0.7272969072164948,4.000030612166805,1.9999996464657803
285,2010-08-29,3.0479851851851847,5.00000019032514,46.00006294238661,0.857175,0.7272969072164948,6.666717686944676,0.9999998232328902
286,2010-09-05,3.0479851851851847,5.714285931800159,52.00007115226313,1.1429,0.9091211340206184,9.333404761722546,1.499999734849335
287,2010-09-12,3.238484259259259,7.857143156225218,60.00008209876515,1.5714875000000001,1.2727695876288658,12.666763605194884,3.9999992929315606
288,2010-09-19,3.619482407407407,9.285714639175257,64.00008757201616,1.8572125000000002,1.2727695876288658,15.333450679972755,2.499999558082225
289,2010-09-26,4.000480555555555,10.00000038065028,60.00008209876515,2.000075,1.4545938144329895,18.000137754750625,5.99999893939734
290,2010-10-03,4.000480555555555,12.142857605075339,66.00009030864166,2.4286625,1.6364180412371134,24.6668554416953,2.499999558082225
291,2010-10-10,4.000480555555555,11.428571863600318,64.00008757201616,2.2858,1.6364180412371134,22.00016836691743,3.499999381315115
292,2010-10-17,4.190979629629629,11.428571863600318,68.00009304526716,2.1429375,1.6364180412371134,22.00016836691743,6.99999876263023
293,2010-10-24,4.000480555555555,10.714286122125298,62.000084835390645,2.000075,1.6364180412371134,18.000137754750625,3.9999992929315606
294,2010-10-31,3.619482407407407,9.285714639175257,72.00009851851819,1.8572125000000002,1.818242268041237,16.00012244866722,4.499999204548005
295,2010-11-07,3.809981481481481,8.571428897700237,70.00009578189267,1.8572125000000002,1.6364180412371134,13.333435373889351,4.99999911616445
296,2010-11-14,4.000480555555555,8.571428897700237,72.00009851851819,1.71435,1.818242268041237,11.33342006780595,3.9999992929315606
297,2010-11-21,2.857486111111111,6.4285716732751785,74.00010125514369,1.2857625000000001,1.6364180412371134,6.666717686944676,2.499999558082225
298,2010-11-28,4.000480555555555,7.142857414750198,82.0001122016457,1.428625,2.0000664948453606,7.333389455639144,4.499999204548005
299,2010-12-05,3.619482407407407,7.142857414750198,86.00011767489671,1.5714875000000001,2.1818907216494843,6.666717686944676,4.499999204548005
300,2010-12-12,3.809981481481481,7.142857414750198,88.00012041152222,1.5714875000000001,2.0000664948453606,5.333374149555741,3.9999992929315606
301,2010-12-19,2.857486111111111,7.142857414750198,88.00012041152222,1.5714875000000001,2.363714948453608,4.000030612166805,4.499999204548005
302,2010-12-26,2.6669870370370368,8.571428897700237,102.00013956790075,1.8572125000000002,3.0910118556701027,4.666702380861273,3.9999992929315606
303,2011-01-02,3.428983333333333,9.285714639175257,106.00014504115177,2.1429375,3.45466030927835,5.333374149555741,4.499999204548005
304,2011-01-09,4.571977777777777,8.571428897700237,94.00012862139873,1.8572125000000002,3.0910118556701027,4.666702380861273,3.499999381315115
305,2011-01-16,4.762476851851852,9.285714639175257,96.00013135802425,2.000075,3.45466030927835,4.000030612166805,5.499999027780895
306,2011-01-23,6.095970370370369,10.714286122125298,104.00014230452626,2.2858,4.181957216494845,4.000030612166805,4.99999911616445
307,2011-01-30,6.286469444444444,10.714286122125298,100.00013683127524,2.1429375,3.818308762886598,3.333358843472338,5.99999893939734
308,2011-02-06,6.667467592592592,11.428571863600318,104.00014230452626,2.2858,4.181957216494845,3.333358843472338,5.499999027780895
309,2011-02-13,8.00096111111111,11.428571863600318,100.00013683127524,2.2858,4.545605670103092,2.6666870747778706,8.499998497479565
310,2011-02-20,7.429463888888888,10.00000038065028,94.00012862139873,2.000075,3.636484536082474,2.6666870747778706,5.499999027780895
311,2011-02-27,6.476968518518518,8.571428897700237,86.00011767489671,1.71435,2.909187628865979,2.0000153060834025,4.499999204548005
312,2011-03-06,5.905471296296295,7.142857414750198,76.00010399176918,1.428625,2.5455391752577317,2.0000153060834025,2.99999946969867
313,2011-03-13,5.143475,5.714285931800159,68.00009304526716,1.2857625000000001,2.0000664948453606,1.3333435373889353,1.9999996464657803
314,2011-03-20,4.190979629629629,5.714285931800159,72.00009851851819,1.1429,1.818242268041237,1.3333435373889353,3.499999381315115
315,2011-03-27,3.619482407407407,5.00000019032514,70.00009578189267,1.0000375,1.818242268041237,1.3333435373889353,1.499999734849335
316,2011-04-03,3.238484259259259,4.285714448850118,62.000084835390645,0.857175,1.4545938144329895,1.3333435373889353,2.499999558082225
317,2011-04-10,3.0479851851851847,4.285714448850118,60.00008209876515,0.857175,1.0909453608247421,1.3333435373889353,1.9999996464657803
318,2011-04-17,2.6669870370370368,3.571428707375099,58.000079362139644,0.7143125,1.0909453608247421,1.3333435373889353,1.9999996464657803
319,2011-04-24,2.476487962962963,3.571428707375099,54.000073888888636,0.7143125,1.0909453608247421,1.3333435373889353,1.499999734849335
320,2011-05-01,2.6669870370370368,3.571428707375099,54.000073888888636,0.7143125,0.9091211340206184,0.6666717686944676,2.499999558082225
321,2011-05-08,2.0954898148148144,2.8571429659000795,54.000073888888636,0.7143125,0.9091211340206184,0.6666717686944676,1.9999996464657803
322,2011-05-15,2.0954898148148144,2.8571429659000795,52.00007115226313,0.7143125,0.9091211340206184,0.6666717686944676,1.499999734849335
323,2011-05-22,1.9049907407407405,2.8571429659000795,48.000065679012124,0.57145,0.9091211340206184,0.6666717686944676,1.9999996464657803
324,2011-05-29,1.9049907407407405,2.142857224425059,50.00006841563762,0.57145,0.9091211340206184,0.6666717686944676,1.9999996464657803
325,2011-06-05,1.5239925925925923,2.142857224425059,46.00006294238661,0.57145,0.9091211340206184,0.6666717686944676,1.499999734849335
326,2011-06-12,1.3334935185185184,2.142857224425059,44.00006020576111,0.57145,0.7272969072164948,0.6666717686944676,0.0
327,2011-06-19,1.3334935185185184,2.142857224425059,40.0000547325101,0.4285875,0.7272969072164948,0.6666717686944676,0.0
328,2011-06-26,1.5239925925925923,2.142857224425059,40.0000547325101,0.4285875,0.7272969072164948,0.6666717686944676,0.0
329,2011-07-03,1.3334935185185184,2.142857224425059,40.0000547325101,0.4285875,0.7272969072164948,0.6666717686944676,1.499999734849335
330,2011-07-10,1.5239925925925923,2.142857224425059,40.0000547325101,0.4285875,0.5454726804123711,0.6666717686944676,0.4999999116164451
331,2011-07-17,1.1429944444444442,2.142857224425059,38.00005199588459,0.4285875,0.7272969072164948,0.6666717686944676,1.9999996464657803
332,2011-07-24,1.7144916666666665,2.142857224425059,38.00005199588459,0.4285875,0.5454726804123711,1.3333435373889353,0.9999998232328902
333,2011-07-31,1.3334935185185184,2.142857224425059,36.00004925925909,0.4285875,0.5454726804123711,1.3333435373889353,0.9999998232328902
334,2011-08-07,1.3334935185185184,2.142857224425059,38.00005199588459,0.4285875,0.5454726804123711,2.0000153060834025,0.9999998232328902
335,2011-08-14,1.5239925925925923,2.8571429659000795,42.000057469135605,0.57145,0.7272969072164948,2.6666870747778706,1.9999996464657803
336,2011-08-21,1.7144916666666665,3.571428707375099,44.00006020576111,0.7143125,0.7272969072164948,3.333358843472338,0.4999999116164451
337,2011-08-28,2.0954898148148144,4.285714448850118,48.000065679012124,0.857175,0.9091211340206184,5.333374149555741,1.499999734849335
338,2011-09-04,2.2859888888888884,5.714285931800159,58.000079362139644,1.1429,1.0909453608247421,8.00006122433361,1.9999996464657803
339,2011-09-11,2.857486111111111,7.142857414750198,68.00009304526716,1.5714875000000001,1.2727695876288658,12.666763605194884,4.499999204548005
340,2011-09-18,3.428983333333333,9.285714639175257,74.00010125514369,1.8572125000000002,1.6364180412371134,16.00012244866722,2.99999946969867
341,2011-09-25,3.619482407407407,10.00000038065028,72.00009851851819,2.000075,1.6364180412371134,18.000137754750625,2.99999946969867
342,2011-10-02,3.619482407407407,12.142857605075339,78.00010672839468,2.4286625,2.0000664948453606,23.333511904306366,3.499999381315115
343,2011-10-09,3.428983333333333,11.428571863600318,70.00009578189267,2.4286625,1.818242268041237,23.333511904306366,5.499999027780895
344,2011-10-16,3.619482407407407,11.428571863600318,76.00010399176918,2.2858,2.1818907216494843,21.333496598222965,3.499999381315115
345,2011-10-23,3.428983333333333,10.714286122125298,76.00010399176918,2.2858,2.0000664948453606,20.000153060834027,2.99999946969867
346,2011-10-30,3.428983333333333,9.285714639175257,84.00011493827121,1.8572125000000002,2.0000664948453606,14.00010714258382,2.99999946969867
347,2011-11-06,3.428983333333333,8.571428897700237,84.00011493827121,1.71435,2.0000664948453606,12.000091836500417,2.99999946969867
348,2011-11-13,3.428983333333333,7.857143156225218,88.00012041152222,1.71435,2.1818907216494843,10.000076530417013,5.499999027780895
349,2011-11-20,2.6669870370370368,6.4285716732751785,78.00010672839468,1.428625,1.818242268041237,6.666717686944676,2.99999946969867
350,2011-11-27,3.428983333333333,7.142857414750198,86.00011767489671,1.5714875000000001,2.1818907216494843,7.333389455639144,3.499999381315115
351,2011-12-04,3.0479851851851847,6.4285716732751785,88.00012041152222,1.428625,2.1818907216494843,6.000045918250208,4.499999204548005
352,2011-12-11,2.476487962962963,6.4285716732751785,92.00012588477323,1.428625,2.1818907216494843,5.333374149555741,4.499999204548005
353,2011-12-18,2.0954898148148144,5.714285931800159,96.00013135802425,1.5714875000000001,2.1818907216494843,4.000030612166805,3.9999992929315606
354,2011-12-25,1.7144916666666665,6.4285716732751785,108.00014777777727,1.5714875000000001,2.727363402061856,3.333358843472338,3.9999992929315606
355,2012-01-01,2.6669870370370368,6.4285716732751785,108.00014777777727,1.5714875000000001,2.5455391752577317,4.000030612166805,2.99999946969867
356,2012-01-08,2.6669870370370368,5.714285931800159,92.00012588477323,1.428625,2.1818907216494843,4.000030612166805,3.9999992929315606
357,2012-01-15,2.476487962962963,5.714285931800159,94.00012862139873,1.428625,2.1818907216494843,3.333358843472338,4.499999204548005
358,2012-01-22,3.0479851851851847,5.714285931800159,90.00012314814772,1.428625,2.1818907216494843,3.333358843472338,2.99999946969867
359,2012-01-29,3.428983333333333,5.714285931800159,92.00012588477323,1.428625,2.1818907216494843,2.6666870747778706,3.9999992929315606
360,2012-02-05,3.809981481481481,5.714285931800159,92.00012588477323,1.2857625000000001,2.363714948453608,2.0000153060834025,3.499999381315115
361,2012-02-12,4.190979629629629,7.142857414750198,96.00013135802425,1.5714875000000001,2.5455391752577317,2.0000153060834025,4.99999911616445
362,2012-02-19,4.190979629629629,7.142857414750198,94.00012862139873,1.5714875000000001,2.5455391752577317,2.0000153060834025,3.499999381315115
363,2012-02-26,4.381478703703704,7.142857414750198,88.00012041152222,1.5714875000000001,2.363714948453608,2.0000153060834025,4.99999911616445
364,2012-03-04,4.952975925925926,7.142857414750198,84.00011493827121,1.428625,2.5455391752577317,2.0000153060834025,4.499999204548005
365,2012-03-11,4.762476851851852,6.4285716732751785,76.00010399176918,1.428625,2.363714948453608,2.0000153060834025,3.499999381315115
366,2012-03-18,4.000480555555555,5.714285931800159,64.00008757201616,1.1429,2.0000664948453606,2.0000153060834025,2.99999946969867
367,2012-03-25,4.000480555555555,5.00000019032514,62.000084835390645,1.0000375,1.6364180412371134,1.3333435373889353,1.9999996464657803
368,2012-04-01,3.0479851851851847,5.00000019032514,62.000084835390645,1.0000375,1.4545938144329895,0.6666717686944676,1.9999996464657803
369,2012-04-08,3.238484259259259,4.285714448850118,66.00009030864166,1.0000375,1.6364180412371134,1.3333435373889353,3.499999381315115
370,2012-04-15,3.0479851851851847,4.285714448850118,60.00008209876515,0.857175,1.2727695876288658,0.6666717686944676,1.499999734849335
371,2012-04-22,3.0479851851851847,3.571428707375099,60.00008209876515,0.857175,1.2727695876288658,1.3333435373889353,1.9999996464657803
372,2012-04-29,2.857486111111111,3.571428707375099,56.00007662551414,0.7143125,1.0909453608247421,0.6666717686944676,0.9999998232328902
373,2012-05-06,2.6669870370370368,3.571428707375099,54.000073888888636,0.7143125,1.0909453608247421,0.6666717686944676,2.499999558082225
374,2012-05-13,2.2859888888888884,3.571428707375099,54.000073888888636,0.7143125,1.2727695876288658,0.6666717686944676,1.499999734849335
375,2012-05-20,2.476487962962963,3.571428707375099,50.00006841563762,0.7143125,1.0909453608247421,0.6666717686944676,0.9999998232328902
376,2012-05-27,1.7144916666666665,2.8571429659000795,50.00006841563762,0.57145,1.0909453608247421,0.6666717686944676,3.499999381315115
377,2012-06-03,1.9049907407407405,2.8571429659000795,50.00006841563762,0.57145,0.9091211340206184,0.6666717686944676,1.9999996464657803
378,2012-06-10,1.5239925925925923,2.8571429659000795,46.00006294238661,0.7143125,0.9091211340206184,0.6666717686944676,0.9999998232328902
379,2012-06-17,1.5239925925925923,2.8571429659000795,48.000065679012124,0.57145,0.7272969072164948,0.6666717686944676,0.9999998232328902
380,2012-06-24,1.1429944444444442,2.142857224425059,44.00006020576111,0.57145,0.7272969072164948,0.6666717686944676,1.9999996464657803
381,2012-07-01,1.3334935185185184,2.142857224425059,46.00006294238661,0.57145,0.7272969072164948,0.6666717686944676,1.9999996464657803
382,2012-07-08,1.3334935185185184,2.142857224425059,42.000057469135605,0.57145,0.7272969072164948,0.6666717686944676,1.499999734849335
383,2012-07-15,1.5239925925925923,2.142857224425059,42.000057469135605,0.4285875,0.7272969072164948,0.6666717686944676,0.9999998232328902
384,2012-07-22,1.3334935185185184,2.142857224425059,44.00006020576111,0.57145,0.9091211340206184,0.6666717686944676,1.9999996464657803
385,2012-07-29,1.3334935185185184,2.8571429659000795,46.00006294238661,0.7143125,0.9091211340206184,1.3333435373889353,1.9999996464657803
386,2012-08-05,1.5239925925925923,2.8571429659000795,46.00006294238661,0.7143125,1.0909453608247421,2.0000153060834025,0.9999998232328902
387,2012-08-12,1.7144916666666665,2.8571429659000795,48.000065679012124,0.7143125,1.0909453608247421,2.6666870747778706,0.9999998232328902
388,2012-08-19,2.0954898148148144,3.571428707375099,56.00007662551414,0.857175,1.2727695876288658,4.000030612166805,2.499999558082225
389,2012-08-26,2.0954898148148144,4.285714448850118,58.000079362139644,1.0000375,1.4545938144329895,4.666702380861273,1.9999996464657803
390,2012-09-02,2.476487962962963,5.714285931800159,68.00009304526716,1.1429,1.4545938144329895,6.666717686944676,2.499999558082225
391,2012-09-09,3.0479851851851847,7.142857414750198,76.00010399176918,1.428625,1.6364180412371134,11.33342006780595,3.499999381315115
392,2012-09-16,3.0479851851851847,8.571428897700237,84.00011493827121,1.71435,1.818242268041237,14.666778911278287,2.499999558082225
393,2012-09-23,3.428983333333333,10.00000038065028,88.00012041152222,2.000075,1.818242268041237,18.666809523445092,3.9999992929315606
394,2012-09-30,3.809981481481481,12.142857605075339,82.0001122016457,2.4286625,2.0000664948453606,23.333511904306366,4.99999911616445
395,2012-10-07,3.238484259259259,12.142857605075339,88.00012041152222,2.4286625,2.1818907216494843,23.333511904306366,2.99999946969867
396,2012-10-14,3.428983333333333,11.428571863600318,80.0001094650202,2.2858,2.363714948453608,20.666824829528494,3.499999381315115
397,2012-10-21,3.428983333333333,10.714286122125298,78.00010672839468,2.1429375,2.363714948453608,18.666809523445092,3.9999992929315606
398,2012-10-28,3.0479851851851847,9.285714639175257,84.00011493827121,1.8572125000000002,2.1818907216494843,13.333435373889351,4.499999204548005
399,2012-11-04,3.619482407407407,8.571428897700237,86.00011767489671,1.8572125000000002,2.1818907216494843,12.000091836500417,3.499999381315115
400,2012-11-11,4.000480555555555,10.00000038065028,92.00012588477323,2.000075,2.5455391752577317,12.000091836500417,3.9999992929315606
401,2012-11-18,2.857486111111111,8.571428897700237,88.00012041152222,1.8572125000000002,2.5455391752577317,8.00006122433361,5.499999027780895
402,2012-11-25,4.571977777777777,10.714286122125298,108.00014777777727,2.2858,3.272836082474227,9.333404761722546,9.499998320712455
403,2012-12-02,6.476968518518518,16.428572053925457,104.00014230452626,3.2858375,4.545605670103092,16.00012244866722,11.99999787879468
404,2012-12-09,6.095970370370369,15.714286312450437,112.00015325102828,3.1429750000000003,4.90925412371134,12.000091836500417,9.499998320712455
405,2012-12-16,7.429463888888888,15.714286312450437,130.00017788065782,3.2858375,5.636551030927834,8.666732993028079,16.499997083342688
406,2012-12-23,7.619962962962962,18.571429278350514,166.0002271399169,3.8572875000000004,6.9093206185567,7.333389455639144,16.499997083342688
407,2012-12-30,9.715452777777777,25.000000951625694,182.00024903292095,5.0001875,8.000265979381442,13.333435373889351,17.99999681819202
408,2013-01-06,19.049907407407407,71.42857414750198,200.00027366255048,14.28625,18.18242268041237,66.66717686944676,49.9999911616445
409,2013-01-13,15.049426851851852,55.71428783505155,184.00025176954645,11.000412500000001,17.63695,46.66702380861273,38.99999310608271
410,2013-01-20,10.858447222222221,30.71428688342585,166.0002271399169,6.1430875,11.273102061855669,16.00012244866722,16.499997083342688
411,2013-01-27,8.95345648148148,20.71428650277558,134.00018335390885,4.285875,8.182090206185567,8.00006122433361,12.499997790411125
412,2013-02-03,7.048465740740741,15.714286312450437,120.0001641975303,3.1429750000000003,6.1820237113402055,5.333374149555741,11.499997967178235
413,2013-02-10,6.095970370370369,12.142857605075339,104.00014230452626,2.4286625,4.3637814432989686,3.333358843472338,5.99999893939734
414,2013-02-17,5.3339740740740735,11.428571863600318,114.00015598765377,2.2858,4.181957216494845,3.333358843472338,7.999998585863121
415,2013-02-24,4.952975925925926,10.00000038065028,98.00013409464974,2.000075,3.45466030927835,2.6666870747778706,5.499999027780895
416,2013-03-03,4.762476851851852,8.571428897700237,98.00013409464974,2.000075,3.272836082474227,2.0000153060834025,5.499999027780895
417,2013-03-10,4.381478703703704,7.857143156225218,88.00012041152222,1.71435,2.909187628865979,2.0000153060834025,3.9999992929315606
418,2013-03-17,4.190979629629629,7.857143156225218,86.00011767489671,1.5714875000000001,2.727363402061856,2.0000153060834025,4.499999204548005
419,2013-03-24,3.428983333333333,6.4285716732751785,84.00011493827121,1.428625,2.363714948453608,1.3333435373889353,4.99999911616445
420,2013-03-31,3.619482407407407,6.4285716732751785,76.00010399176918,1.5714875000000001,2.1818907216494843,1.3333435373889353,4.499999204548005
421,2013-04-07,3.619482407407407,5.714285931800159,68.00009304526716,1.428625,1.818242268041237,1.3333435373889353,3.499999381315115
422,2013-04-14,2.857486111111111,5.00000019032514,64.00008757201616,1.2857625000000001,1.4545938144329895,1.3333435373889353,3.9999992929315606
423,2013-04-21,3.0479851851851847,5.00000019032514,66.00009030864166,1.1429,1.4545938144329895,1.3333435373889353,2.99999946969867
424,2013-04-28,2.857486111111111,4.285714448850118,64.00008757201616,1.0000375,1.2727695876288658,1.3333435373889353,2.499999558082225
425,2013-05-05,2.476487962962963,3.571428707375099,62.000084835390645,0.857175,1.0909453608247421,1.3333435373889353,1.499999734849335
426,2013-05-12,2.0954898148148144,3.571428707375099,60.00008209876515,0.7143125,1.0909453608247421,1.3333435373889353,1.9999996464657803
427,2013-05-19,1.9049907407407405,2.8571429659000795,54.000073888888636,0.7143125,0.9091211340206184,1.3333435373889353,1.499999734849335
428,2013-05-26,1.7144916666666665,2.8571429659000795,56.00007662551414,0.7143125,0.9091211340206184,0.6666717686944676,1.9999996464657803
429,2013-06-02,1.7144916666666665,2.8571429659000795,52.00007115226313,0.57145,0.7272969072164948,0.6666717686944676,0.9999998232328902
430,2013-06-09,1.5239925925925923,2.8571429659000795,48.000065679012124,0.57145,0.7272969072164948,1.3333435373889353,0.9999998232328902
431,2013-06-16,1.3334935185185184,2.142857224425059,50.00006841563762,0.57145,0.7272969072164948,1.3333435373889353,0.9999998232328902
432,2013-06-23,1.3334935185185184,2.142857224425059,46.00006294238661,0.57145,0.7272969072164948,0.6666717686944676,1.499999734849335
433,2013-06-30,1.1429944444444442,2.142857224425059,44.00006020576111,0.57145,0.7272969072164948,0.6666717686944676,0.9999998232328902
434,2013-07-07,1.3334935185185184,2.142857224425059,44.00006020576111,0.4285875,0.7272969072164948,0.6666717686944676,0.4999999116164451
435,2013-07-14,1.3334935185185184,2.142857224425059,42.000057469135605,0.4285875,0.7272969072164948,0.6666717686944676,0.9999998232328902
436,2013-07-21,1.3334935185185184,2.8571429659000795,46.00006294238661,0.57145,0.7272969072164948,1.3333435373889353,0.9999998232328902
437,2013-07-28,1.3334935185185184,2.142857224425059,48.000065679012124,0.57145,0.9091211340206184,1.3333435373889353,0.9999998232328902
438,2013-08-04,1.3334935185185184,2.142857224425059,50.00006841563762,0.57145,0.7272969072164948,1.3333435373889353,0.9999998232328902
439,2013-08-11,1.7144916666666665,2.8571429659000795,54.000073888888636,0.57145,0.7272969072164948,2.0000153060834025,1.499999734849335
440,2013-08-18,1.7144916666666665,2.8571429659000795,54.000073888888636,0.7143125,0.7272969072164948,2.6666870747778706,0.9999998232328902
441,2013-08-25,2.0954898148148144,3.571428707375099,60.00008209876515,0.857175,0.9091211340206184,4.000030612166805,1.9999996464657803
442,2013-09-01,2.476487962962963,5.714285931800159,68.00009304526716,1.1429,1.0909453608247421,8.00006122433361,1.9999996464657803
443,2013-09-08,3.0479851851851847,7.142857414750198,72.00009851851819,1.428625,1.2727695876288658,12.000091836500417,2.99999946969867
444,2013-09-15,3.238484259259259,9.285714639175257,84.00011493827121,1.8572125000000002,1.4545938144329895,16.66679421736169,3.9999992929315606
445,2013-09-22,3.809981481481481,12.142857605075339,90.00012314814772,2.4286625,1.6364180412371134,22.6668401356119,3.499999381315115
446,2013-09-29,3.619482407407407,13.571429088025377,82.0001122016457,2.7143875,1.818242268041237,28.00021428516764,5.499999027780895
447,2013-10-06,3.619482407407407,13.571429088025377,80.0001094650202,2.85725,1.818242268041237,28.00021428516764,4.99999911616445
448,2013-10-13,3.809981481481481,13.571429088025377,82.0001122016457,2.7143875,2.0000664948453606,26.000198979084235,4.499999204548005
449,2013-10-20,4.000480555555555,13.571429088025377,94.00012862139873,2.7143875,2.1818907216494843,24.6668554416953,4.99999911616445
450,2013-10-27,3.809981481481481,11.428571863600318,86.00011767489671,2.4286625,2.1818907216494843,20.666824829528494,4.499999204548005
451,2013-11-03,3.809981481481481,11.428571863600318,96.00013135802425,2.2858,2.1818907216494843,18.000137754750625,5.499999027780895
452,2013-11-10,3.809981481481481,10.714286122125298,104.00014230452626,2.2858,2.363714948453608,14.666778911278287,6.499998851013785
453,2013-11-17,3.809981481481481,9.285714639175257,96.00013135802425,2.000075,2.1818907216494843,12.000091836500417,5.499999027780895
454,2013-11-24,2.6669870370370368,8.571428897700237,106.00014504115177,1.8572125000000002,2.1818907216494843,9.333404761722546,3.499999381315115
455,2013-12-01,4.000480555555555,9.285714639175257,104.00014230452626,2.000075,2.727363402061856,8.00006122433361,5.499999027780895
456,2013-12-08,4.381478703703704,10.00000038065028,114.00015598765377,2.1429375,2.909187628865979,8.00006122433361,5.99999893939734
457,2013-12-15,5.3339740740740735,12.142857605075339,118.0001614609048,2.85725,4.000132989690721,8.00006122433361,8.99999840909601
458,2013-12-22,6.095970370370369,16.428572053925457,136.00018609053433,3.7144250000000003,6.000199484536083,8.00006122433361,14.499997436876905
459,2013-12-29,8.00096111111111,22.857143727200636,170.00023261316792,4.857325,7.272969072164948,16.00012244866722,13.499997613644018
460,2014-01-05,9.33445462962963,29.285715400475816,170.00023261316792,6.4288125,8.36391443298969,28.00021428516764,15.999997171726243
461,2014-01-12,9.33445462962963,27.142858176050755,128.0001751440323,5.7145,8.000265979381442,22.6668401356119,17.99999681819202
462,2014-01-19,8.381959259259258,21.428572244250596,144.00019703703637,4.5716,6.9093206185567,14.666778911278287,12.499997790411125
463,2014-01-26,7.429463888888888,17.857143536875494,138.00018882715983,3.7144250000000003,5.636551030927834,10.000076530417013,12.99999770202757
464,2014-02-02,5.905471296296295,12.857143346550357,118.0001614609048,2.7143875,4.3637814432989686,6.000045918250208,6.499998851013785
465,2014-02-09,5.143475,10.00000038065028,110.00015051440276,2.1429375,3.272836082474227,4.666702380861273,6.99999876263023
466,2014-02-16,4.571977777777777,9.285714639175257,104.00014230452626,2.000075,3.0910118556701027,3.333358843472338,7.499998674246675
467,2014-02-23,4.190979629629629,7.857143156225218,100.00013683127524,1.71435,2.727363402061856,3.333358843472338,4.499999204548005
468,2014-03-02,3.809981481481481,7.142857414750198,96.00013135802425,1.5714875000000001,2.363714948453608,2.6666870747778706,3.9999992929315606
469,2014-03-09,3.428983333333333,6.4285716732751785,88.00012041152222,1.428625,2.0000664948453606,2.0000153060834025,3.499999381315115
470,2014-03-16,3.238484259259259,5.714285931800159,86.00011767489671,1.2857625000000001,2.0000664948453606,2.0000153060834025,3.9999992929315606
471,2014-03-23,3.238484259259259,5.714285931800159,86.00011767489671,1.2857625000000001,2.0000664948453606,2.0000153060834025,4.499999204548005
472,2014-03-30,3.428983333333333,5.714285931800159,78.00010672839468,1.2857625000000001,1.818242268041237,2.0000153060834025,4.499999204548005
473,2014-04-06,3.809981481481481,5.714285931800159,76.00010399176918,1.2857625000000001,1.818242268041237,2.0000153060834025,1.9999996464657803
474,2014-04-13,3.0479851851851847,5.00000019032514,70.00009578189267,1.1429,1.4545938144329895,1.3333435373889353,0.9999998232328902
475,2014-04-20,3.238484259259259,5.00000019032514,70.00009578189267,1.1429,1.6364180412371134,1.3333435373889353,2.99999946969867
476,2014-04-27,3.238484259259259,4.285714448850118,68.00009304526716,1.0000375,1.4545938144329895,1.3333435373889353,2.499999558082225
477,2014-05-04,3.0479851851851847,4.285714448850118,64.00008757201616,0.857175,1.2727695876288658,1.3333435373889353,1.9999996464657803
478,2014-05-11,2.6669870370370368,3.571428707375099,64.00008757201616,0.857175,1.0909453608247421,1.3333435373889353,3.9999992929315606
479,2014-05-18,2.476487962962963,3.571428707375099,62.000084835390645,0.7143125,1.0909453608247421,1.3333435373889353,1.9999996464657803
480,2014-05-25,1.9049907407407405,3.571428707375099,58.000079362139644,0.7143125,0.9091211340206184,0.6666717686944676,1.9999996464657803
481,2014-06-01,1.7144916666666665,3.571428707375099,56.00007662551414,0.7143125,0.9091211340206184,1.3333435373889353,1.499999734849335
482,2014-06-08,1.5239925925925923,2.8571429659000795,52.00007115226313,0.57145,0.9091211340206184,1.3333435373889353,0.9999998232328902
483,2014-06-15,1.5239925925925923,2.8571429659000795,52.00007115226313,0.57145,0.7272969072164948,0.6666717686944676,1.499999734849335
484,2014-06-22,1.3334935185185184,2.8571429659000795,48.000065679012124,0.57145,0.7272969072164948,0.6666717686944676,1.499999734849335
485,2014-06-29,1.5239925925925923,2.8571429659000795,50.00006841563762,0.57145,0.7272969072164948,0.6666717686944676,1.499999734849335
486,2014-07-06,1.5239925925925923,2.8571429659000795,48.000065679012124,0.7143125,0.7272969072164948,1.3333435373889353,1.499999734849335
487,2014-07-13,1.5239925925925923,2.8571429659000795,48.000065679012124,0.57145,0.5454726804123711,0.6666717686944676,1.499999734849335
488,2014-07-20,1.3334935185185184,2.8571429659000795,48.000065679012124,0.57145,0.7272969072164948,1.3333435373889353,0.9999998232328902
489,2014-07-27,1.5239925925925923,2.8571429659000795,50.00006841563762,0.57145,0.7272969072164948,1.3333435373889353,1.499999734849335
490,2014-08-03,1.7144916666666665,2.8571429659000795,52.00007115226313,0.7143125,0.7272969072164948,2.0000153060834025,1.499999734849335
491,2014-08-10,1.5239925925925923,2.8571429659000795,54.000073888888636,0.7143125,0.7272969072164948,2.0000153060834025,1.499999734849335
492,2014-08-17,1.9049907407407405,3.571428707375099,60.00008209876515,0.7143125,0.7272969072164948,3.333358843472338,1.9999996464657803
493,2014-08-24,2.0954898148148144,4.285714448850118,64.00008757201616,0.857175,0.9091211340206184,4.666702380861273,2.499999558082225
494,2014-08-31,2.476487962962963,5.00000019032514,70.00009578189267,1.0000375,0.9091211340206184,6.666717686944676,1.499999734849335
495,2014-09-07,2.857486111111111,7.857143156225218,86.00011767489671,1.5714875000000001,1.0909453608247421,11.33342006780595,2.99999946969867
496,2014-09-14,3.238484259259259,9.285714639175257,94.00012862139873,2.000075,1.4545938144329895,16.00012244866722,2.99999946969867
497,2014-09-21,3.809981481481481,11.428571863600318,92.00012588477323,2.2858,1.4545938144329895,22.00016836691743,5.499999027780895
498,2014-09-28,4.381478703703704,15.000000570975416,86.00011767489671,3.0001125,1.818242268041237,27.33354251647317,7.999998585863121
499,2014-10-05,5.143475,17.142857795400474,94.00012862139873,3.5715625,2.363714948453608,34.000260203417845,7.499998674246675
500,2014-10-12,6.095970370370369,20.00000076130056,88.00012041152222,4.1430125,2.727363402061856,36.666947278195714,7.499998674246675
501,2014-10-19,5.524473148148148,17.857143536875494,86.00011767489671,3.5715625,2.5455391752577317,33.33358843472338,7.499998674246675
502,2014-10-26,4.571977777777777,14.285714829500396,92.00012588477323,2.85725,2.1818907216494843,24.000183673000834,6.99999876263023
503,2014-11-02,4.190979629629629,12.857143346550357,100.00013683127524,2.5715250000000003,2.363714948453608,21.333496598222965,4.499999204548005
504,2014-11-09,4.381478703703704,11.428571863600318,112.00015325102828,2.2858,2.363714948453608,16.00012244866722,5.499999027780895
505,2014-11-16,4.190979629629629,10.714286122125298,116.00015872427929,2.1429375,2.5455391752577317,13.333435373889351,6.499998851013785
506,2014-11-23,3.809981481481481,9.285714639175257,100.00013683127524,2.000075,2.5455391752577317,8.666732993028079,5.99999893939734
507,2014-11-30,6.286469444444444,13.571429088025377,110.00015051440276,2.7143875,3.636484536082474,12.666763605194884,7.999998585863121
508,2014-12-07,8.95345648148148,16.428572053925457,120.0001641975303,3.2858375,4.545605670103092,12.000091836500417,10.499998143945346
509,2014-12-14,12.572938888888888,22.142857985725616,144.00019703703637,4.285875,7.272969072164948,9.333404761722546,18.99999664142491
510,2014-12-21,12.953937037037036,26.428572434575734,164.0002244032914,5.143050000000001,9.454859793814432,7.333389455639144,15.499997260109796
511,2014-12-28,14.287430555555554,30.000001141950833,196.00026818929948,5.8573625,10.182156701030927,8.666732993028079,10.499998143945346
512,2015-01-04,11.81094259259259,25.714286693100714,180.00024629629544,5.0001875,8.727562886597937,8.666732993028079,14.499997436876905
513,2015-01-11,10.28695,21.428572244250596,142.00019430041084,4.00015,7.454793298969071,7.333389455639144,12.99999770202757
514,2015-01-18,9.33445462962963,19.285715019825535,134.00018335390885,3.7144250000000003,6.9093206185567,4.666702380861273,9.9999982323289
515,2015-01-25,8.381959259259258,16.428572053925457,130.00017788065782,3.1429750000000003,5.818375257731958,4.666702380861273,8.499998497479565
516,2015-02-01,7.048465740740741,13.571429088025377,120.0001641975303,2.7143875,4.90925412371134,4.000030612166805,8.99999840909601
517,2015-02-08,6.095970370370369,12.142857605075339,118.0001614609048,2.4286625,4.3637814432989686,3.333358843472338,8.499998497479565
518,2015-02-15,5.3339740740740735,10.714286122125298,130.00017788065782,2.4286625,4.000132989690721,2.6666870747778706,7.499998674246675
519,2015-02-22,5.143475,9.285714639175257,114.00015598765377,2.1429375,3.45466030927835,2.6666870747778706,5.499999027780895
520,2015-03-01,5.143475,9.285714639175257,108.00014814814814,2.1429375,3.272836082474227,2.6666938775510203,6.000018181818182
521,2015-03-08,6.000720833333333,8.12500030927835,92.57155555555555,1.6667291666666668,2.909187628865979,1.7777959183673466,4.285727272727272
522,2015-03-15,6.000720833333333,6.964285979381444,77.14296296296295,1.428625,2.1818907216494843,0.8888979591836733,4.285727272727272
523,2015-03-22,5.5720979166666655,5.803571649484536,82.28582716049382,1.1905208333333335,2.1818907216494843,0.8888979591836733,4.285727272727272
524,2015-03-29,5.143475,5.803571649484536,66.85723456790123,0.9524166666666667,1.818242268041237,0.8888979591836733,3.4285818181818186
525,2015-04-05,6.000720833333333,5.803571649484536,66.85723456790123,1.1905208333333335,1.818242268041237,0.8888979591836733,4.285727272727272
526,2015-04-12,5.5720979166666655,4.642857319587629,51.428641975308636,1.428625,1.818242268041237,0.8888979591836733,2.5714363636363635
527,2015-04-19,4.286229166666667,3.482142989690722,46.285777777777774,1.1905208333333335,1.4545938144329895,0.8888979591836733,3.4285818181818186
528,2015-04-26,3.85760625,2.3214286597938143,41.14291358024691,0.7143125,1.0909453608247421,0.0,2.5714363636363635
529,2015-05-03,3.428983333333333,2.3214286597938143,30.857185185185184,0.47620833333333334,0.7272969072164948,0.0,2.5714363636363635
530,2015-05-10,2.5717375,2.3214286597938143,25.714320987654318,0.47620833333333334,0.7272969072164948,0.0,2.5714363636363635
531,2015-05-17,2.5717375,2.3214286597938143,30.857185185185184,0.47620833333333334,0.7272969072164948,0.0,1.7142909090909093
532,2015-05-24,2.1431145833333334,1.1607143298969071,20.571456790123456,0.47620833333333334,0.7272969072164948,0.0,0.0
533,2015-05-31,1.28586875,1.1607143298969071,15.428592592592592,0.23810416666666667,0.3636484536082474,0.0,1.7142909090909093
534,2015-06-07,1.28586875,1.1607143298969071,15.428592592592592,0.23810416666666667,0.3636484536082474,0.0,0.8571454545454547
535,2015-06-14,0.8572458333333333,0.0,5.142864197530864,0.0,0.0,0.0,0.8571454545454547
536,2015-06-21,0.42862291666666663,0.0,0.0,0.0,0.0,0.0,0.0
537,2015-06-28,0.42862291666666663,0.0,0.0,0.0,0.0,0.0,0.0
538,2015-07-05,0.42862291666666663,0.0,0.0,0.0,0.0,0.0,0.8571454545454547
539,2015-07-12,0.42862291666666663,0.0,0.0,0.0,0.0,0.0,0.0
540,2015-07-19,0.42862291666666663,0.0,0.0,0.0,0.0,0.8888979591836733,0.8571454545454547
541,2015-07-26,0.42862291666666663,0.0,5.142864197530864,0.0,0.0,0.8888979591836733,0.8571454545454547
542,2015-08-02,0.42862291666666663,0.0,5.142864197530864,0.0,0.0,1.7777959183673466,0.8571454545454547
543,2015-08-09,0.42862291666666663,1.1607143298969071,10.285728395061728,0.0,0.0,2.6666938775510203,0.0
544,2015-08-16,0.8572458333333333,1.1607143298969071,15.428592592592592,0.23810416666666667,0.0,3.5555918367346933,0.8571454545454547
545,2015-08-23,1.28586875,2.3214286597938143,25.714320987654318,0.23810416666666667,0.0,6.2222857142857135,0.8571454545454547
546,2015-08-30,2.1431145833333334,3.482142989690722,36.00004938271606,0.47620833333333334,0.3636484536082474,9.777877551020408,1.7142909090909093
547,2015-09-06,2.1431145833333334,4.642857319587629,51.428641975308636,0.7143125,0.3636484536082474,12.444571428571427,0.8571454545454547
548,2015-09-13,3.0003604166666666,8.12500030927835,66.85723456790123,1.428625,0.7272969072164948,24.00024489795918,1.7142909090909093
549,2015-09-20,3.428983333333333,10.446428969072166,82.28582716049382,1.9048333333333334,1.0909453608247421,31.11142857142857,4.285727272727272
550,2015-09-27,4.286229166666667,13.928571958762888,82.28582716049382,2.6191458333333335,1.4545938144329895,41.77820408163265,3.4285818181818186
551,2015-10-04,4.286229166666667,19.732143608247423,87.4286913580247,3.5715625,1.818242268041237,58.667265306122445,4.285727272727272
552,2015-10-11,4.286229166666667,17.41071494845361,87.4286913580247,3.3334583333333336,1.818242268041237,51.556081632653054,5.142872727272727
553,2015-10-18,3.85760625,17.41071494845361,87.4286913580247,3.3334583333333336,1.818242268041237,52.444979591836734,4.285727272727272
554,2015-10-25,3.85760625,15.089286288659794,82.28582716049382,2.85725,1.818242268041237,42.667102040816324,4.285727272727272
555,2015-11-01,3.85760625,12.767857628865979,87.4286913580247,2.6191458333333335,1.818242268041237,33.77812244897959,5.142872727272727
556,2015-11-08,3.428983333333333,11.607143298969072,102.85728395061727,2.1429375,1.818242268041237,26.666938775510204,4.285727272727272
557,2015-11-15,3.428983333333333,10.446428969072166,102.85728395061727,1.9048333333333334,1.818242268041237,21.333551020408162,4.285727272727272
558,2015-11-22,1.7144916666666665,6.964285979381444,102.85728395061727,1.428625,1.4545938144329895,14.222367346938773,3.4285818181818186
559,2015-11-29,3.85760625,9.285714639175257,123.42874074074074,1.6667291666666668,2.1818907216494843,13.333469387755102,4.285727272727272
560,2015-12-06,3.428983333333333,6.964285979381444,102.85728395061727,1.428625,2.1818907216494843,11.555673469387756,5.142872727272727
561,2015-12-13,3.0003604166666666,6.964285979381444,113.14301234567901,1.428625,2.1818907216494843,9.777877551020408,3.4285818181818186
562,2015-12-20,1.7144916666666665,6.964285979381444,133.71446913580246,1.6667291666666668,2.5455391752577317,6.2222857142857135,6.857163636363637
563,2015-12-27,2.5717375,8.12500030927835,185.1431111111111,1.6667291666666668,2.5455391752577317,6.2222857142857135,3.4285818181818186
564,2016-01-03,3.428983333333333,8.12500030927835,180.00024691358024,1.6667291666666668,2.5455391752577317,6.2222857142857135,3.4285818181818186
565,2016-01-10,3.428983333333333,6.964285979381444,138.85733333333332,1.428625,1.818242268041237,5.3333877551020406,4.285727272727272
566,2016-01-17,3.428983333333333,6.964285979381444,154.2859259259259,1.6667291666666668,2.1818907216494843,4.444489795918368,4.285727272727272
567,2016-01-24,4.286229166666667,8.12500030927835,138.85733333333332,1.6667291666666668,2.1818907216494843,4.444489795918368,4.285727272727272
568,2016-01-31,5.143475,8.12500030927835,123.42874074074074,1.428625,2.1818907216494843,4.444489795918368,4.285727272727272
569,2016-02-07,6.000720833333333,9.285714639175257,154.2859259259259,1.6667291666666668,2.5455391752577317,3.5555918367346933,6.857163636363637
570,2016-02-14,7.7152125,12.767857628865979,144.00019753086423,2.381041666666667,3.636484536082474,4.444489795918368,5.142872727272727
571,2016-02-21,9.858327083333332,15.089286288659794,118.28587654320987,2.6191458333333335,4.3637814432989686,4.444489795918368,5.142872727272727
572,2016-02-28,11.144195833333331,15.089286288659794,113.14301234567901,2.85725,4.3637814432989686,3.5555918367346933,7.714309090909091
573,2016-03-06,12.001441666666667,16.2500006185567,102.85728395061727,3.0953541666666666,4.727429896907216,3.5555918367346933,8.571454545454545
574,2016-03-13,9.858327083333332,12.767857628865979,92.57155555555555,2.381041666666667,4.000132989690721,2.6666938775510203,5.142872727272727
575,2016-03-20,8.143835416666665,10.446428969072166,92.57155555555555,2.1429375,3.272836082474227,2.6666938775510203,4.285727272727272
576,2016-03-27,7.286589583333333,10.446428969072166,82.28582716049382,1.9048333333333334,2.909187628865979,1.7777959183673466,5.142872727272727
577,2016-04-03,6.429343749999999,8.12500030927835,77.14296296296295,1.428625,2.1818907216494843,1.7777959183673466,3.4285818181818186
578,2016-04-10,6.000720833333333,6.964285979381444,72.00009876543211,1.1905208333333335,1.818242268041237,1.7777959183673466,4.285727272727272
579,2016-04-17,5.5720979166666655,8.12500030927835,56.571506172839506,1.428625,1.818242268041237,1.7777959183673466,3.4285818181818186
580,2016-04-24,3.85760625,5.803571649484536,51.428641975308636,0.9524166666666667,1.4545938144329895,0.8888979591836733,2.5714363636363635
581,2016-05-01,3.0003604166666666,4.642857319587629,46.285777777777774,0.7143125,1.0909453608247421,0.8888979591836733,3.4285818181818186
582,2016-05-08,2.5717375,3.482142989690722,46.285777777777774,0.7143125,0.7272969072164948,0.0,1.7142909090909093
583,2016-05-15,2.1431145833333334,2.3214286597938143,51.428641975308636,0.7143125,0.7272969072164948,0.0,2.5714363636363635
584,2016-05-22,1.28586875,3.482142989690722,36.00004938271606,1.428625,0.3636484536082474,0.0,0.8571454545454547
585,2016-05-29,0.8572458333333333,2.3214286597938143,30.857185185185184,0.7143125,0.3636484536082474,0.0,0.0
586,2016-06-05,0.8572458333333333,1.1607143298969071,20.571456790123456,0.23810416666666667,0.0,0.0,0.0
587,2016-06-12,0.42862291666666663,1.1607143298969071,15.428592592592592,0.23810416666666667,0.0,0.0,0.8571454545454547
588,2016-06-19,0.0,1.1607143298969071,15.428592592592592,0.0,0.0,0.0,0.0
589,2016-06-26,0.42862291666666663,0.0,5.142864197530864,0.0,0.0,0.0,0.8571454545454547
590,2016-07-03,0.0,0.0,10.285728395061728,0.0,0.0,0.0,0.0
591,2016-07-10,0.42862291666666663,0.0,5.142864197530864,0.0,0.0,0.0,0.8571454545454547
592,2016-07-17,0.0,0.0,10.285728395061728,0.0,0.0,0.0,0.0
593,2016-07-24,0.0,0.0,10.285728395061728,0.0,0.0,0.0,0.0
594,2016-07-31,0.0,0.0,10.285728395061728,0.0,0.0,0.8888979591836733,0.0
595,2016-08-07,0.0,0.0,5.142864197530864,0.0,0.0,1.7777959183673466,0.8571454545454547
596,2016-08-14,0.42862291666666663,1.1607143298969071,15.428592592592592,0.0,0.0,3.5555918367346933,0.0
597,2016-08-21,0.8572458333333333,2.3214286597938143,30.857185185185184,0.23810416666666667,0.0,5.3333877551020406,1.7142909090909093
598,2016-08-28,1.28586875,3.482142989690722,51.428641975308636,0.7143125,0.3636484536082474,8.888979591836735,1.7142909090909093
599,2016-09-04,1.28586875,5.803571649484536,72.00009876543211,0.9524166666666667,0.3636484536082474,15.111265306122448,1.7142909090909093
600,2016-09-11,2.5717375,8.12500030927835,82.28582716049382,1.6667291666666668,0.7272969072164948,23.11134693877551,2.5714363636363635
601,2016-09-18,2.5717375,10.446428969072166,87.4286913580247,1.9048333333333334,1.0909453608247421,28.444734693877546,2.5714363636363635
602,2016-09-25,3.428983333333333,13.928571958762888,102.85728395061727,2.6191458333333335,1.0909453608247421,40.88930612244898,4.285727272727272
603,2016-10-02,3.428983333333333,16.2500006185567,92.57155555555555,3.0953541666666666,1.4545938144329895,48.889387755102035,3.4285818181818186
604,2016-10-09,3.0003604166666666,16.2500006185567,102.85728395061727,3.0953541666666666,1.4545938144329895,47.111591836734696,2.5714363636363635
605,2016-10-16,3.0003604166666666,15.089286288659794,82.28582716049382,2.85725,1.4545938144329895,42.667102040816324,5.142872727272727
606,2016-10-23,3.0003604166666666,13.928571958762888,97.71441975308643,2.85725,1.4545938144329895,39.11151020408163,5.142872727272727
607,2016-10-30,3.0003604166666666,11.607143298969072,87.4286913580247,2.1429375,1.4545938144329895,29.333632653061223,3.4285818181818186
608,2016-11-06,2.1431145833333334,9.285714639175257,87.4286913580247,1.9048333333333334,1.4545938144329895,23.11134693877551,3.4285818181818186
609,2016-11-13,3.0003604166666666,9.285714639175257,118.28587654320987,1.9048333333333334,1.818242268041237,21.333551020408162,5.142872727272727
610,2016-11-20,1.7144916666666665,6.964285979381444,123.42874074074074,1.428625,1.4545938144329895,13.333469387755102,2.5714363636363635
611,2016-11-27,3.428983333333333,9.285714639175257,144.00019753086423,1.9048333333333334,2.1818907216494843,15.111265306122448,4.285727272727272
612,2016-12-04,3.428983333333333,8.12500030927835,149.14306172839505,1.6667291666666668,1.818242268041237,12.444571428571427,6.000018181818182
613,2016-12-11,3.85760625,9.285714639175257,180.00024691358024,1.9048333333333334,2.1818907216494843,10.666775510204081,6.000018181818182
614,2016-12-18,3.85760625,10.446428969072166,210.85743209876546,2.381041666666667,2.909187628865979,8.888979591836735,8.571454545454545
615,2016-12-25,5.143475,13.928571958762888,236.57175308641973,3.0953541666666666,3.636484536082474,8.00008163265306,12.000036363636363
616,2017-01-01,6.429343749999999,16.2500006185567,252.00034567901236,3.3334583333333336,4.3637814432989686,10.666775510204081,10.285745454545454
617,2017-01-08,7.7152125,16.2500006185567,210.85743209876546,3.3334583333333336,4.3637814432989686,9.777877551020408,9.428600000000001
618,2017-01-15,8.572458333333334,16.2500006185567,174.8573827160494,3.3334583333333336,4.3637814432989686,8.888979591836735,11.14289090909091
619,2017-01-22,10.715572916666666,17.41071494845361,180.00024691358024,3.5715625,4.3637814432989686,8.888979591836735,8.571454545454545
620,2017-01-29,13.287310416666667,20.89285793814433,205.71456790123455,4.047770833333334,5.818375257731958,8.888979591836735,11.14289090909091
621,2017-02-05,16.71629375,26.696429587628867,210.85743209876546,5.0001875,7.636617525773196,8.888979591836735,16.285763636363637
622,2017-02-12,16.28767083333333,25.535715257731958,190.28597530864198,5.0001875,8.000265979381442,8.00008163265306,14.571472727272727
623,2017-02-19,15.430425,23.214286597938145,169.71451851851853,4.285875,6.9093206185567,6.2222857142857135,12.000036363636363
624,2017-02-26,11.57281875,16.2500006185567,138.85733333333332,3.0953541666666666,4.3637814432989686,4.444489795918368,6.857163636363637
625,2017-03-05,10.715572916666666,13.928571958762888,128.5716049382716,2.85725,3.636484536082474,3.5555918367346933,7.714309090909091
626,2017-03-12,9.858327083333332,12.767857628865979,128.5716049382716,2.381041666666667,3.272836082474227,2.6666938775510203,6.857163636363637
627,2017-03-19,10.28695,12.767857628865979,123.42874074074074,2.381041666666667,3.636484536082474,2.6666938775510203,6.857163636363637
628,2017-03-26,9.001081249999999,11.607143298969072,97.71441975308643,2.1429375,2.909187628865979,2.6666938775510203,5.142872727272727
629,2017-04-02,7.286589583333333,9.285714639175257,87.4286913580247,1.6667291666666668,2.1818907216494843,2.6666938775510203,4.285727272727272
630,2017-04-09,5.5720979166666655,6.964285979381444,77.14296296296295,1.428625,1.4545938144329895,1.7777959183673466,4.285727272727272
631,2017-04-16,4.714852083333333,5.803571649484536,61.71437037037037,0.9524166666666667,1.0909453608247421,1.7777959183673466,3.4285818181818186
632,2017-04-23,3.85760625,4.642857319587629,61.71437037037037,0.7143125,1.0909453608247421,0.8888979591836733,2.5714363636363635
633,2017-04-30,3.0003604166666666,3.482142989690722,56.571506172839506,0.47620833333333334,0.7272969072164948,0.8888979591836733,3.4285818181818186
634,2017-05-07,2.5717375,3.482142989690722,56.571506172839506,0.47620833333333334,0.3636484536082474,0.8888979591836733,2.5714363636363635
635,2017-05-14,1.7144916666666665,2.3214286597938143,56.571506172839506,0.47620833333333334,0.3636484536082474,0.0,1.7142909090909093
636,2017-05-21,1.7144916666666665,2.3214286597938143,51.428641975308636,0.47620833333333334,0.3636484536082474,0.0,2.5714363636363635
637,2017-05-28,1.7144916666666665,2.3214286597938143,46.285777777777774,0.47620833333333334,0.3636484536082474,0.0,0.8571454545454547
638,2017-06-04,1.7144916666666665,1.1607143298969071,36.00004938271606,0.23810416666666667,0.3636484536082474,0.8888979591836733,0.0
639,2017-06-11,1.28586875,1.1607143298969071,30.857185185185184,0.23810416666666667,0.3636484536082474,0.8888979591836733,1.7142909090909093
640,2017-06-18,0.8572458333333333,1.1607143298969071,20.571456790123456,0.0,0.3636484536082474,0.0,0.8571454545454547
641,2017-06-25,1.28586875,1.1607143298969071,20.571456790123456,0.0,0.0,0.8888979591836733,0.8571454545454547
642,2017-07-02,0.42862291666666663,0.0,20.571456790123456,0.0,0.0,0.0,0.8571454545454547
643,2017-07-09,0.8572458333333333,1.1607143298969071,15.428592592592592,0.0,0.0,0.8888979591836733,1.7142909090909093
644,2017-07-16,0.8572458333333333,1.1607143298969071,15.428592592592592,0.0,0.0,0.8888979591836733,0.0
645,2017-07-23,0.42862291666666663,1.1607143298969071,20.571456790123456,0.0,0.0,0.8888979591836733,0.8571454545454547
646,2017-07-30,0.8572458333333333,1.1607143298969071,20.571456790123456,0.23810416666666667,0.0,1.7777959183673466,0.0
647,2017-08-06,0.8572458333333333,1.1607143298969071,20.571456790123456,0.23810416666666667,0.0,2.6666938775510203,0.8571454545454547
648,2017-08-13,0.8572458333333333,2.3214286597938143,25.714320987654318,0.23810416666666667,0.0,4.444489795918368,0.8571454545454547
649,2017-08-20,0.8572458333333333,2.3214286597938143,41.14291358024691,0.47620833333333334,0.0,8.00008163265306,0.8571454545454547
650,2017-08-27,1.7144916666666665,3.482142989690722,56.571506172839506,0.7143125,0.3636484536082474,10.666775510204081,1.7142909090909093
651,2017-09-03,1.7144916666666665,5.803571649484536,82.28582716049382,0.9524166666666667,0.7272969072164948,14.222367346938773,1.7142909090909093
652,2017-09-10,2.5717375,9.285714639175257,87.4286913580247,1.6667291666666668,0.7272969072164948,24.00024489795918,3.4285818181818186
653,2017-09-17,3.428983333333333,11.607143298969072,97.71441975308643,2.1429375,1.0909453608247421,32.00032653061224,5.142872727272727
654,2017-09-24,4.714852083333333,15.089286288659794,97.71441975308643,2.85725,1.4545938144329895,42.667102040816324,4.285727272727272
655,2017-10-01,3.85760625,17.41071494845361,87.4286913580247,3.3334583333333336,1.4545938144329895,50.66718367346938,4.285727272727272
656,2017-10-08,3.428983333333333,17.41071494845361,87.4286913580247,3.3334583333333336,1.4545938144329895,48.889387755102035,4.285727272727272
657,2017-10-15,4.286229166666667,17.41071494845361,102.85728395061727,3.3334583333333336,1.818242268041237,47.111591836734696,6.000018181818182
658,2017-10-22,4.286229166666667,16.2500006185567,113.14301234567901,3.3334583333333336,2.1818907216494843,42.667102040816324,5.142872727272727
659,2017-10-29,3.85760625,15.089286288659794,123.42874074074074,2.85725,2.1818907216494843,36.44481632653061,5.142872727272727
660,2017-11-05,4.286229166666667,13.928571958762888,144.00019753086423,2.85725,2.1818907216494843,32.00032653061224,5.142872727272727
661,2017-11-12,4.714852083333333,13.928571958762888,159.4287901234568,2.85725,2.909187628865979,26.666938775510204,5.142872727272727
662,2017-11-19,3.0003604166666666,11.607143298969072,154.2859259259259,2.381041666666667,2.5455391752577317,17.77795918367347,6.000018181818182
663,2017-11-26,5.5720979166666655,13.928571958762888,180.00024691358024,2.85725,3.636484536082474,20.44465306122449,6.857163636363637
664,2017-12-03,6.857966666666666,17.41071494845361,190.28597530864198,3.5715625,4.000132989690721,24.889142857142854,12.000036363636363
665,2017-12-10,8.143835416666665,19.732143608247423,221.14316049382717,4.047770833333334,5.454726804123712,17.77795918367347,12.857181818181818
666,2017-12-17,12.858687499999998,29.01785824742268,252.00034567901236,5.952604166666667,8.727562886597937,16.00016326530612,20.571490909090908
667,2017-12-24,17.573539583333332,39.464287216494846,370.2862222222222,8.095541666666668,12.364047422680411,16.00016326530612,27.42865454545455
668,2017-12-31,22.288391666666662,46.42857319587629,416.572,9.2860625,13.8186412371134,18.66685714285714,26.571509090909093
669,2018-01-07,28.289112499999998,71.96428845360825,365.14335802469134,14.524354166666667,20.727961855670102,34.66702040816326,51.42872727272727
670,2018-01-14,32.57534166666666,91.69643206185567,406.2862716049383,18.334020833333334,28.3645793814433,42.667102040816324,70.28592727272728
671,2018-01-21,37.29019375,105.62500402061856,401.1434074074074,21.429375,33.09200927835051,48.889387755102035,83.14310909090909
672,2018-01-28,41.1478,112.58929,416.572,22.858,35.2739,50.66718367346938,84.8574
673,2018-02-04,35.57570208333333,99.82143237113402,390.8576790123457,19.524541666666668,31.273767010309275,31.11142857142857,66.85734545454545
674,2018-02-11,29.574981249999997,81.2500030927835,334.2861728395062,15.952979166666665,26.54633711340206,26.666938775510204,54.00016363636364
675,2018-02-18,21.431145833333332,48.75000185567011,236.57175308641973,9.524166666666668,16.000531958762885,11.555673469387756,24.85721818181818
676,2018-02-25,15.859047916666666,30.17857257731959,169.71451851851853,5.952604166666667,9.454859793814432,7.1111836734693865,12.857181818181818
677,2018-03-04,12.001441666666667,20.89285793814433,154.2859259259259,4.047770833333334,6.1820237113402055,4.444489795918368,11.14289090909091
678,2018-03-11,9.858327083333332,16.2500006185567,133.71446913580246,3.0953541666666666,4.727429896907216,3.5555918367346933,6.857163636363637
679,2018-03-18,8.572458333333334,15.089286288659794,123.42874074074074,2.6191458333333335,3.636484536082474,2.6666938775510203,8.571454545454545
680,2018-03-25,9.858327083333332,13.928571958762888,113.14301234567901,2.6191458333333335,3.636484536082474,2.6666938775510203,6.857163636363637
681,2018-04-01,7.7152125,11.607143298969072,97.71441975308643,2.1429375,2.909187628865979,2.6666938775510203,4.285727272727272
682,2018-04-08,6.429343749999999,9.285714639175257,87.4286913580247,1.6667291666666668,2.1818907216494843,1.7777959183673466,6.000018181818182
683,2018-04-15,5.143475,6.964285979381444,82.28582716049382,1.1905208333333335,1.818242268041237,1.7777959183673466,3.4285818181818186
684,2018-04-22,4.714852083333333,5.803571649484536,66.85723456790123,1.1905208333333335,1.4545938144329895,0.8888979591836733,3.4285818181818186
685,2018-04-29,3.428983333333333,4.642857319587629,61.71437037037037,0.9524166666666667,1.0909453608247421,1.7777959183673466,3.4285818181818186
686,2018-05-06,3.0003604166666666,3.482142989690722,51.428641975308636,0.7143125,0.7272969072164948,0.8888979591836733,3.4285818181818186
687,2018-05-13,2.1431145833333334,2.3214286597938143,46.285777777777774,0.47620833333333334,0.7272969072164948,0.8888979591836733,2.5714363636363635
688,2018-05-20,1.7144916666666665,2.3214286597938143,51.428641975308636,0.47620833333333334,0.3636484536082474,0.8888979591836733,1.7142909090909093
689,2018-05-27,0.8572458333333333,2.3214286597938143,51.428641975308636,0.47620833333333334,0.3636484536082474,0.8888979591836733,1.7142909090909093
690,2018-06-03,0.8572458333333333,2.3214286597938143,41.14291358024691,0.47620833333333334,0.3636484536082474,0.8888979591836733,0.8571454545454547
691,2018-06-10,1.28586875,2.3214286597938143,41.14291358024691,0.23810416666666667,0.0,0.8888979591836733,1.7142909090909093
692,2018-06-17,0.8572458333333333,1.1607143298969071,30.857185185185184,0.23810416666666667,0.0,0.8888979591836733,1.7142909090909093
693,2018-06-24,0.42862291666666663,1.1607143298969071,25.714320987654318,0.0,0.0,0.0,0.8571454545454547
694,2018-07-01,0.0,1.1607143298969071,30.857185185185184,0.0,0.0,0.0,0.8571454545454547
695,2018-07-08,0.42862291666666663,1.1607143298969071,25.714320987654318,0.23810416666666667,0.0,0.8888979591836733,1.7142909090909093
696,2018-07-15,0.42862291666666663,1.1607143298969071,20.571456790123456,0.0,0.0,0.8888979591836733,1.7142909090909093
697,2018-07-22,0.42862291666666663,1.1607143298969071,20.571456790123456,0.0,0.0,0.8888979591836733,0.8571454545454547
698,2018-07-29,0.42862291666666663,1.1607143298969071,20.571456790123456,0.23810416666666667,0.0,1.7777959183673466,0.0
699,2018-08-05,0.8572458333333333,1.1607143298969071,30.857185185185184,0.23810416666666667,0.0,2.6666938775510203,1.7142909090909093
700,2018-08-12,0.8572458333333333,2.3214286597938143,30.857185185185184,0.23810416666666667,0.0,3.5555918367346933,1.7142909090909093
701,2018-08-19,1.28586875,3.482142989690722,56.571506172839506,0.47620833333333334,0.3636484536082474,7.1111836734693865,2.5714363636363635
702,2018-08-26,1.7144916666666665,4.642857319587629,72.00009876543211,0.9524166666666667,0.3636484536082474,9.777877551020408,2.5714363636363635
703,2018-09-02,3.0003604166666666,9.285714639175257,87.4286913580247,1.6667291666666668,1.0909453608247421,18.66685714285714,3.4285818181818186
704,2018-09-09,3.0003604166666666,11.607143298969072,102.85728395061727,2.1429375,1.0909453608247421,28.444734693877546,6.857163636363637
705,2018-09-16,3.428983333333333,13.928571958762888,113.14301234567901,2.6191458333333335,1.4545938144329895,36.44481632653061,4.285727272727272
706,2018-09-23,4.286229166666667,18.571429278350514,118.28587654320987,3.8096666666666668,1.818242268041237,49.77828571428571,6.857163636363637
707,2018-09-30,4.714852083333333,25.535715257731958,113.14301234567901,5.238291666666667,2.1818907216494843,71.11183673469388,8.571454545454545
708,2018-10-07,4.286229166666667,25.535715257731958,113.14301234567901,5.0001875,2.5455391752577317,73.7785306122449,6.857163636363637
709,2018-10-14,5.5720979166666655,31.339286907216497,149.14306172839505,6.190708333333333,2.909187628865979,87.112,10.285745454545454
710,2018-10-21,5.143475,26.696429587628867,138.85733333333332,5.476395833333334,3.272836082474227,72.00073469387755,10.285745454545454
711,2018-10-28,4.714852083333333,22.053572268041236,128.5716049382716,4.523979166666667,3.272836082474227,55.11167346938775,7.714309090909091
712,2018-11-04,4.286229166666667,18.571429278350514,138.85733333333332,3.5715625,2.909187628865979,42.667102040816324,7.714309090909091
713,2018-11-11,4.286229166666667,17.41071494845361,195.42883950617286,3.3334583333333336,3.272836082474227,33.77812244897959,7.714309090909091
714,2018-11-18,3.0003604166666666,12.767857628865979,169.71451851851853,2.85725,3.272836082474227,24.00024489795918,6.000018181818182
715,2018-11-25,4.714852083333333,16.2500006185567,200.5717037037037,3.3334583333333336,3.636484536082474,24.00024489795918,7.714309090909091
716,2018-12-02,4.714852083333333,13.928571958762888,180.00024691358024,2.85725,2.909187628865979,19.555755102040816,9.428600000000001
717,2018-12-09,5.143475,15.089286288659794,200.5717037037037,3.0953541666666666,3.636484536082474,16.00016326530612,9.428600000000001
718,2018-12-16,6.429343749999999,17.41071494845361,221.14316049382717,3.8096666666666668,4.727429896907216,15.111265306122448,12.000036363636363
719,2018-12-23,7.7152125,22.053572268041236,282.8575308641976,5.0001875,6.545672164948454,12.444571428571427,15.428618181818182
720,2018-12-30,8.572458333333334,25.535715257731958,303.428987654321,5.476395833333334,7.272969072164948,16.889061224489794,14.571472727272727
721,2019-01-06,9.001081249999999,24.375000927835053,246.85748148148147,5.238291666666667,6.545672164948454,17.77795918367347,17.14290909090909
722,2019-01-13,10.28695,22.053572268041236,226.28602469135802,4.285875,6.1820237113402055,12.444571428571427,17.14290909090909
723,2019-01-20,12.001441666666667,23.214286597938145,252.00034567901236,4.523979166666667,6.545672164948454,9.777877551020408,13.714327272727274
724,2019-01-27,13.715933333333332,26.696429587628867,308.5718518518518,5.476395833333334,8.000265979381442,10.666775510204081,15.428618181818182
725,2019-02-03,15.001802083333331,32.5000012371134,236.57175308641973,6.4288125,9.81850824742268,10.666775510204081,24.85721818181818
726,2019-02-10,16.28767083333333,31.339286907216497,236.57175308641973,6.190708333333333,9.454859793814432,9.777877551020408,18.857200000000002
727,2019-02-17,16.71629375,31.339286907216497,241.71461728395062,6.190708333333333,9.091211340206184,8.888979591836735,18.000054545454546
728,2019-02-24,16.71629375,26.696429587628867,205.71456790123455,5.238291666666667,8.000265979381442,7.1111836734693865,14.571472727272727
729,2019-03-03,18.430785416666666,26.696429587628867,216.00029629629628,5.0001875,6.9093206185567,7.1111836734693865,15.428618181818182
730,2019-03-10,18.430785416666666,25.535715257731958,174.8573827160494,4.762083333333334,6.545672164948454,6.2222857142857135,12.857181818181818
731,2019-03-17,16.71629375,22.053572268041236,164.57165432098765,3.8096666666666668,5.454726804123712,4.444489795918368,11.14289090909091
732,2019-03-24,12.858687499999998,17.41071494845361,144.00019753086423,3.3334583333333336,4.3637814432989686,4.444489795918368,9.428600000000001
733,2019-03-31,9.858327083333332,12.767857628865979,123.42874074074074,2.6191458333333335,3.272836082474227,3.5555918367346933,8.571454545454545
734,2019-04-07,6.857966666666666,10.446428969072166,97.71441975308643,1.9048333333333334,2.1818907216494843,2.6666938775510203,6.857163636363637
735,2019-04-14,5.5720979166666655,8.12500030927835,87.4286913580247,1.428625,1.818242268041237,1.7777959183673466,4.285727272727272
736,2019-04-21,4.714852083333333,6.964285979381444,82.28582716049382,1.1905208333333335,1.818242268041237,1.7777959183673466,3.4285818181818186
737,2019-04-28,3.85760625,5.803571649484536,82.28582716049382,0.9524166666666667,1.4545938144329895,1.7777959183673466,3.4285818181818186
738,2019-05-05,3.428983333333333,4.642857319587629,72.00009876543211,0.7143125,1.0909453608247421,0.8888979591836733,4.285727272727272
739,2019-05-12,2.5717375,4.642857319587629,77.14296296296295,0.7143125,1.0909453608247421,0.8888979591836733,2.5714363636363635
740,2019-05-19,1.7144916666666665,3.482142989690722,77.14296296296295,0.7143125,0.7272969072164948,0.8888979591836733,3.4285818181818186
741,2019-05-26,1.28586875,2.3214286597938143,66.85723456790123,0.47620833333333334,0.7272969072164948,0.8888979591836733,1.7142909090909093
742,2019-06-02,1.28586875,2.3214286597938143,51.428641975308636,0.47620833333333334,0.3636484536082474,0.8888979591836733,2.5714363636363635
743,2019-06-09,1.28586875,2.3214286597938143,46.285777777777774,0.23810416666666667,0.3636484536082474,0.0,1.7142909090909093
744,2019-06-16,0.8572458333333333,1.1607143298969071,36.00004938271606,0.23810416666666667,0.3636484536082474,0.8888979591836733,0.8571454545454547
745,2019-06-23,0.8572458333333333,1.1607143298969071,30.857185185185184,0.23810416666666667,0.3636484536082474,0.8888979591836733,1.7142909090909093
746,2019-06-30,0.42862291666666663,1.1607143298969071,25.714320987654318,0.0,0.0,0.0,0.8571454545454547
747,2019-07-07,0.8572458333333333,1.1607143298969071,25.714320987654318,0.23810416666666667,0.0,0.8888979591836733,1.7142909090909093
748,2019-07-14,0.8572458333333333,1.1607143298969071,20.571456790123456,0.23810416666666667,0.0,0.8888979591836733,0.8571454545454547
749,2019-07-21,0.8572458333333333,1.1607143298969071,25.714320987654318,0.23810416666666667,0.0,0.8888979591836733,1.7142909090909093
750,2019-07-28,0.8572458333333333,1.1607143298969071,20.571456790123456,0.0,0.0,0.8888979591836733,0.8571454545454547
751,2019-08-04,0.42862291666666663,1.1607143298969071,25.714320987654318,0.23810416666666667,0.3636484536082474,1.7777959183673466,0.0
752,2019-08-11,0.42862291666666663,2.3214286597938143,36.00004938271606,0.23810416666666667,0.0,4.444489795918368,1.7142909090909093
753,2019-08-18,1.28586875,3.482142989690722,51.428641975308636,0.7143125,0.3636484536082474,7.1111836734693865,3.4285818181818186
754,2019-08-25,1.28586875,4.642857319587629,66.85723456790123,0.9524166666666667,0.3636484536082474,9.777877551020408,1.7142909090909093
755,2019-09-01,1.7144916666666665,6.964285979381444,82.28582716049382,1.1905208333333335,0.7272969072164948,15.111265306122448,1.7142909090909093
756,2019-09-08,2.5717375,10.446428969072166,92.57155555555555,1.9048333333333334,1.0909453608247421,24.889142857142854,4.285727272727272
757,2019-09-15,3.428983333333333,13.928571958762888,118.28587654320987,2.85725,1.4545938144329895,36.44481632653061,5.142872727272727
758,2019-09-22,3.85760625,19.732143608247423,123.42874074074074,4.047770833333334,2.1818907216494843,53.33387755102041,6.857163636363637
759,2019-09-29,4.714852083333333,24.375000927835053,123.42874074074074,4.762083333333334,2.1818907216494843,70.2229387755102,7.714309090909091
760,2019-10-06,5.143475,30.17857257731959,128.5716049382716,5.952604166666667,2.909187628865979,85.33420408163265,7.714309090909091
761,2019-10-13,4.714852083333333,27.857143917525775,144.00019753086423,5.7145,2.909187628865979,78.22302040816326,8.571454545454545
762,2019-10-20,4.714852083333333,25.535715257731958,133.71446913580246,5.238291666666667,3.272836082474227,68.44514285714286,9.428600000000001
763,2019-10-27,4.714852083333333,22.053572268041236,154.2859259259259,4.285875,2.909187628865979,54.22277551020408,7.714309090909091
764,2019-11-03,5.5720979166666655,23.214286597938145,174.8573827160494,4.523979166666667,3.636484536082474,48.889387755102035,9.428600000000001
765,2019-11-10,5.5720979166666655,20.89285793814433,200.5717037037037,4.047770833333334,4.000132989690721,40.000408163265305,7.714309090909091
766,2019-11-17,6.429343749999999,23.214286597938145,185.1431111111111,4.285875,4.3637814432989686,33.77812244897959,12.000036363636363
767,2019-11-24,5.5720979166666655,17.41071494845361,180.00024691358024,3.5715625,4.000132989690721,22.222448979591835,8.571454545454545
768,2019-12-01,9.001081249999999,22.053572268041236,216.00029629629628,4.285875,5.091078350515463,24.00024489795918,10.285745454545454
769,2019-12-08,10.715572916666666,25.535715257731958,205.71456790123455,5.0001875,5.818375257731958,24.889142857142854,15.428618181818182
770,2019-12-15,14.573179166666666,31.339286907216497,267.4289382716049,6.4288125,8.000265979381442,23.11134693877551,19.714345454545455
771,2019-12-22,20.14527708333333,42.94643020618557,339.42903703703706,8.333645833333334,11.636750515463916,18.66685714285714,26.571509090909093
772,2019-12-29,20.14527708333333,41.78571587628866,349.7147654320988,8.333645833333334,10.909453608247423,19.555755102040816,23.14292727272727
773,2020-01-05,19.716654166666665,40.62500154639175,277.71466666666663,8.095541666666668,10.545805154639174,23.11134693877551,23.14292727272727
774,2020-01-12,24.002883333333333,42.94643020618557,226.28602469135802,8.095541666666668,10.909453608247423,23.11134693877551,27.42865454545455
775,2020-01-19,29.146358333333332,52.23214484536083,262.28607407407407,9.762270833333334,10.909453608247423,20.44465306122449,31.71438181818182
776,2020-01-26,39.86193125,71.96428845360825,272.57180246913583,13.5719375,13.454992783505153,23.11134693877551,55.714454545454544
777,2020-02-02,37.71881666666666,66.16071680412372,272.57180246913583,12.381416666666667,13.8186412371134,17.77795918367347,38.57154545454545
778,2020-02-09,35.57570208333333,55.71428783505155,257.1432098765432,10.476583333333334,12.000398969072165,15.111265306122448,30.000090909090908
779,2020-02-16,31.718095833333333,49.91071618556701,231.4288888888889,9.047958333333334,10.182156701030927,12.444571428571427,25.714363636363636
780,2020-02-23,30.86085,51.071430515463916,216.00029629629628,9.2860625,10.182156701030927,10.666775510204081,27.42865454545455
