,YEAR,WEEK,TOTAL SPECIMENS,PERCENT POSITIVE,TOTAL A,TOTAL B,SZN,CC,COUGH,FLU_SYMP,FLU,GRIPE,INF_SYMP,INFL,OSELT,PREV,VACC,SUM,AVG
14,2004.0,15.0,1564.0,0.959079,3.0,12.0,1.0,37.0,47.0,8.0,4.0,27.0,36.0,8.0,0.0,0.0,0.0,167.0,16.7
15,2004.0,16.0,1449.0,1.65631,13.0,11.0,1.0,39.0,46.0,16.0,6.0,14.0,16.0,8.0,1.0,0.0,1.0,147.0,14.7
16,2004.0,17.0,1377.0,0.798838,4.0,7.0,0.0,36.0,46.0,11.0,5.0,16.0,24.0,7.0,1.0,0.0,1.0,147.0,14.7
17,2004.0,18.0,1298.0,0.6933739999999999,3.0,6.0,0.0,35.0,44.0,7.0,4.0,27.0,16.0,5.0,1.0,0.0,1.0,140.0,14.0
18,2004.0,19.0,1241.0,0.16116,0.0,2.0,0.0,38.0,48.0,7.0,4.0,23.0,16.0,6.0,1.0,31.0,1.0,175.0,17.5
19,2004.0,20.0,1105.0,0.361991,1.0,3.0,0.0,34.0,43.0,8.0,4.0,30.0,0.0,7.0,1.0,0.0,1.0,128.0,12.8
20,2004.0,21.0,1055.0,0.56872,3.0,3.0,0.0,33.0,43.0,7.0,4.0,24.0,27.0,6.0,1.0,0.0,1.0,146.0,14.6
21,2004.0,22.0,823.0,0.7290399999999999,2.0,4.0,0.0,33.0,50.0,12.0,3.0,23.0,17.0,5.0,0.0,0.0,1.0,144.0,14.4
22,2004.0,23.0,793.0,0.37831,1.0,2.0,0.0,32.0,51.0,10.0,3.0,22.0,0.0,6.0,1.0,0.0,0.0,125.0,12.5
23,2004.0,24.0,844.0,0.236967,0.0,2.0,0.0,31.0,43.0,7.0,3.0,22.0,0.0,4.0,1.0,0.0,1.0,112.0,11.2
24,2004.0,25.0,741.0,0.404858,2.0,1.0,0.0,31.0,38.0,11.0,3.0,15.0,17.0,4.0,1.0,0.0,1.0,121.0,12.1
25,2004.0,26.0,730.0,0.410959,1.0,2.0,0.0,31.0,40.0,5.0,3.0,17.0,0.0,4.0,2.0,0.0,1.0,103.0,10.3
26,2004.0,27.0,573.0,0.17452,0.0,1.0,0.0,30.0,51.0,7.0,4.0,31.0,18.0,5.0,1.0,0.0,1.0,148.0,14.8
27,2004.0,28.0,746.0,0.268097,0.0,2.0,0.0,29.0,47.0,5.0,3.0,14.0,26.0,4.0,2.0,0.0,1.0,131.0,13.1
28,2004.0,29.0,563.0,0.35524,0.0,2.0,0.0,30.0,42.0,8.0,4.0,21.0,0.0,5.0,1.0,0.0,1.0,112.0,11.2
29,2004.0,30.0,671.0,0.0,0.0,0.0,0.0,33.0,41.0,7.0,3.0,26.0,0.0,5.0,0.0,31.0,1.0,147.0,14.7
30,2004.0,31.0,628.0,0.318471,1.0,1.0,0.0,30.0,45.0,7.0,3.0,28.0,0.0,4.0,0.0,0.0,1.0,118.0,11.8
31,2004.0,32.0,620.0,0.16129000000000002,1.0,0.0,0.0,35.0,42.0,6.0,3.0,16.0,0.0,5.0,1.0,0.0,1.0,109.0,10.9
32,2004.0,33.0,647.0,0.15456,0.0,1.0,0.0,29.0,48.0,4.0,4.0,21.0,0.0,5.0,1.0,0.0,1.0,113.0,11.3
33,2004.0,34.0,823.0,0.486027,3.0,1.0,0.0,33.0,43.0,8.0,7.0,30.0,16.0,8.0,4.0,30.0,3.0,182.0,18.2
34,2004.0,35.0,827.0,0.483676,4.0,0.0,0.0,32.0,42.0,6.0,5.0,15.0,38.0,8.0,2.0,0.0,3.0,151.0,15.1
35,2004.0,36.0,822.0,0.364964,0.0,3.0,0.0,38.0,56.0,11.0,6.0,20.0,31.0,8.0,1.0,30.0,3.0,204.0,20.4
36,2004.0,37.0,907.0,0.771775,5.0,2.0,0.0,41.0,51.0,7.0,8.0,18.0,43.0,10.0,1.0,27.0,4.0,210.0,21.0
37,2004.0,38.0,890.0,0.449438,3.0,1.0,0.0,45.0,58.0,9.0,12.0,20.0,21.0,13.0,1.0,0.0,10.0,189.0,18.9
38,2004.0,39.0,919.0,1.52339,12.0,2.0,0.0,59.0,54.0,14.0,16.0,14.0,33.0,20.0,1.0,0.0,15.0,226.0,22.6
39,2004.0,40.0,1860.0,0.645161,8.0,4.0,1.0,63.0,54.0,22.0,63.0,18.0,42.0,77.0,5.0,27.0,73.0,444.0,44.4
40,2004.0,41.0,2154.0,0.649954,13.0,1.0,1.0,61.0,57.0,32.0,83.0,22.0,68.0,100.0,8.0,43.0,100.0,574.0,57.4
41,2004.0,42.0,2412.0,1.61692,28.0,11.0,1.0,56.0,62.0,44.0,80.0,34.0,32.0,96.0,7.0,61.0,83.0,555.0,55.5
42,2004.0,43.0,2620.0,1.22137,25.0,7.0,1.0,58.0,58.0,40.0,57.0,14.0,26.0,69.0,2.0,45.0,57.0,426.0,42.6
43,2004.0,44.0,2771.0,1.62396,29.0,16.0,1.0,54.0,59.0,36.0,33.0,27.0,40.0,40.0,4.0,38.0,27.0,358.0,35.8
44,2004.0,45.0,3074.0,2.0169200000000003,38.0,24.0,1.0,62.0,61.0,39.0,24.0,31.0,34.0,31.0,4.0,0.0,19.0,305.0,30.5
45,2004.0,46.0,3310.0,2.77946,71.0,21.0,1.0,58.0,64.0,30.0,21.0,22.0,41.0,27.0,2.0,29.0,14.0,308.0,30.8
46,2004.0,47.0,3111.0,1.96078,40.0,21.0,1.0,63.0,70.0,32.0,18.0,14.0,16.0,22.0,4.0,30.0,9.0,278.0,27.8
47,2004.0,48.0,3826.0,3.58076,105.0,32.0,1.0,69.0,70.0,42.0,19.0,27.0,25.0,23.0,3.0,24.0,8.0,310.0,31.0
48,2004.0,49.0,3846.0,5.0182,161.0,32.0,1.0,62.0,70.0,37.0,20.0,22.0,32.0,23.0,3.0,47.0,9.0,325.0,32.5
49,2004.0,50.0,4359.0,6.561139999999999,241.0,45.0,1.0,70.0,66.0,34.0,20.0,19.0,39.0,24.0,4.0,75.0,11.0,362.0,36.2
50,2004.0,51.0,4509.0,11.7764,477.0,54.0,1.0,82.0,77.0,39.0,21.0,17.0,33.0,22.0,4.0,31.0,8.0,334.0,33.4
51,2004.0,52.0,5807.0,16.7556,850.0,123.0,1.0,78.0,75.0,57.0,19.0,13.0,37.0,24.0,3.0,0.0,6.0,312.0,31.2
52,2005.0,1.0,6921.0,18.5667,1119.0,166.0,1.0,77.0,77.0,48.0,22.0,25.0,34.0,27.0,4.0,24.0,7.0,345.0,34.5
53,2005.0,2.0,6646.0,16.9425,944.0,182.0,1.0,70.0,66.0,42.0,20.0,16.0,40.0,23.0,4.0,0.0,6.0,287.0,28.7
54,2005.0,3.0,6948.0,21.3443,1271.0,212.0,1.0,77.0,69.0,45.0,19.0,27.0,79.0,25.0,5.0,0.0,5.0,351.0,35.1
55,2005.0,4.0,8010.0,23.2959,1560.0,306.0,1.0,79.0,73.0,50.0,21.0,20.0,74.0,27.0,7.0,55.0,5.0,411.0,41.1
56,2005.0,5.0,8654.0,26.8662,1901.0,424.0,1.0,75.0,81.0,57.0,24.0,22.0,46.0,31.0,8.0,22.0,5.0,371.0,37.1
57,2005.0,6.0,9684.0,26.5489,2093.0,478.0,1.0,73.0,77.0,68.0,26.0,23.0,58.0,34.0,13.0,44.0,3.0,419.0,41.9
58,2005.0,7.0,10586.0,25.5526,2092.0,613.0,1.0,70.0,81.0,73.0,25.0,22.0,50.0,33.0,10.0,44.0,3.0,411.0,41.1
59,2005.0,8.0,9710.0,23.4604,1660.0,618.0,1.0,72.0,78.0,74.0,32.0,32.0,66.0,34.0,12.0,39.0,3.0,442.0,44.2
60,2005.0,9.0,8511.0,19.9507,1178.0,520.0,1.0,66.0,75.0,50.0,22.0,28.0,80.0,25.0,11.0,68.0,2.0,427.0,42.7
61,2005.0,10.0,7580.0,16.0422,798.0,418.0,1.0,59.0,65.0,40.0,18.0,16.0,42.0,22.0,9.0,22.0,2.0,295.0,29.5
62,2005.0,11.0,6540.0,16.9419,637.0,471.0,1.0,54.0,69.0,34.0,15.0,30.0,30.0,16.0,5.0,0.0,1.0,254.0,25.4
63,2005.0,12.0,5928.0,14.6592,406.0,463.0,1.0,52.0,72.0,30.0,13.0,26.0,67.0,15.0,6.0,34.0,1.0,316.0,31.6
64,2005.0,13.0,5134.0,11.044,224.0,343.0,1.0,48.0,63.0,25.0,11.0,20.0,36.0,13.0,4.0,0.0,1.0,221.0,22.1
65,2005.0,14.0,3894.0,9.11659,143.0,212.0,1.0,48.0,63.0,26.0,9.0,25.0,17.0,11.0,5.0,33.0,0.0,237.0,23.7
66,2005.0,15.0,3339.0,5.27104,53.0,123.0,1.0,43.0,62.0,20.0,11.0,33.0,11.0,14.0,3.0,43.0,1.0,241.0,24.1
67,2005.0,16.0,2933.0,4.19366,48.0,75.0,1.0,45.0,60.0,16.0,7.0,21.0,11.0,10.0,1.0,22.0,1.0,194.0,19.4
68,2005.0,17.0,2570.0,2.68482,27.0,42.0,0.0,46.0,62.0,18.0,6.0,17.0,33.0,10.0,2.0,0.0,1.0,195.0,19.5
69,2005.0,18.0,2250.0,2.26667,18.0,33.0,0.0,43.0,63.0,10.0,6.0,12.0,16.0,8.0,1.0,0.0,1.0,160.0,16.0
70,2005.0,19.0,2136.0,1.7322099999999998,18.0,19.0,0.0,40.0,62.0,12.0,6.0,29.0,17.0,8.0,1.0,0.0,1.0,176.0,17.6
71,2005.0,20.0,1889.0,2.06458,23.0,16.0,0.0,42.0,57.0,8.0,6.0,32.0,11.0,7.0,2.0,0.0,1.0,166.0,16.6
72,2005.0,21.0,1809.0,1.71365,12.0,19.0,0.0,39.0,60.0,8.0,7.0,29.0,22.0,8.0,4.0,22.0,1.0,200.0,20.0
73,2005.0,22.0,1682.0,1.36742,8.0,15.0,0.0,34.0,57.0,10.0,6.0,21.0,18.0,6.0,2.0,0.0,1.0,155.0,15.5
74,2005.0,23.0,1576.0,0.761421,4.0,8.0,0.0,34.0,51.0,8.0,5.0,23.0,11.0,5.0,1.0,0.0,0.0,138.0,13.8
75,2005.0,24.0,1514.0,0.990753,5.0,10.0,0.0,35.0,49.0,8.0,5.0,23.0,11.0,5.0,2.0,0.0,1.0,139.0,13.9
76,2005.0,25.0,1229.0,0.8950370000000001,6.0,5.0,0.0,33.0,50.0,9.0,5.0,25.0,0.0,5.0,6.0,0.0,1.0,134.0,13.4
77,2005.0,26.0,1215.0,0.576132,6.0,1.0,0.0,32.0,50.0,7.0,5.0,20.0,12.0,6.0,4.0,0.0,1.0,137.0,13.7
78,2005.0,27.0,1073.0,0.465983,1.0,4.0,0.0,34.0,41.0,7.0,5.0,23.0,12.0,4.0,4.0,0.0,1.0,131.0,13.1
79,2005.0,28.0,991.0,0.201816,0.0,2.0,0.0,33.0,41.0,8.0,5.0,30.0,11.0,6.0,3.0,0.0,1.0,138.0,13.8
80,2005.0,29.0,983.0,0.305188,1.0,2.0,0.0,31.0,43.0,8.0,6.0,43.0,0.0,6.0,6.0,21.0,1.0,165.0,16.5
81,2005.0,30.0,1124.0,0.17793599999999998,1.0,1.0,0.0,33.0,46.0,10.0,6.0,35.0,0.0,6.0,4.0,21.0,1.0,162.0,16.2
82,2005.0,31.0,1018.0,0.0,0.0,0.0,0.0,34.0,49.0,10.0,6.0,22.0,0.0,6.0,6.0,21.0,1.0,155.0,15.5
83,2005.0,32.0,964.0,0.414938,4.0,0.0,0.0,32.0,49.0,10.0,6.0,37.0,16.0,6.0,6.0,0.0,1.0,163.0,16.3
84,2005.0,33.0,989.0,0.6066729999999999,6.0,0.0,0.0,34.0,47.0,12.0,7.0,31.0,11.0,7.0,4.0,20.0,1.0,174.0,17.4
85,2005.0,34.0,1016.0,0.393701,4.0,0.0,0.0,36.0,50.0,10.0,6.0,23.0,13.0,7.0,6.0,0.0,1.0,152.0,15.2
86,2005.0,35.0,1054.0,0.56926,5.0,1.0,0.0,38.0,47.0,11.0,7.0,24.0,10.0,7.0,4.0,0.0,2.0,150.0,15.0
87,2005.0,36.0,1031.0,0.0969932,1.0,0.0,0.0,46.0,52.0,8.0,7.0,21.0,11.0,8.0,3.0,20.0,3.0,179.0,17.9
88,2005.0,37.0,1099.0,0.454959,4.0,1.0,0.0,46.0,51.0,12.0,16.0,15.0,10.0,15.0,53.0,18.0,5.0,241.0,24.1
89,2005.0,38.0,1280.0,0.15625,2.0,0.0,0.0,49.0,55.0,17.0,22.0,22.0,19.0,20.0,39.0,46.0,6.0,295.0,29.5
90,2005.0,39.0,1421.0,0.492611,6.0,1.0,0.0,54.0,63.0,21.0,34.0,23.0,22.0,31.0,33.0,37.0,12.0,330.0,33.0
91,2005.0,40.0,1894.0,0.580781,10.0,1.0,1.0,52.0,54.0,34.0,72.0,31.0,25.0,54.0,59.0,62.0,24.0,467.0,46.7
92,2005.0,41.0,2191.0,0.5476949999999999,10.0,2.0,1.0,52.0,59.0,50.0,88.0,39.0,9.0,64.0,100.0,96.0,36.0,593.0,59.3
93,2005.0,42.0,2349.0,1.06428,20.0,5.0,1.0,56.0,62.0,38.0,77.0,58.0,27.0,63.0,85.0,47.0,38.0,551.0,55.1
94,2005.0,43.0,2780.0,0.5035970000000001,12.0,2.0,1.0,65.0,60.0,42.0,74.0,53.0,33.0,66.0,59.0,35.0,49.0,536.0,53.6
95,2005.0,44.0,2890.0,0.795848,20.0,3.0,1.0,64.0,66.0,56.0,100.0,46.0,31.0,84.0,72.0,58.0,61.0,638.0,63.8
96,2005.0,45.0,3320.0,1.29518,36.0,7.0,1.0,61.0,65.0,48.0,69.0,27.0,32.0,62.0,32.0,33.0,44.0,473.0,47.3
97,2005.0,46.0,3861.0,1.2173,43.0,4.0,1.0,72.0,66.0,44.0,57.0,23.0,41.0,51.0,38.0,61.0,34.0,487.0,48.7
98,2005.0,47.0,3268.0,1.59119,49.0,3.0,1.0,65.0,62.0,40.0,39.0,28.0,24.0,34.0,22.0,32.0,19.0,365.0,36.5
99,2005.0,48.0,4056.0,2.85996,114.0,2.0,1.0,73.0,66.0,38.0,36.0,21.0,22.0,31.0,11.0,42.0,17.0,357.0,35.7
100,2005.0,49.0,3863.0,5.53974,206.0,8.0,1.0,77.0,63.0,39.0,34.0,18.0,22.0,30.0,17.0,16.0,12.0,328.0,32.8
101,2005.0,50.0,4618.0,8.6401,394.0,5.0,1.0,76.0,70.0,38.0,28.0,26.0,43.0,26.0,10.0,27.0,10.0,354.0,35.4
102,2005.0,51.0,5418.0,12.7538,680.0,11.0,1.0,78.0,79.0,43.0,25.0,25.0,34.0,23.0,14.0,18.0,6.0,345.0,34.5
103,2005.0,52.0,5829.0,13.4843,763.0,23.0,1.0,83.0,82.0,50.0,28.0,22.0,37.0,30.0,9.0,21.0,6.0,368.0,36.8
104,2006.0,1.0,6417.0,11.7189,728.0,24.0,1.0,75.0,79.0,45.0,26.0,17.0,33.0,27.0,8.0,17.0,5.0,332.0,33.2
105,2006.0,2.0,6378.0,13.2173,821.0,22.0,1.0,61.0,77.0,42.0,27.0,29.0,22.0,23.0,13.0,36.0,3.0,333.0,33.3
106,2006.0,3.0,6255.0,14.1167,854.0,29.0,1.0,64.0,73.0,34.0,23.0,40.0,38.0,22.0,10.0,15.0,3.0,322.0,32.2
107,2006.0,4.0,6732.0,15.7308,1026.0,33.0,1.0,58.0,66.0,37.0,27.0,25.0,26.0,21.0,13.0,25.0,2.0,300.0,30.0
108,2006.0,5.0,7029.0,16.688,1099.0,74.0,1.0,61.0,74.0,37.0,23.0,26.0,48.0,19.0,8.0,24.0,2.0,322.0,32.2
109,2006.0,6.0,7226.0,17.9491,1155.0,142.0,1.0,66.0,75.0,33.0,21.0,20.0,35.0,20.0,8.0,51.0,2.0,331.0,33.1
110,2006.0,7.0,8105.0,19.5682,1402.0,184.0,1.0,63.0,71.0,43.0,26.0,23.0,38.0,21.0,9.0,36.0,2.0,332.0,33.2
111,2006.0,8.0,7948.0,20.4454,1383.0,242.0,1.0,64.0,76.0,51.0,30.0,43.0,44.0,25.0,14.0,37.0,2.0,386.0,38.6
112,2006.0,9.0,7978.0,22.5871,1406.0,396.0,1.0,63.0,70.0,45.0,31.0,35.0,32.0,26.0,15.0,24.0,2.0,343.0,34.3
113,2006.0,10.0,7819.0,22.4325,1346.0,408.0,1.0,57.0,75.0,43.0,28.0,31.0,43.0,22.0,14.0,19.0,1.0,333.0,33.3
114,2006.0,11.0,6995.0,19.7427,940.0,441.0,1.0,50.0,66.0,33.0,40.0,33.0,45.0,28.0,15.0,43.0,2.0,355.0,35.5
115,2006.0,12.0,6444.0,18.4668,758.0,432.0,1.0,51.0,60.0,32.0,35.0,29.0,29.0,23.0,15.0,21.0,1.0,296.0,29.6
116,2006.0,13.0,5424.0,17.9757,537.0,438.0,1.0,46.0,61.0,29.0,26.0,30.0,50.0,19.0,9.0,14.0,1.0,285.0,28.5
117,2006.0,14.0,4459.0,13.5681,293.0,312.0,1.0,45.0,62.0,25.0,23.0,27.0,38.0,17.0,8.0,36.0,1.0,282.0,28.2
118,2006.0,15.0,4032.0,11.3591,217.0,241.0,1.0,41.0,55.0,21.0,17.0,22.0,20.0,13.0,6.0,15.0,1.0,211.0,21.1
119,2006.0,16.0,3499.0,9.88854,128.0,218.0,1.0,41.0,58.0,19.0,21.0,25.0,35.0,14.0,7.0,29.0,1.0,250.0,25.0
120,2006.0,17.0,2675.0,7.47664,65.0,135.0,0.0,39.0,52.0,18.0,19.0,21.0,19.0,14.0,12.0,0.0,1.0,195.0,19.5
121,2006.0,18.0,2516.0,7.7504,67.0,128.0,0.0,38.0,53.0,29.0,33.0,24.0,17.0,18.0,11.0,49.0,1.0,273.0,27.3
122,2006.0,19.0,2453.0,7.21565,61.0,116.0,0.0,40.0,56.0,23.0,31.0,24.0,15.0,18.0,11.0,21.0,1.0,240.0,24.0
123,2006.0,20.0,2399.0,5.62734,48.0,87.0,0.0,39.0,51.0,17.0,19.0,22.0,15.0,13.0,6.0,14.0,1.0,197.0,19.7
124,2006.0,21.0,2058.0,6.31681,37.0,93.0,0.0,40.0,51.0,21.0,26.0,30.0,13.0,14.0,11.0,15.0,1.0,222.0,22.2
125,2006.0,22.0,1663.0,4.69032,28.0,50.0,0.0,33.0,54.0,17.0,23.0,25.0,20.0,12.0,12.0,16.0,1.0,213.0,21.3
126,2006.0,23.0,1444.0,3.80886,17.0,38.0,0.0,32.0,52.0,15.0,15.0,23.0,13.0,9.0,5.0,14.0,1.0,179.0,17.9
127,2006.0,24.0,1267.0,1.97316,14.0,11.0,0.0,36.0,49.0,12.0,11.0,29.0,16.0,9.0,4.0,0.0,1.0,167.0,16.7
128,2006.0,25.0,1178.0,1.18846,4.0,10.0,0.0,33.0,48.0,11.0,13.0,33.0,15.0,8.0,3.0,0.0,1.0,165.0,16.5
129,2006.0,26.0,1017.0,1.17994,6.0,6.0,0.0,31.0,45.0,10.0,9.0,26.0,7.0,7.0,2.0,0.0,1.0,138.0,13.8
130,2006.0,27.0,907.0,0.8820290000000001,6.0,2.0,0.0,31.0,44.0,9.0,8.0,19.0,8.0,6.0,3.0,0.0,1.0,129.0,12.9
131,2006.0,28.0,914.0,0.765864,7.0,0.0,0.0,30.0,47.0,11.0,9.0,25.0,15.0,7.0,3.0,14.0,1.0,162.0,16.2
132,2006.0,29.0,917.0,1.19956,9.0,2.0,0.0,30.0,46.0,10.0,10.0,18.0,7.0,7.0,2.0,0.0,1.0,131.0,13.1
133,2006.0,30.0,863.0,1.96987,15.0,2.0,0.0,32.0,42.0,9.0,8.0,36.0,14.0,6.0,2.0,28.0,1.0,178.0,17.8
134,2006.0,31.0,943.0,2.12089,19.0,1.0,0.0,31.0,41.0,9.0,8.0,25.0,15.0,6.0,2.0,21.0,1.0,159.0,15.9
135,2006.0,32.0,899.0,1.33482,10.0,2.0,0.0,29.0,42.0,8.0,8.0,25.0,11.0,7.0,1.0,0.0,1.0,132.0,13.2
136,2006.0,33.0,862.0,1.39211,10.0,2.0,0.0,34.0,49.0,10.0,8.0,26.0,14.0,6.0,2.0,0.0,1.0,150.0,15.0
137,2006.0,34.0,898.0,1.67038,12.0,3.0,0.0,35.0,46.0,8.0,8.0,27.0,7.0,6.0,1.0,13.0,1.0,152.0,15.2
138,2006.0,35.0,907.0,1.87431,13.0,4.0,0.0,36.0,49.0,10.0,9.0,29.0,14.0,7.0,2.0,13.0,1.0,170.0,17.0
139,2006.0,36.0,881.0,1.4756,13.0,0.0,0.0,40.0,45.0,12.0,9.0,30.0,11.0,8.0,2.0,14.0,2.0,173.0,17.3
140,2006.0,37.0,1067.0,2.9053400000000003,30.0,1.0,0.0,49.0,51.0,11.0,11.0,24.0,13.0,11.0,2.0,12.0,3.0,187.0,18.7
141,2006.0,38.0,996.0,3.51406,33.0,2.0,0.0,52.0,56.0,13.0,12.0,22.0,6.0,12.0,2.0,12.0,6.0,193.0,19.3
142,2006.0,39.0,971.0,2.98661,26.0,3.0,0.0,57.0,58.0,15.0,17.0,22.0,13.0,17.0,2.0,37.0,10.0,248.0,24.8
143,2006.0,40.0,2309.0,2.42529,41.0,15.0,1.0,56.0,60.0,18.0,26.0,27.0,10.0,27.0,4.0,19.0,23.0,270.0,27.0
144,2006.0,41.0,2502.0,2.67786,58.0,9.0,1.0,55.0,59.0,20.0,27.0,24.0,6.0,32.0,3.0,12.0,26.0,264.0,26.4
145,2006.0,42.0,2900.0,2.75862,58.0,22.0,1.0,57.0,59.0,24.0,34.0,31.0,9.0,39.0,4.0,12.0,34.0,303.0,30.3
146,2006.0,43.0,3237.0,2.595,61.0,23.0,1.0,60.0,62.0,27.0,39.0,24.0,25.0,44.0,2.0,40.0,38.0,361.0,36.1
147,2006.0,44.0,3765.0,3.79814,101.0,42.0,1.0,63.0,63.0,26.0,38.0,21.0,27.0,41.0,4.0,28.0,37.0,348.0,34.8
148,2006.0,45.0,4262.0,3.63679,112.0,43.0,1.0,57.0,68.0,31.0,34.0,26.0,24.0,38.0,3.0,17.0,31.0,329.0,32.9
149,2006.0,46.0,4525.0,2.93923,101.0,32.0,1.0,60.0,69.0,32.0,35.0,26.0,14.0,38.0,17.0,38.0,29.0,358.0,35.8
150,2006.0,47.0,4538.0,3.54782,133.0,28.0,1.0,62.0,64.0,31.0,22.0,23.0,14.0,24.0,5.0,27.0,14.0,286.0,28.6
151,2006.0,48.0,5642.0,3.70436,155.0,54.0,1.0,67.0,67.0,36.0,26.0,29.0,17.0,28.0,4.0,33.0,17.0,324.0,32.4
152,2006.0,49.0,5805.0,4.5478,202.0,62.0,1.0,74.0,72.0,37.0,22.0,25.0,19.0,24.0,4.0,29.0,11.0,317.0,31.7
153,2006.0,50.0,6686.0,8.09153,421.0,120.0,1.0,67.0,75.0,43.0,21.0,17.0,16.0,22.0,4.0,23.0,8.0,296.0,29.6
154,2006.0,51.0,7083.0,10.2922,596.0,133.0,1.0,70.0,73.0,42.0,21.0,15.0,35.0,21.0,7.0,29.0,5.0,318.0,31.8
155,2006.0,52.0,6777.0,10.3881,581.0,123.0,1.0,77.0,83.0,45.0,21.0,28.0,18.0,20.0,5.0,29.0,4.0,330.0,33.0
156,2007.0,1.0,6711.0,6.97363,382.0,86.0,1.0,73.0,78.0,42.0,20.0,29.0,26.0,18.0,5.0,24.0,4.0,319.0,31.9
157,2007.0,2.0,6430.0,9.23795,508.0,86.0,1.0,73.0,74.0,35.0,18.0,24.0,17.0,18.0,4.0,32.0,3.0,298.0,29.8
158,2007.0,3.0,6200.0,11.5806,638.0,80.0,1.0,74.0,69.0,34.0,18.0,30.0,11.0,18.0,5.0,32.0,2.0,293.0,29.3
159,2007.0,4.0,7200.0,18.1944,1156.0,154.0,1.0,72.0,68.0,38.0,19.0,17.0,33.0,19.0,5.0,14.0,2.0,287.0,28.7
160,2007.0,5.0,8261.0,22.3823,1646.0,203.0,1.0,73.0,75.0,34.0,20.0,27.0,38.0,20.0,7.0,16.0,2.0,312.0,31.2
161,2007.0,6.0,8986.0,28.1772,2121.0,411.0,1.0,85.0,75.0,49.0,23.0,22.0,38.0,24.0,8.0,21.0,3.0,348.0,34.8
162,2007.0,7.0,9780.0,25.7975,2107.0,416.0,1.0,66.0,68.0,47.0,22.0,25.0,48.0,25.0,8.0,15.0,4.0,328.0,32.8
163,2007.0,8.0,9947.0,23.7961,1841.0,526.0,1.0,63.0,75.0,44.0,20.0,18.0,53.0,23.0,11.0,26.0,2.0,335.0,33.5
164,2007.0,9.0,8634.0,22.5735,1399.0,550.0,1.0,58.0,64.0,41.0,17.0,19.0,49.0,19.0,9.0,25.0,1.0,302.0,30.2
165,2007.0,10.0,7848.0,20.2472,1119.0,470.0,1.0,53.0,65.0,35.0,15.0,30.0,40.0,18.0,10.0,27.0,1.0,294.0,29.4
166,2007.0,11.0,6928.0,19.5294,923.0,430.0,1.0,46.0,65.0,27.0,13.0,17.0,36.0,15.0,6.0,21.0,1.0,247.0,24.7
167,2007.0,12.0,6460.0,16.8731,721.0,369.0,1.0,51.0,69.0,26.0,12.0,28.0,13.0,14.0,9.0,10.0,1.0,233.0,23.3
168,2007.0,13.0,5558.0,13.7639,554.0,211.0,1.0,45.0,65.0,26.0,11.0,29.0,12.0,12.0,7.0,21.0,1.0,229.0,22.9
169,2007.0,14.0,4698.0,11.026,362.0,156.0,1.0,46.0,60.0,18.0,9.0,32.0,7.0,11.0,4.0,20.0,1.0,208.0,20.8
170,2007.0,15.0,4243.0,12.1376,375.0,140.0,1.0,48.0,58.0,17.0,10.0,29.0,17.0,9.0,4.0,10.0,1.0,203.0,20.3
171,2007.0,16.0,3857.0,9.67073,292.0,81.0,1.0,45.0,57.0,17.0,9.0,30.0,15.0,9.0,3.0,10.0,1.0,196.0,19.6
172,2007.0,17.0,3015.0,9.75124,226.0,68.0,0.0,44.0,56.0,14.0,8.0,27.0,15.0,9.0,3.0,10.0,1.0,187.0,18.7
173,2007.0,18.0,3006.0,6.75316,147.0,56.0,0.0,41.0,52.0,13.0,7.0,20.0,10.0,8.0,2.0,10.0,1.0,164.0,16.4
174,2007.0,19.0,2531.0,4.978269999999998,88.0,38.0,0.0,39.0,58.0,10.0,7.0,27.0,12.0,7.0,2.0,9.0,0.0,171.0,17.1
175,2007.0,20.0,2341.0,3.92994,65.0,27.0,0.0,38.0,55.0,11.0,6.0,30.0,12.0,6.0,1.0,9.0,1.0,169.0,16.9
176,2007.0,21.0,1944.0,4.32099,70.0,14.0,0.0,36.0,51.0,10.0,6.0,22.0,10.0,6.0,2.0,19.0,1.0,163.0,16.3
177,2007.0,22.0,1696.0,1.7688700000000002,21.0,9.0,0.0,35.0,56.0,11.0,7.0,25.0,5.0,7.0,1.0,0.0,1.0,148.0,14.8
178,2007.0,23.0,1670.0,1.1976,16.0,4.0,0.0,36.0,53.0,10.0,6.0,32.0,13.0,6.0,1.0,9.0,1.0,167.0,16.7
179,2007.0,24.0,1529.0,1.70046,19.0,7.0,0.0,32.0,50.0,11.0,5.0,27.0,10.0,5.0,1.0,0.0,1.0,142.0,14.2
180,2007.0,25.0,1300.0,0.6153850000000001,6.0,2.0,0.0,33.0,47.0,7.0,5.0,19.0,5.0,5.0,2.0,0.0,1.0,124.0,12.4
181,2007.0,26.0,1278.0,1.17371,11.0,4.0,0.0,33.0,46.0,8.0,5.0,22.0,5.0,5.0,1.0,0.0,1.0,126.0,12.6
182,2007.0,27.0,1121.0,1.60571,13.0,5.0,0.0,33.0,45.0,10.0,4.0,20.0,7.0,5.0,1.0,0.0,1.0,126.0,12.6
183,2007.0,28.0,1195.0,1.92469,21.0,2.0,0.0,30.0,43.0,8.0,5.0,25.0,7.0,5.0,1.0,19.0,1.0,144.0,14.4
184,2007.0,29.0,1154.0,1.38648,15.0,1.0,0.0,30.0,48.0,10.0,4.0,26.0,5.0,5.0,1.0,9.0,1.0,139.0,13.9
185,2007.0,30.0,1165.0,3.17597,35.0,2.0,0.0,30.0,45.0,10.0,4.0,20.0,11.0,5.0,2.0,0.0,1.0,128.0,12.8
186,2007.0,31.0,1217.0,1.97206,22.0,2.0,0.0,29.0,45.0,8.0,4.0,27.0,5.0,5.0,1.0,0.0,1.0,125.0,12.5
187,2007.0,32.0,1157.0,2.93863,30.0,4.0,0.0,33.0,45.0,8.0,4.0,29.0,7.0,5.0,1.0,9.0,1.0,142.0,14.2
188,2007.0,33.0,1120.0,1.69643,19.0,0.0,0.0,34.0,48.0,8.0,5.0,35.0,10.0,5.0,1.0,0.0,1.0,147.0,14.7
189,2007.0,34.0,1170.0,1.96581,22.0,1.0,0.0,38.0,49.0,10.0,5.0,32.0,12.0,6.0,1.0,18.0,1.0,172.0,17.2
190,2007.0,35.0,1204.0,2.49169,23.0,7.0,0.0,38.0,48.0,9.0,6.0,33.0,6.0,7.0,1.0,9.0,2.0,159.0,15.9
191,2007.0,36.0,1093.0,2.19579,24.0,0.0,0.0,43.0,50.0,11.0,7.0,35.0,11.0,8.0,1.0,0.0,2.0,168.0,16.8
192,2007.0,37.0,1228.0,2.443,23.0,7.0,0.0,49.0,51.0,11.0,8.0,31.0,6.0,9.0,1.0,8.0,3.0,177.0,17.7
193,2007.0,38.0,954.0,3.14465,27.0,3.0,0.0,52.0,56.0,13.0,11.0,50.0,10.0,13.0,1.0,17.0,7.0,230.0,23.0
194,2007.0,39.0,1052.0,1.90114,20.0,0.0,0.0,54.0,62.0,16.0,14.0,35.0,10.0,17.0,1.0,9.0,10.0,228.0,22.8
195,2007.0,40.0,2382.0,1.84719,39.0,5.0,1.0,52.0,64.0,15.0,21.0,33.0,9.0,25.0,1.0,17.0,20.0,257.0,25.7
196,2007.0,41.0,2534.0,1.73639,44.0,0.0,1.0,63.0,69.0,18.0,27.0,33.0,15.0,32.0,2.0,16.0,29.0,304.0,30.4
197,2007.0,42.0,2953.0,1.62547,46.0,2.0,1.0,59.0,69.0,23.0,32.0,37.0,15.0,36.0,2.0,16.0,32.0,321.0,32.1
198,2007.0,43.0,3179.0,1.57282,45.0,5.0,1.0,56.0,68.0,22.0,32.0,36.0,8.0,38.0,2.0,20.0,35.0,317.0,31.7
199,2007.0,44.0,3575.0,2.06993,63.0,11.0,1.0,60.0,72.0,26.0,30.0,29.0,13.0,36.0,3.0,33.0,32.0,334.0,33.4
200,2007.0,45.0,3797.0,2.23861,74.0,11.0,1.0,65.0,79.0,33.0,31.0,33.0,25.0,37.0,2.0,21.0,31.0,357.0,35.7
201,2007.0,46.0,4131.0,2.10603,85.0,2.0,1.0,71.0,78.0,29.0,28.0,21.0,17.0,32.0,1.0,19.0,24.0,320.0,32.0
202,2007.0,47.0,4040.0,3.46535,127.0,13.0,1.0,68.0,70.0,22.0,19.0,29.0,16.0,22.0,4.0,18.0,14.0,282.0,28.2
203,2007.0,48.0,4855.0,3.31617,147.0,14.0,1.0,71.0,77.0,25.0,20.0,32.0,22.0,22.0,8.0,22.0,13.0,312.0,31.2
204,2007.0,49.0,4909.0,3.66673,158.0,22.0,1.0,72.0,78.0,27.0,17.0,31.0,14.0,19.0,3.0,11.0,10.0,282.0,28.2
205,2007.0,50.0,5157.0,4.16909,189.0,26.0,1.0,70.0,72.0,28.0,16.0,24.0,25.0,18.0,3.0,28.0,8.0,292.0,29.2
206,2007.0,51.0,5877.0,5.34286,263.0,51.0,1.0,76.0,73.0,26.0,14.0,26.0,28.0,16.0,3.0,14.0,5.0,281.0,28.1
207,2007.0,52.0,6269.0,7.14628,362.0,86.0,1.0,77.0,81.0,33.0,15.0,27.0,24.0,15.0,3.0,10.0,3.0,288.0,28.8
208,2008.0,1.0,6829.0,8.55176,477.0,107.0,1.0,100.0,92.0,34.0,16.0,34.0,11.0,17.0,5.0,26.0,3.0,338.0,33.8
209,2008.0,2.0,7383.0,13.5853,840.0,163.0,1.0,72.0,87.0,34.0,15.0,34.0,26.0,17.0,6.0,8.0,3.0,302.0,30.2
210,2008.0,3.0,7814.0,16.8032,1104.0,209.0,1.0,74.0,76.0,32.0,14.0,29.0,21.0,16.0,5.0,12.0,3.0,282.0,28.2
211,2008.0,4.0,9474.0,22.7148,1810.0,342.0,1.0,83.0,84.0,39.0,17.0,20.0,23.0,20.0,9.0,22.0,2.0,319.0,31.9
212,2008.0,5.0,13459.0,28.4642,3171.0,660.0,1.0,81.0,92.0,57.0,21.0,33.0,51.0,28.0,16.0,14.0,3.0,396.0,39.6
213,2008.0,6.0,15342.0,31.7494,3941.0,930.0,1.0,72.0,95.0,80.0,28.0,31.0,75.0,37.0,22.0,31.0,3.0,474.0,47.4
214,2008.0,7.0,15171.0,31.8173,3742.0,1085.0,1.0,82.0,100.0,81.0,31.0,30.0,100.0,40.0,27.0,27.0,3.0,521.0,52.1
215,2008.0,8.0,17359.0,30.3992,3894.0,1383.0,1.0,75.0,98.0,100.0,37.0,31.0,95.0,46.0,29.0,27.0,3.0,541.0,54.1
216,2008.0,9.0,16097.0,27.6511,3039.0,1412.0,1.0,70.0,87.0,87.0,31.0,26.0,88.0,41.0,27.0,31.0,3.0,491.0,49.1
217,2008.0,10.0,15181.0,23.6809,2208.0,1387.0,1.0,63.0,82.0,66.0,24.0,29.0,65.0,31.0,24.0,14.0,2.0,400.0,40.0
218,2008.0,11.0,11648.0,22.0124,1469.0,1095.0,1.0,60.0,81.0,54.0,20.0,29.0,64.0,25.0,14.0,24.0,2.0,373.0,37.3
219,2008.0,12.0,9498.0,20.3938,1034.0,903.0,1.0,56.0,73.0,38.0,16.0,32.0,48.0,19.0,10.0,12.0,1.0,305.0,30.5
220,2008.0,13.0,7800.0,17.7821,610.0,777.0,1.0,54.0,71.0,32.0,13.0,36.0,38.0,17.0,9.0,26.0,1.0,297.0,29.7
221,2008.0,14.0,6183.0,14.5399,388.0,511.0,1.0,51.0,68.0,26.0,10.0,43.0,19.0,13.0,6.0,14.0,1.0,251.0,25.1
222,2008.0,15.0,5285.0,11.7692,206.0,416.0,1.0,47.0,66.0,24.0,10.0,36.0,27.0,12.0,4.0,7.0,1.0,234.0,23.4
223,2008.0,16.0,4103.0,8.50597,115.0,234.0,1.0,48.0,67.0,18.0,8.0,37.0,20.0,10.0,3.0,14.0,1.0,226.0,22.6
224,2008.0,17.0,3556.0,5.3712,60.0,131.0,0.0,43.0,64.0,15.0,8.0,29.0,21.0,9.0,3.0,14.0,1.0,207.0,20.7
225,2008.0,18.0,2724.0,4.62555,47.0,79.0,0.0,43.0,62.0,13.0,7.0,28.0,10.0,8.0,2.0,7.0,1.0,181.0,18.1
226,2008.0,19.0,2539.0,2.56006,22.0,43.0,0.0,40.0,61.0,12.0,6.0,28.0,11.0,7.0,2.0,12.0,1.0,180.0,18.0
227,2008.0,20.0,2414.0,1.57415,18.0,20.0,0.0,39.0,59.0,12.0,6.0,35.0,17.0,8.0,2.0,14.0,1.0,193.0,19.3
228,2008.0,21.0,2115.0,1.37116,14.0,15.0,0.0,43.0,62.0,10.0,6.0,42.0,6.0,6.0,1.0,7.0,1.0,184.0,18.4
229,2008.0,22.0,1927.0,0.985989,9.0,10.0,0.0,40.0,59.0,10.0,5.0,31.0,7.0,6.0,1.0,8.0,0.0,167.0,16.7
230,2008.0,23.0,1850.0,0.918919,12.0,5.0,0.0,37.0,58.0,9.0,6.0,36.0,6.0,6.0,2.0,7.0,1.0,168.0,16.8
231,2008.0,24.0,1502.0,0.7989350000000001,5.0,7.0,0.0,35.0,54.0,9.0,5.0,31.0,8.0,6.0,1.0,0.0,1.0,150.0,15.0
232,2008.0,25.0,1467.0,0.477164,5.0,2.0,0.0,36.0,49.0,9.0,4.0,36.0,8.0,6.0,1.0,0.0,1.0,150.0,15.0
233,2008.0,26.0,1325.0,0.45283,0.0,6.0,0.0,31.0,54.0,8.0,4.0,41.0,8.0,5.0,1.0,8.0,0.0,160.0,16.0
234,2008.0,27.0,1203.0,0.332502,1.0,3.0,0.0,33.0,48.0,9.0,4.0,33.0,4.0,5.0,1.0,0.0,1.0,138.0,13.8
235,2008.0,28.0,1269.0,0.472813,2.0,4.0,0.0,32.0,52.0,10.0,4.0,33.0,4.0,5.0,1.0,7.0,1.0,149.0,14.9
236,2008.0,29.0,1203.0,0.332502,2.0,2.0,0.0,34.0,49.0,9.0,4.0,36.0,16.0,5.0,1.0,7.0,1.0,162.0,16.2
237,2008.0,30.0,1163.0,0.8598450000000001,10.0,0.0,0.0,33.0,48.0,8.0,5.0,37.0,10.0,5.0,1.0,15.0,1.0,163.0,16.3
238,2008.0,31.0,1125.0,0.622222,3.0,4.0,0.0,33.0,47.0,6.0,4.0,35.0,6.0,5.0,1.0,7.0,1.0,145.0,14.5
239,2008.0,32.0,1102.0,0.635209,6.0,1.0,0.0,34.0,46.0,10.0,5.0,31.0,0.0,6.0,1.0,0.0,1.0,134.0,13.4
240,2008.0,33.0,1053.0,0.0949668,0.0,1.0,0.0,34.0,50.0,9.0,4.0,31.0,4.0,6.0,1.0,7.0,1.0,147.0,14.7
241,2008.0,34.0,1090.0,0.550459,3.0,3.0,0.0,37.0,51.0,8.0,6.0,38.0,5.0,7.0,1.0,0.0,1.0,154.0,15.4
242,2008.0,35.0,1271.0,0.393391,2.0,3.0,0.0,38.0,50.0,10.0,6.0,33.0,7.0,7.0,1.0,0.0,1.0,153.0,15.3
243,2008.0,36.0,1336.0,0.4491020000000001,6.0,0.0,0.0,41.0,50.0,8.0,6.0,43.0,8.0,8.0,1.0,0.0,3.0,168.0,16.8
244,2008.0,37.0,1562.0,0.704225,9.0,2.0,0.0,47.0,52.0,11.0,8.0,32.0,6.0,10.0,1.0,0.0,4.0,171.0,17.1
245,2008.0,38.0,1886.0,1.06045,17.0,3.0,0.0,58.0,61.0,12.0,9.0,34.0,10.0,12.0,1.0,14.0,6.0,217.0,21.7
246,2008.0,39.0,2009.0,0.597312,10.0,2.0,0.0,58.0,63.0,16.0,14.0,33.0,12.0,17.0,1.0,14.0,11.0,239.0,23.9
247,2008.0,40.0,2759.0,0.616165,11.0,6.0,1.0,57.0,66.0,17.0,19.0,34.0,11.0,23.0,2.0,7.0,17.0,253.0,25.3
248,2008.0,41.0,2874.0,0.8002779999999999,17.0,6.0,1.0,60.0,67.0,19.0,26.0,40.0,15.0,31.0,1.0,22.0,27.0,308.0,30.8
249,2008.0,42.0,2937.0,1.25979,31.0,6.0,1.0,57.0,69.0,25.0,28.0,37.0,22.0,34.0,2.0,17.0,30.0,321.0,32.1
250,2008.0,43.0,3434.0,1.77635,46.0,15.0,1.0,67.0,68.0,28.0,32.0,37.0,20.0,39.0,2.0,33.0,34.0,360.0,36.0
251,2008.0,44.0,3545.0,1.21298,37.0,6.0,1.0,68.0,74.0,27.0,32.0,35.0,14.0,39.0,2.0,23.0,36.0,350.0,35.0
252,2008.0,45.0,4154.0,1.7092,59.0,12.0,1.0,58.0,76.0,31.0,28.0,43.0,25.0,33.0,2.0,0.0,29.0,325.0,32.5
253,2008.0,46.0,4418.0,1.40335,50.0,12.0,1.0,69.0,86.0,52.0,40.0,37.0,15.0,46.0,2.0,26.0,26.0,399.0,39.9
254,2008.0,47.0,4739.0,1.77253,58.0,26.0,1.0,83.0,78.0,33.0,25.0,34.0,31.0,28.0,2.0,24.0,18.0,356.0,35.6
255,2008.0,48.0,4836.0,2.25393,89.0,20.0,1.0,73.0,79.0,30.0,15.0,35.0,10.0,18.0,2.0,18.0,10.0,290.0,29.0
256,2008.0,49.0,5598.0,2.26867,109.0,18.0,1.0,80.0,82.0,35.0,18.0,28.0,25.0,22.0,3.0,23.0,9.0,325.0,32.5
257,2008.0,50.0,5989.0,3.15579,147.0,42.0,1.0,79.0,80.0,34.0,17.0,39.0,18.0,19.0,3.0,29.0,7.0,325.0,32.5
258,2008.0,51.0,6301.0,4.33265,213.0,60.0,1.0,81.0,77.0,29.0,14.0,34.0,19.0,16.0,3.0,22.0,5.0,300.0,30.0
259,2008.0,52.0,6031.0,4.72558,240.0,45.0,1.0,87.0,80.0,34.0,13.0,31.0,15.0,14.0,3.0,11.0,3.0,291.0,29.1
260,2008.0,53.0,6592.0,5.53701,315.0,50.0,1.0,88.0,92.0,34.0,15.0,43.0,13.0,16.0,4.0,21.0,3.0,329.0,32.9
261,2009.0,1.0,6981.0,8.43719,510.0,79.0,1.0,45.0,42.0,2.0,1.0,2.0,11.0,3.0,2.0,3.0,3.0,114.0,11.4
262,2009.0,2.0,6995.0,10.8649,657.0,103.0,1.0,55.0,37.0,2.0,1.0,1.0,9.0,3.0,2.0,2.0,2.0,114.0,11.4
263,2009.0,3.0,7943.0,16.0519,1085.0,190.0,1.0,44.0,36.0,2.0,1.0,1.0,9.0,3.0,2.0,1.0,2.0,101.0,10.1
264,2009.0,4.0,9484.0,20.7613,1588.0,381.0,1.0,46.0,41.0,2.0,1.0,1.0,12.0,3.0,2.0,3.0,2.0,113.0,11.3
265,2009.0,5.0,11707.0,23.9344,2115.0,687.0,1.0,45.0,43.0,3.0,2.0,1.0,18.0,4.0,2.0,2.0,2.0,122.0,12.2
266,2009.0,6.0,12691.0,25.2699,2260.0,947.0,1.0,41.0,45.0,3.0,2.0,1.0,20.0,4.0,3.0,2.0,2.0,123.0,12.3
267,2009.0,7.0,11741.0,24.8105,1982.0,931.0,1.0,47.0,44.0,3.0,2.0,2.0,25.0,4.0,2.0,2.0,2.0,133.0,13.3
268,2009.0,8.0,11912.0,24.5383,1771.0,1152.0,1.0,42.0,43.0,3.0,2.0,1.0,19.0,4.0,2.0,2.0,3.0,121.0,12.1
269,2009.0,9.0,10970.0,24.3482,1503.0,1168.0,1.0,42.0,41.0,3.0,2.0,2.0,26.0,4.0,3.0,2.0,2.0,127.0,12.7
270,2009.0,10.0,9595.0,22.3762,1085.0,1062.0,1.0,38.0,41.0,2.0,1.0,2.0,21.0,3.0,2.0,2.0,2.0,114.0,11.4
271,2009.0,11.0,8628.0,20.5494,854.0,919.0,1.0,33.0,39.0,2.0,1.0,2.0,27.0,3.0,2.0,2.0,1.0,112.0,11.2
272,2009.0,12.0,7343.0,16.737000000000002,598.0,631.0,1.0,33.0,39.0,2.0,1.0,2.0,20.0,2.0,1.0,1.0,1.0,102.0,10.2
273,2009.0,13.0,5778.0,13.8283,327.0,472.0,1.0,31.0,37.0,1.0,1.0,2.0,20.0,2.0,1.0,1.0,1.0,97.0,9.7
274,2009.0,14.0,5095.0,10.6575,267.0,276.0,1.0,30.0,35.0,1.0,1.0,2.0,14.0,2.0,1.0,1.0,1.0,88.0,8.8
275,2009.0,15.0,4674.0,7.1887,151.0,185.0,1.0,30.0,35.0,1.0,1.0,2.0,9.0,2.0,1.0,1.0,1.0,83.0,8.3
276,2009.0,16.0,4219.0,7.6795399999999985,211.0,113.0,1.0,29.0,35.0,3.0,4.0,6.0,17.0,6.0,4.0,3.0,2.0,109.0,10.9
277,2009.0,17.0,36203.0,12.4631,3712.0,800.0,0.0,31.0,40.0,100.0,100.0,100.0,87.0,100.0,100.0,100.0,21.0,779.0,77.9
278,2009.0,18.0,34659.0,15.0235,4721.0,486.0,0.0,26.0,33.0,34.0,25.0,35.0,27.0,29.0,13.0,17.0,5.0,244.0,24.4
279,2009.0,19.0,16820.0,18.0856,2908.0,134.0,0.0,27.0,31.0,15.0,9.0,20.0,12.0,11.0,5.0,4.0,2.0,136.0,13.6
280,2009.0,20.0,15410.0,26.7878,4035.0,93.0,0.0,27.0,34.0,16.0,8.0,16.0,14.0,10.0,5.0,4.0,2.0,136.0,13.6
281,2009.0,21.0,13483.0,33.4866,4473.0,42.0,0.0,26.0,34.0,11.0,5.0,19.0,12.0,7.0,4.0,4.0,2.0,124.0,12.4
282,2009.0,22.0,13553.0,39.482,5327.0,24.0,0.0,24.0,31.0,8.0,4.0,17.0,12.0,6.0,4.0,3.0,2.0,111.0,11.1
283,2009.0,23.0,13762.0,41.6146,5712.0,15.0,0.0,23.0,30.0,11.0,5.0,18.0,15.0,7.0,6.0,2.0,2.0,119.0,11.9
284,2009.0,24.0,14264.0,43.0454,6131.0,9.0,0.0,24.0,31.0,10.0,4.0,18.0,12.0,6.0,7.0,2.0,2.0,116.0,11.6
285,2009.0,25.0,12117.0,36.1806,4378.0,6.0,0.0,22.0,29.0,8.0,3.0,26.0,12.0,5.0,6.0,1.0,2.0,114.0,11.4
286,2009.0,26.0,10913.0,31.7786,3461.0,7.0,0.0,23.0,30.0,6.0,3.0,52.0,7.0,7.0,9.0,1.0,1.0,139.0,13.9
287,2009.0,27.0,10713.0,32.0358,3425.0,7.0,0.0,22.0,29.0,6.0,3.0,27.0,9.0,5.0,6.0,1.0,2.0,110.0,11.0
288,2009.0,28.0,9808.0,27.5387,2698.0,3.0,0.0,21.0,26.0,7.0,3.0,23.0,6.0,5.0,6.0,3.0,3.0,103.0,10.3
289,2009.0,29.0,8646.0,27.1108,2341.0,3.0,0.0,19.0,26.0,6.0,3.0,23.0,8.0,5.0,7.0,2.0,3.0,102.0,10.2
290,2009.0,30.0,9184.0,27.5588,2527.0,4.0,0.0,22.0,27.0,8.0,4.0,30.0,7.0,5.0,7.0,3.0,5.0,118.0,11.8
291,2009.0,31.0,8424.0,23.6705,1992.0,2.0,0.0,21.0,26.0,6.0,3.0,34.0,7.0,5.0,7.0,2.0,5.0,116.0,11.6
292,2009.0,32.0,8572.0,22.5502,1928.0,5.0,0.0,22.0,28.0,8.0,4.0,34.0,9.0,6.0,8.0,4.0,6.0,129.0,12.9
293,2009.0,33.0,10003.0,24.3627,2436.0,1.0,0.0,22.0,26.0,8.0,4.0,25.0,9.0,7.0,6.0,5.0,9.0,121.0,12.1
294,2009.0,34.0,11636.0,22.0265,2548.0,15.0,0.0,25.0,29.0,15.0,7.0,19.0,7.0,10.0,9.0,8.0,16.0,145.0,14.5
295,2009.0,35.0,13008.0,22.2863,2898.0,1.0,0.0,30.0,33.0,20.0,10.0,15.0,18.0,13.0,10.0,12.0,28.0,189.0,18.9
296,2009.0,36.0,14896.0,24.0064,3566.0,10.0,0.0,33.0,36.0,23.0,10.0,10.0,18.0,14.0,11.0,12.0,31.0,198.0,19.8
297,2009.0,37.0,16682.0,25.5905,4265.0,4.0,0.0,37.0,36.0,25.0,11.0,9.0,23.0,16.0,12.0,12.0,43.0,224.0,22.4
298,2009.0,38.0,16820.0,26.9917,4529.0,11.0,0.0,40.0,41.0,27.0,11.0,9.0,22.0,17.0,12.0,15.0,48.0,242.0,24.2
299,2009.0,39.0,15419.0,31.98,4919.0,12.0,0.0,44.0,43.0,29.0,13.0,9.0,27.0,20.0,15.0,15.0,63.0,278.0,27.8
300,2009.0,40.0,23980.0,33.5363,8021.0,21.0,1.0,45.0,43.0,31.0,15.0,8.0,26.0,23.0,19.0,17.0,77.0,304.0,30.4
301,2009.0,41.0,29005.0,37.5763,10881.0,18.0,1.0,49.0,46.0,36.0,16.0,7.0,32.0,25.0,22.0,22.0,83.0,338.0,33.8
302,2009.0,42.0,31511.0,39.3799,12377.0,32.0,1.0,48.0,54.0,44.0,21.0,6.0,42.0,32.0,32.0,31.0,100.0,410.0,41.0
303,2009.0,43.0,28104.0,35.575,9981.0,17.0,1.0,45.0,53.0,42.0,21.0,7.0,39.0,31.0,33.0,27.0,97.0,395.0,39.5
304,2009.0,44.0,24986.0,30.9253,7703.0,24.0,1.0,47.0,52.0,33.0,16.0,6.0,33.0,24.0,28.0,19.0,72.0,330.0,33.0
305,2009.0,45.0,21788.0,27.6115,6002.0,14.0,1.0,42.0,52.0,23.0,11.0,6.0,23.0,18.0,19.0,11.0,56.0,261.0,26.1
306,2009.0,46.0,18493.0,19.6182,3616.0,12.0,1.0,41.0,49.0,17.0,8.0,5.0,19.0,13.0,15.0,9.0,39.0,215.0,21.5
307,2009.0,47.0,13301.0,14.5628,1932.0,5.0,1.0,39.0,45.0,11.0,5.0,5.0,18.0,9.0,10.0,5.0,21.0,168.0,16.8
308,2009.0,48.0,13134.0,10.7355,1380.0,30.0,1.0,48.0,44.0,9.0,4.0,4.0,13.0,7.0,6.0,5.0,20.0,160.0,16.0
309,2009.0,49.0,11364.0,7.638160000000001,852.0,16.0,1.0,51.0,42.0,7.0,4.0,4.0,13.0,6.0,5.0,4.0,16.0,152.0,15.2
310,2009.0,50.0,10494.0,6.4417800000000005,663.0,13.0,1.0,45.0,41.0,6.0,3.0,3.0,5.0,6.0,4.0,3.0,16.0,132.0,13.2
311,2009.0,51.0,8622.0,4.95245,423.0,4.0,1.0,45.0,42.0,6.0,3.0,3.0,6.0,4.0,4.0,2.0,9.0,124.0,12.4
312,2009.0,52.0,9617.0,4.86638,459.0,9.0,1.0,53.0,44.0,6.0,2.0,3.0,6.0,4.0,3.0,1.0,8.0,130.0,13.0
313,2010.0,1.0,9456.0,4.00804,368.0,11.0,1.0,64.0,44.0,5.0,2.0,2.0,8.0,4.0,2.0,2.0,9.0,142.0,14.2
314,2010.0,2.0,8753.0,4.76408,406.0,11.0,1.0,47.0,41.0,4.0,2.0,3.0,7.0,4.0,2.0,4.0,8.0,122.0,12.2
315,2010.0,3.0,8468.0,5.6329699999999985,476.0,1.0,1.0,38.0,39.0,4.0,2.0,3.0,5.0,3.0,2.0,3.0,6.0,105.0,10.5
316,2010.0,4.0,8378.0,5.108619999999998,419.0,9.0,1.0,41.0,39.0,3.0,1.0,2.0,5.0,3.0,2.0,2.0,4.0,102.0,10.2
317,2010.0,5.0,8243.0,5.15589,415.0,10.0,1.0,41.0,41.0,3.0,1.0,2.0,8.0,3.0,1.0,3.0,3.0,106.0,10.6
318,2010.0,6.0,8099.0,4.55612,360.0,9.0,1.0,45.0,41.0,3.0,1.0,2.0,4.0,2.0,1.0,2.0,3.0,104.0,10.4
319,2010.0,7.0,8375.0,4.77612,393.0,7.0,1.0,41.0,42.0,3.0,1.0,2.0,6.0,2.0,2.0,2.0,2.0,103.0,10.3
320,2010.0,8.0,8074.0,5.42482,435.0,3.0,1.0,41.0,44.0,3.0,1.0,3.0,9.0,2.0,2.0,3.0,2.0,110.0,11.0
321,2010.0,9.0,7514.0,6.13521,455.0,6.0,1.0,41.0,43.0,3.0,1.0,4.0,6.0,2.0,2.0,3.0,2.0,107.0,10.7
322,2010.0,10.0,7502.0,6.61157,483.0,13.0,1.0,38.0,44.0,2.0,1.0,5.0,6.0,2.0,1.0,2.0,2.0,103.0,10.3
323,2010.0,11.0,6485.0,5.70547,366.0,4.0,1.0,34.0,40.0,2.0,1.0,5.0,6.0,2.0,1.0,1.0,2.0,94.0,9.4
324,2010.0,12.0,5654.0,4.42165,239.0,11.0,1.0,33.0,38.0,2.0,1.0,7.0,4.0,2.0,1.0,3.0,2.0,93.0,9.3
325,2010.0,13.0,5246.0,4.34617,222.0,6.0,1.0,31.0,38.0,2.0,1.0,5.0,6.0,2.0,1.0,1.0,2.0,89.0,8.9
326,2010.0,14.0,4716.0,2.75657,129.0,1.0,1.0,28.0,37.0,2.0,1.0,9.0,6.0,2.0,1.0,2.0,2.0,90.0,9.0
327,2010.0,15.0,4095.0,2.05128,76.0,8.0,1.0,28.0,37.0,1.0,1.0,7.0,7.0,2.0,1.0,1.0,2.0,87.0,8.7
328,2010.0,16.0,3740.0,1.25668,34.0,13.0,1.0,27.0,36.0,1.0,1.0,6.0,5.0,2.0,1.0,2.0,2.0,83.0,8.3
329,2010.0,17.0,3660.0,0.710383,22.0,4.0,0.0,28.0,36.0,1.0,1.0,5.0,5.0,2.0,1.0,1.0,2.0,82.0,8.2
330,2010.0,18.0,3117.0,0.802053,22.0,3.0,0.0,26.0,37.0,1.0,1.0,5.0,9.0,2.0,1.0,1.0,2.0,85.0,8.5
331,2010.0,19.0,2891.0,0.622622,14.0,4.0,0.0,28.0,37.0,1.0,1.0,5.0,7.0,2.0,0.0,1.0,1.0,83.0,8.3
332,2010.0,20.0,2903.0,0.5167069999999999,12.0,3.0,0.0,24.0,36.0,1.0,1.0,5.0,4.0,2.0,1.0,2.0,1.0,77.0,7.7
333,2010.0,21.0,2689.0,0.185943,3.0,2.0,0.0,25.0,34.0,1.0,1.0,4.0,5.0,1.0,0.0,1.0,1.0,73.0,7.3
334,2010.0,22.0,2136.0,0.28089899999999995,4.0,2.0,0.0,24.0,34.0,1.0,1.0,5.0,5.0,1.0,0.0,1.0,1.0,73.0,7.3
335,2010.0,23.0,2163.0,0.277393,3.0,3.0,0.0,22.0,33.0,1.0,0.0,4.0,3.0,1.0,1.0,1.0,1.0,67.0,6.7
336,2010.0,24.0,2033.0,0.442696,6.0,3.0,0.0,22.0,31.0,1.0,0.0,3.0,3.0,1.0,0.0,1.0,1.0,63.0,6.3
337,2010.0,25.0,1987.0,0.402617,8.0,0.0,0.0,21.0,44.0,1.0,0.0,3.0,2.0,1.0,0.0,1.0,1.0,74.0,7.4
338,2010.0,26.0,1820.0,0.2197800000000001,3.0,1.0,0.0,22.0,35.0,1.0,0.0,3.0,3.0,1.0,0.0,2.0,1.0,68.0,6.8
339,2010.0,27.0,1636.0,0.305623,5.0,0.0,0.0,22.0,35.0,1.0,0.0,3.0,2.0,1.0,0.0,1.0,1.0,66.0,6.6
340,2010.0,28.0,1620.0,0.679012,9.0,2.0,0.0,20.0,34.0,1.0,0.0,2.0,3.0,1.0,0.0,1.0,1.0,63.0,6.3
341,2010.0,29.0,1606.0,0.498132,5.0,3.0,0.0,22.0,37.0,1.0,0.0,2.0,2.0,1.0,1.0,1.0,1.0,68.0,6.8
342,2010.0,30.0,1686.0,1.36418,18.0,5.0,0.0,22.0,36.0,1.0,1.0,3.0,2.0,1.0,0.0,1.0,1.0,68.0,6.8
343,2010.0,31.0,1520.0,1.05263,15.0,1.0,0.0,22.0,34.0,1.0,1.0,2.0,1.0,1.0,0.0,0.0,2.0,64.0,6.4
344,2010.0,32.0,1676.0,1.7303099999999998,19.0,10.0,0.0,24.0,34.0,1.0,1.0,3.0,3.0,1.0,0.0,0.0,2.0,69.0,6.9
345,2010.0,33.0,1790.0,1.06145,16.0,3.0,0.0,24.0,38.0,1.0,1.0,3.0,3.0,1.0,0.0,1.0,2.0,74.0,7.4
346,2010.0,34.0,1967.0,2.03355,34.0,6.0,0.0,26.0,37.0,1.0,1.0,3.0,3.0,2.0,0.0,1.0,4.0,78.0,7.8
347,2010.0,35.0,2212.0,1.2658200000000002,24.0,4.0,0.0,28.0,37.0,1.0,1.0,3.0,3.0,2.0,0.0,1.0,6.0,82.0,8.2
348,2010.0,36.0,2336.0,1.5411,32.0,4.0,0.0,33.0,40.0,1.0,1.0,3.0,3.0,3.0,1.0,2.0,9.0,96.0,9.6
349,2010.0,37.0,2698.0,1.85322,44.0,6.0,0.0,35.0,46.0,1.0,2.0,2.0,5.0,4.0,1.0,2.0,12.0,110.0,11.0
350,2010.0,38.0,2960.0,1.62162,39.0,9.0,0.0,40.0,47.0,1.0,2.0,2.0,3.0,4.0,1.0,2.0,15.0,117.0,11.7
351,2010.0,39.0,2988.0,1.33869,30.0,10.0,0.0,39.0,42.0,2.0,2.0,2.0,7.0,5.0,1.0,2.0,18.0,120.0,12.0
352,2010.0,40.0,3600.0,2.13889,54.0,23.0,1.0,40.0,44.0,2.0,2.0,2.0,8.0,6.0,1.0,2.0,24.0,131.0,13.1
353,2010.0,41.0,4006.0,3.19521,92.0,36.0,1.0,38.0,45.0,2.0,2.0,2.0,8.0,5.0,1.0,2.0,21.0,126.0,12.6
354,2010.0,42.0,4112.0,3.38035,94.0,45.0,1.0,40.0,50.0,2.0,2.0,2.0,9.0,5.0,1.0,2.0,21.0,134.0,13.4
355,2010.0,43.0,4240.0,3.91509,114.0,52.0,1.0,38.0,50.0,2.0,2.0,3.0,5.0,5.0,1.0,2.0,18.0,126.0,12.6
356,2010.0,44.0,4608.0,5.36024,141.0,106.0,1.0,44.0,48.0,2.0,2.0,2.0,8.0,4.0,1.0,2.0,16.0,129.0,12.9
357,2010.0,45.0,5377.0,6.50921,187.0,163.0,1.0,44.0,52.0,2.0,2.0,3.0,6.0,4.0,1.0,3.0,13.0,130.0,13.0
358,2010.0,46.0,5578.0,8.73073,250.0,237.0,1.0,43.0,53.0,2.0,2.0,2.0,8.0,4.0,1.0,2.0,11.0,128.0,12.8
359,2010.0,47.0,5533.0,10.6091,322.0,265.0,1.0,47.0,51.0,2.0,1.0,3.0,6.0,3.0,1.0,1.0,7.0,122.0,12.2
360,2010.0,48.0,5975.0,9.99163,337.0,260.0,1.0,53.0,52.0,3.0,2.0,2.0,7.0,3.0,1.0,3.0,6.0,132.0,13.2
361,2010.0,49.0,6361.0,13.2526,533.0,310.0,1.0,56.0,53.0,2.0,2.0,2.0,9.0,3.0,1.0,2.0,6.0,136.0,13.6
362,2010.0,50.0,7692.0,18.8508,908.0,542.0,1.0,56.0,52.0,3.0,1.0,3.0,10.0,3.0,2.0,2.0,5.0,137.0,13.7
363,2010.0,51.0,8172.0,25.0367,1357.0,689.0,1.0,53.0,58.0,3.0,2.0,2.0,7.0,3.0,3.0,2.0,4.0,137.0,13.7
364,2010.0,52.0,9030.0,26.268,1724.0,648.0,1.0,61.0,61.0,4.0,2.0,3.0,9.0,4.0,3.0,3.0,4.0,154.0,15.4
365,2011.0,1.0,10441.0,25.17,2056.0,572.0,1.0,61.0,63.0,4.0,2.0,2.0,16.0,4.0,3.0,4.0,5.0,164.0,16.4
366,2011.0,2.0,10190.0,29.2836,2399.0,585.0,1.0,60.0,57.0,4.0,2.0,2.0,13.0,4.0,4.0,3.0,4.0,153.0,15.3
367,2011.0,3.0,11067.0,33.5231,2969.0,741.0,1.0,54.0,60.0,4.0,2.0,2.0,19.0,4.0,5.0,2.0,4.0,156.0,15.6
368,2011.0,4.0,12950.0,34.3398,3475.0,972.0,1.0,58.0,62.0,5.0,2.0,2.0,23.0,5.0,6.0,4.0,4.0,171.0,17.1
369,2011.0,5.0,13875.0,35.4018,3785.0,1127.0,1.0,60.0,62.0,5.0,2.0,1.0,25.0,5.0,6.0,4.0,3.0,173.0,17.3
370,2011.0,6.0,14647.0,34.6624,3900.0,1177.0,1.0,59.0,65.0,5.0,2.0,2.0,30.0,5.0,7.0,3.0,4.0,182.0,18.2
371,2011.0,7.0,16401.0,34.8515,4362.0,1354.0,1.0,54.0,66.0,5.0,2.0,2.0,35.0,5.0,7.0,3.0,3.0,182.0,18.2
372,2011.0,8.0,15033.0,30.9785,3453.0,1204.0,1.0,54.0,64.0,4.0,2.0,1.0,39.0,5.0,7.0,4.0,3.0,183.0,18.3
373,2011.0,9.0,12990.0,27.5058,2689.0,884.0,1.0,47.0,60.0,4.0,2.0,2.0,25.0,4.0,5.0,3.0,2.0,154.0,15.4
374,2011.0,10.0,11625.0,23.7935,2075.0,691.0,1.0,45.0,57.0,3.0,1.0,2.0,22.0,3.0,4.0,2.0,2.0,141.0,14.1
375,2011.0,11.0,9860.0,20.284,1437.0,563.0,1.0,41.0,55.0,3.0,1.0,1.0,22.0,3.0,3.0,2.0,1.0,132.0,13.2
376,2011.0,12.0,8443.0,16.1199,955.0,406.0,1.0,41.0,54.0,2.0,1.0,2.0,17.0,2.0,2.0,3.0,1.0,125.0,12.5
377,2011.0,13.0,7107.0,12.8043,617.0,293.0,1.0,43.0,51.0,2.0,1.0,2.0,12.0,2.0,2.0,1.0,1.0,117.0,11.7
378,2011.0,14.0,6481.0,9.8133,382.0,254.0,1.0,38.0,50.0,2.0,1.0,1.0,9.0,2.0,1.0,2.0,1.0,107.0,10.7
379,2011.0,15.0,5615.0,7.12378,241.0,159.0,1.0,37.0,49.0,1.0,1.0,2.0,12.0,2.0,1.0,2.0,1.0,108.0,10.8
380,2011.0,16.0,4642.0,4.4162,119.0,86.0,1.0,35.0,48.0,1.0,1.0,2.0,5.0,2.0,1.0,1.0,1.0,97.0,9.7
381,2011.0,17.0,3976.0,3.34507,70.0,63.0,0.0,34.0,46.0,1.0,1.0,1.0,7.0,2.0,1.0,1.0,1.0,95.0,9.5
382,2011.0,18.0,3611.0,1.91083,44.0,25.0,0.0,33.0,45.0,1.0,1.0,1.0,5.0,1.0,1.0,1.0,1.0,90.0,9.0
383,2011.0,19.0,3271.0,1.10058,21.0,15.0,0.0,33.0,46.0,1.0,1.0,1.0,6.0,1.0,1.0,1.0,1.0,92.0,9.2
384,2011.0,20.0,3079.0,0.8444299999999999,13.0,13.0,0.0,32.0,44.0,1.0,1.0,1.0,6.0,2.0,1.0,1.0,1.0,90.0,9.0
385,2011.0,21.0,2705.0,0.665434,13.0,5.0,0.0,32.0,43.0,1.0,1.0,1.0,4.0,1.0,1.0,1.0,1.0,86.0,8.6
386,2011.0,22.0,2442.0,0.532351,7.0,6.0,0.0,32.0,44.0,1.0,1.0,1.0,3.0,1.0,0.0,1.0,1.0,85.0,8.5
387,2011.0,23.0,2259.0,0.265604,2.0,4.0,0.0,28.0,41.0,1.0,1.0,1.0,4.0,1.0,0.0,0.0,1.0,78.0,7.8
388,2011.0,24.0,2109.0,0.426743,9.0,0.0,0.0,28.0,40.0,1.0,1.0,1.0,3.0,1.0,0.0,1.0,1.0,77.0,7.7
389,2011.0,25.0,1967.0,0.25419400000000003,2.0,3.0,0.0,26.0,38.0,1.0,0.0,1.0,1.0,1.0,0.0,0.0,1.0,69.0,6.9
390,2011.0,26.0,1560.0,0.25641,3.0,1.0,0.0,27.0,37.0,1.0,0.0,2.0,4.0,1.0,0.0,1.0,1.0,74.0,7.4
391,2011.0,27.0,1498.0,0.333778,4.0,1.0,0.0,25.0,35.0,1.0,0.0,2.0,4.0,1.0,0.0,1.0,1.0,70.0,7.0
392,2011.0,28.0,1500.0,0.6,5.0,4.0,0.0,26.0,34.0,1.0,0.0,2.0,2.0,1.0,0.0,0.0,1.0,67.0,6.7
393,2011.0,29.0,1500.0,0.666667,5.0,5.0,0.0,26.0,32.0,1.0,0.0,2.0,3.0,1.0,0.0,1.0,1.0,67.0,6.7
394,2011.0,30.0,1307.0,0.306044,3.0,1.0,0.0,25.0,33.0,1.0,0.0,2.0,3.0,1.0,0.0,0.0,1.0,66.0,6.6
395,2011.0,31.0,1428.0,0.770308,8.0,3.0,0.0,26.0,33.0,1.0,0.0,2.0,2.0,1.0,0.0,0.0,1.0,66.0,6.6
396,2011.0,32.0,1433.0,0.907188,11.0,2.0,0.0,25.0,34.0,1.0,0.0,2.0,3.0,1.0,0.0,1.0,1.0,68.0,6.8
397,2011.0,33.0,1506.0,1.06242,13.0,3.0,0.0,27.0,34.0,1.0,1.0,1.0,2.0,1.0,0.0,1.0,2.0,70.0,7.0
398,2011.0,34.0,1705.0,0.997067,11.0,6.0,0.0,29.0,36.0,1.0,1.0,2.0,3.0,2.0,0.0,1.0,3.0,78.0,7.8
399,2011.0,35.0,1925.0,0.779221,14.0,1.0,0.0,32.0,36.0,1.0,1.0,2.0,3.0,2.0,0.0,1.0,5.0,83.0,8.3
400,2011.0,36.0,2056.0,0.632296,11.0,2.0,0.0,34.0,37.0,1.0,1.0,2.0,3.0,3.0,1.0,1.0,7.0,90.0,9.0
401,2011.0,37.0,2326.0,0.902837,17.0,4.0,0.0,41.0,41.0,2.0,2.0,1.0,5.0,3.0,0.0,2.0,12.0,109.0,10.9
402,2011.0,38.0,2612.0,0.803982,13.0,8.0,0.0,45.0,54.0,2.0,2.0,2.0,5.0,4.0,1.0,2.0,16.0,133.0,13.3
403,2011.0,39.0,2920.0,1.19863,29.0,6.0,0.0,43.0,50.0,2.0,2.0,2.0,5.0,5.0,1.0,2.0,18.0,130.0,13.0
404,2011.0,40.0,3192.0,1.03383,24.0,9.0,1.0,45.0,49.0,2.0,2.0,2.0,8.0,6.0,1.0,2.0,23.0,140.0,14.0
405,2011.0,41.0,3316.0,0.572979,11.0,8.0,1.0,41.0,50.0,2.0,2.0,2.0,6.0,5.0,1.0,3.0,22.0,134.0,13.4
406,2011.0,42.0,3425.0,0.8175180000000001,20.0,8.0,1.0,46.0,51.0,2.0,2.0,2.0,7.0,5.0,1.0,2.0,21.0,139.0,13.9
407,2011.0,43.0,3749.0,1.17365,32.0,12.0,1.0,48.0,53.0,2.0,2.0,2.0,7.0,5.0,1.0,2.0,19.0,141.0,14.1
408,2011.0,44.0,4075.0,0.957055,30.0,9.0,1.0,52.0,56.0,2.0,2.0,2.0,13.0,4.0,1.0,3.0,14.0,149.0,14.9
409,2011.0,45.0,4326.0,1.13269,34.0,15.0,1.0,52.0,59.0,3.0,2.0,2.0,6.0,4.0,1.0,3.0,12.0,144.0,14.4
410,2011.0,46.0,4580.0,0.960699,32.0,12.0,1.0,52.0,57.0,3.0,2.0,2.0,7.0,4.0,1.0,3.0,9.0,140.0,14.0
411,2011.0,47.0,4108.0,1.82571,56.0,19.0,1.0,48.0,57.0,2.0,1.0,2.0,7.0,3.0,1.0,2.0,6.0,129.0,12.9
412,2011.0,48.0,4669.0,1.54209,55.0,17.0,1.0,56.0,60.0,3.0,2.0,2.0,10.0,3.0,1.0,3.0,7.0,147.0,14.7
413,2011.0,49.0,4710.0,2.29299,88.0,20.0,1.0,59.0,57.0,2.0,1.0,2.0,6.0,3.0,1.0,3.0,6.0,140.0,14.0
414,2011.0,50.0,4906.0,2.71097,113.0,20.0,1.0,54.0,57.0,3.0,1.0,2.0,6.0,3.0,1.0,2.0,5.0,134.0,13.4
415,2011.0,51.0,5151.0,3.8245,173.0,24.0,1.0,59.0,59.0,3.0,2.0,2.0,8.0,3.0,1.0,3.0,4.0,144.0,14.4
416,2011.0,52.0,5470.0,3.32724,164.0,18.0,1.0,64.0,65.0,3.0,2.0,2.0,7.0,3.0,1.0,2.0,4.0,153.0,15.3
417,2012.0,1.0,5690.0,3.21617,161.0,22.0,1.0,68.0,65.0,3.0,2.0,2.0,9.0,3.0,1.0,3.0,4.0,160.0,16.0
418,2012.0,2.0,5341.0,4.39993,220.0,15.0,1.0,56.0,60.0,3.0,1.0,2.0,9.0,3.0,1.0,2.0,3.0,140.0,14.0
419,2012.0,3.0,5364.0,5.9657,302.0,18.0,1.0,58.0,58.0,3.0,1.0,2.0,10.0,3.0,1.0,3.0,3.0,142.0,14.2
420,2012.0,4.0,5840.0,8.09932,441.0,32.0,1.0,53.0,59.0,2.0,1.0,2.0,11.0,3.0,1.0,3.0,3.0,138.0,13.8
421,2012.0,5.0,6251.0,10.8783,637.0,43.0,1.0,53.0,62.0,3.0,1.0,2.0,8.0,3.0,1.0,2.0,3.0,138.0,13.8
422,2012.0,6.0,6413.0,12.615,753.0,56.0,1.0,56.0,62.0,3.0,1.0,2.0,13.0,3.0,1.0,3.0,2.0,146.0,14.6
423,2012.0,7.0,7298.0,14.8397,1012.0,71.0,1.0,57.0,60.0,3.0,2.0,2.0,16.0,3.0,2.0,3.0,2.0,150.0,15.0
424,2012.0,8.0,7596.0,18.9968,1365.0,78.0,1.0,53.0,68.0,3.0,2.0,2.0,16.0,3.0,2.0,3.0,2.0,154.0,15.4
425,2012.0,9.0,8485.0,23.8185,1909.0,112.0,1.0,51.0,62.0,3.0,2.0,2.0,24.0,3.0,2.0,3.0,2.0,154.0,15.4
426,2012.0,10.0,8459.0,28.183000000000003,2261.0,123.0,1.0,47.0,58.0,3.0,2.0,2.0,23.0,3.0,3.0,2.0,2.0,145.0,14.5
427,2012.0,11.0,8822.0,30.7187,2511.0,199.0,1.0,41.0,57.0,3.0,1.0,2.0,25.0,3.0,3.0,2.0,2.0,139.0,13.9
428,2012.0,12.0,7974.0,27.527,1958.0,237.0,1.0,38.0,55.0,2.0,1.0,2.0,18.0,3.0,2.0,1.0,2.0,124.0,12.4
429,2012.0,13.0,7450.0,21.557,1362.0,244.0,1.0,38.0,52.0,2.0,1.0,2.0,18.0,2.0,2.0,1.0,1.0,119.0,11.9
430,2012.0,14.0,6695.0,22.0762,1203.0,275.0,1.0,38.0,56.0,2.0,1.0,2.0,10.0,2.0,1.0,1.0,1.0,114.0,11.4
431,2012.0,15.0,6304.0,20.4473,991.0,298.0,1.0,39.0,57.0,2.0,1.0,2.0,12.0,2.0,1.0,2.0,1.0,119.0,11.9
432,2012.0,16.0,5689.0,20.6363,860.0,314.0,1.0,37.0,55.0,2.0,1.0,2.0,11.0,2.0,1.0,1.0,1.0,113.0,11.3
433,2012.0,17.0,4980.0,17.2691,586.0,274.0,0.0,38.0,53.0,2.0,1.0,2.0,8.0,2.0,1.0,1.0,1.0,109.0,10.9
434,2012.0,18.0,4522.0,15.9885,471.0,252.0,0.0,36.0,56.0,1.0,1.0,2.0,10.0,2.0,1.0,1.0,1.0,111.0,11.1
435,2012.0,19.0,4061.0,15.1687,350.0,266.0,0.0,34.0,55.0,1.0,1.0,2.0,8.0,2.0,1.0,2.0,1.0,107.0,10.7
436,2012.0,20.0,3811.0,13.3298,254.0,254.0,0.0,35.0,57.0,1.0,1.0,2.0,9.0,2.0,1.0,1.0,1.0,110.0,11.0
437,2012.0,21.0,3729.0,11.1558,156.0,260.0,0.0,32.0,54.0,1.0,1.0,2.0,10.0,1.0,1.0,1.0,1.0,104.0,10.4
438,2012.0,22.0,3347.0,10.9053,137.0,228.0,0.0,32.0,50.0,1.0,1.0,2.0,5.0,1.0,0.0,2.0,1.0,95.0,9.5
439,2012.0,23.0,3055.0,9.59083,96.0,197.0,0.0,32.0,48.0,1.0,1.0,2.0,4.0,1.0,1.0,1.0,1.0,92.0,9.2
440,2012.0,24.0,2898.0,9.97239,110.0,179.0,0.0,30.0,47.0,1.0,1.0,2.0,2.0,1.0,1.0,1.0,1.0,87.0,8.7
441,2012.0,25.0,2529.0,6.76157,68.0,103.0,0.0,30.0,43.0,1.0,1.0,2.0,3.0,1.0,0.0,1.0,1.0,83.0,8.3
442,2012.0,26.0,2255.0,6.7405800000000005,39.0,113.0,0.0,29.0,43.0,1.0,1.0,2.0,2.0,1.0,0.0,0.0,1.0,80.0,8.0
443,2012.0,27.0,1970.0,4.72081,34.0,59.0,0.0,29.0,42.0,1.0,1.0,2.0,3.0,1.0,0.0,1.0,1.0,81.0,8.1
444,2012.0,28.0,2052.0,4.5809,52.0,41.0,0.0,29.0,42.0,1.0,1.0,2.0,3.0,1.0,0.0,1.0,1.0,81.0,8.1
445,2012.0,29.0,2100.0,3.66667,29.0,48.0,0.0,29.0,52.0,1.0,1.0,2.0,4.0,1.0,0.0,1.0,1.0,92.0,9.2
446,2012.0,30.0,2048.0,5.12695,64.0,32.0,0.0,29.0,53.0,1.0,1.0,2.0,2.0,1.0,0.0,1.0,1.0,91.0,9.1
447,2012.0,31.0,2161.0,9.48635,77.0,33.0,0.0,29.0,47.0,1.0,1.0,2.0,2.0,1.0,0.0,1.0,1.0,85.0,8.5
448,2012.0,32.0,2294.0,7.541410000000001,75.0,25.0,0.0,30.0,44.0,1.0,1.0,2.0,2.0,1.0,0.0,1.0,2.0,84.0,8.4
449,2012.0,33.0,2501.0,6.71731,89.0,27.0,0.0,31.0,44.0,1.0,1.0,2.0,4.0,2.0,0.0,2.0,2.0,89.0,8.9
450,2012.0,34.0,2705.0,4.17745,75.0,23.0,0.0,34.0,46.0,1.0,1.0,2.0,4.0,2.0,0.0,1.0,3.0,94.0,9.4
451,2012.0,35.0,2746.0,3.05899,53.0,19.0,0.0,38.0,49.0,2.0,1.0,2.0,3.0,2.0,0.0,1.0,5.0,103.0,10.3
452,2012.0,36.0,2914.0,3.05422,52.0,32.0,0.0,40.0,52.0,2.0,1.0,2.0,4.0,3.0,1.0,1.0,7.0,113.0,11.3
453,2012.0,37.0,3280.0,2.22561,27.0,44.0,0.0,46.0,55.0,2.0,1.0,2.0,6.0,3.0,1.0,2.0,11.0,129.0,12.9
454,2012.0,38.0,3501.0,3.08483,66.0,42.0,0.0,50.0,57.0,2.0,2.0,2.0,6.0,4.0,1.0,3.0,14.0,141.0,14.1
455,2012.0,39.0,3649.0,3.5900199999999995,67.0,64.0,0.0,50.0,56.0,2.0,2.0,2.0,8.0,5.0,1.0,3.0,17.0,146.0,14.6
456,2012.0,40.0,4513.0,3.78905,93.0,78.0,1.0,49.0,59.0,3.0,2.0,2.0,9.0,5.0,1.0,2.0,22.0,154.0,15.4
457,2012.0,41.0,4914.0,3.92755,98.0,95.0,1.0,54.0,59.0,3.0,2.0,2.0,9.0,6.0,1.0,2.0,22.0,160.0,16.0
458,2012.0,42.0,5249.0,5.8106300000000015,183.0,122.0,1.0,47.0,58.0,3.0,2.0,2.0,11.0,5.0,1.0,3.0,20.0,152.0,15.2
459,2012.0,43.0,5306.0,6.5586100000000025,207.0,141.0,1.0,48.0,60.0,3.0,2.0,2.0,9.0,5.0,1.0,3.0,18.0,151.0,15.1
460,2012.0,44.0,5406.0,7.861639999999999,271.0,154.0,1.0,50.0,58.0,3.0,2.0,2.0,10.0,4.0,1.0,3.0,13.0,146.0,14.6
461,2012.0,45.0,6446.0,9.75799,398.0,231.0,1.0,53.0,60.0,3.0,2.0,2.0,12.0,4.0,1.0,2.0,11.0,150.0,15.0
462,2012.0,46.0,6721.0,13.3611,629.0,267.0,1.0,56.0,93.0,3.0,2.0,2.0,14.0,4.0,2.0,2.0,11.0,189.0,18.9
463,2012.0,47.0,7433.0,18.4179,1005.0,364.0,1.0,54.0,71.0,3.0,2.0,2.0,10.0,4.0,3.0,4.0,8.0,161.0,16.1
464,2012.0,48.0,9333.0,22.3829,1586.0,503.0,1.0,63.0,72.0,4.0,2.0,2.0,18.0,5.0,3.0,6.0,9.0,184.0,18.4
465,2012.0,49.0,12060.0,29.204,2829.0,693.0,1.0,57.0,72.0,6.0,3.0,2.0,25.0,7.0,5.0,7.0,16.0,200.0,20.0
466,2012.0,50.0,14711.0,32.6083,3941.0,856.0,1.0,64.0,71.0,6.0,3.0,2.0,25.0,7.0,7.0,7.0,11.0,203.0,20.3
467,2012.0,51.0,16904.0,37.4527,5177.0,1154.0,1.0,69.0,80.0,7.0,3.0,2.0,37.0,7.0,11.0,8.0,8.0,232.0,23.2
468,2012.0,52.0,18139.0,37.8742,5671.0,1199.0,1.0,88.0,96.0,8.0,4.0,3.0,43.0,8.0,14.0,9.0,7.0,280.0,28.0
469,2013.0,1.0,19673.0,35.2971,5798.0,1146.0,1.0,98.0,100.0,10.0,5.0,3.0,56.0,11.0,13.0,12.0,13.0,321.0,32.1
470,2013.0,2.0,22224.0,34.2063,6365.0,1237.0,1.0,83.0,95.0,22.0,14.0,3.0,100.0,32.0,26.0,31.0,64.0,470.0,47.0
471,2013.0,3.0,20931.0,30.5432,5251.0,1142.0,1.0,78.0,82.0,21.0,11.0,3.0,78.0,25.0,22.0,26.0,45.0,391.0,39.1
472,2013.0,4.0,18668.0,29.5747,4332.0,1189.0,1.0,86.0,82.0,14.0,6.0,3.0,53.0,14.0,16.0,11.0,15.0,300.0,30.0
473,2013.0,5.0,16228.0,26.5221,3146.0,1158.0,1.0,67.0,79.0,10.0,4.0,3.0,41.0,9.0,12.0,9.0,8.0,242.0,24.2
474,2013.0,6.0,14491.0,22.7314,2106.0,1188.0,1.0,63.0,75.0,7.0,3.0,3.0,31.0,7.0,9.0,7.0,5.0,210.0,21.0
475,2013.0,7.0,12691.0,20.8809,1456.0,1194.0,1.0,59.0,71.0,5.0,3.0,2.0,24.0,5.0,7.0,4.0,3.0,183.0,18.3
476,2013.0,8.0,11354.0,20.037,1050.0,1225.0,1.0,64.0,69.0,5.0,2.0,3.0,22.0,5.0,6.0,4.0,3.0,183.0,18.3
477,2013.0,9.0,10504.0,18.7262,786.0,1181.0,1.0,58.0,67.0,4.0,2.0,2.0,22.0,4.0,5.0,4.0,3.0,171.0,17.1
478,2013.0,10.0,10165.0,17.9144,617.0,1204.0,1.0,58.0,66.0,4.0,2.0,2.0,18.0,4.0,5.0,4.0,2.0,165.0,16.5
479,2013.0,11.0,9559.0,16.916,462.0,1155.0,1.0,51.0,66.0,3.0,2.0,3.0,16.0,4.0,5.0,3.0,2.0,155.0,15.5
480,2013.0,12.0,8647.0,15.913,359.0,1017.0,1.0,53.0,65.0,3.0,2.0,2.0,19.0,3.0,4.0,3.0,2.0,156.0,15.6
481,2013.0,13.0,7722.0,14.4522,263.0,853.0,1.0,52.0,64.0,3.0,2.0,2.0,12.0,3.0,3.0,3.0,2.0,146.0,14.6
482,2013.0,14.0,6782.0,13.9339,258.0,687.0,1.0,45.0,59.0,3.0,2.0,2.0,10.0,3.0,3.0,2.0,2.0,131.0,13.1
483,2013.0,15.0,6198.0,10.8261,182.0,489.0,1.0,42.0,56.0,2.0,2.0,2.0,10.0,3.0,2.0,2.0,2.0,123.0,12.3
484,2013.0,16.0,5575.0,8.75336,156.0,332.0,1.0,39.0,52.0,2.0,1.0,2.0,8.0,2.0,2.0,3.0,1.0,112.0,11.2
485,2013.0,17.0,5095.0,7.6741899999999985,142.0,249.0,0.0,43.0,53.0,2.0,1.0,3.0,7.0,2.0,1.0,2.0,1.0,115.0,11.5
486,2013.0,18.0,4919.0,6.5867,102.0,222.0,0.0,41.0,53.0,2.0,1.0,2.0,7.0,2.0,1.0,1.0,1.0,111.0,11.1
487,2013.0,19.0,4473.0,5.41024,76.0,166.0,0.0,39.0,53.0,1.0,1.0,2.0,7.0,2.0,1.0,2.0,1.0,109.0,10.9
488,2013.0,20.0,4102.0,4.46124,57.0,126.0,0.0,39.0,53.0,1.0,1.0,2.0,4.0,2.0,1.0,2.0,1.0,106.0,10.6
489,2013.0,21.0,4097.0,4.36905,56.0,123.0,0.0,35.0,50.0,1.0,1.0,3.0,5.0,1.0,1.0,1.0,1.0,99.0,9.9
490,2013.0,22.0,3587.0,4.20965,56.0,95.0,0.0,37.0,52.0,1.0,1.0,3.0,4.0,1.0,1.0,2.0,1.0,103.0,10.3
491,2013.0,23.0,3576.0,3.85906,56.0,82.0,0.0,34.0,49.0,1.0,1.0,3.0,3.0,1.0,0.0,1.0,1.0,94.0,9.4
492,2013.0,24.0,3254.0,3.93362,65.0,63.0,0.0,31.0,46.0,1.0,1.0,3.0,2.0,1.0,1.0,1.0,1.0,88.0,8.8
493,2013.0,25.0,3227.0,3.99752,72.0,55.0,0.0,31.0,45.0,1.0,1.0,3.0,2.0,1.0,0.0,1.0,1.0,86.0,8.6
494,2013.0,26.0,2999.0,3.23441,63.0,28.0,0.0,30.0,42.0,1.0,1.0,3.0,2.0,1.0,0.0,1.0,1.0,82.0,8.2
495,2013.0,27.0,2579.0,3.25708,55.0,25.0,0.0,31.0,41.0,1.0,0.0,2.0,1.0,1.0,0.0,1.0,1.0,79.0,7.9
496,2013.0,28.0,2653.0,3.76932,86.0,14.0,0.0,31.0,42.0,1.0,1.0,2.0,2.0,1.0,0.0,1.0,1.0,82.0,8.2
497,2013.0,29.0,2504.0,2.95527,59.0,14.0,0.0,30.0,40.0,1.0,0.0,2.0,2.0,1.0,0.0,1.0,1.0,78.0,7.8
498,2013.0,30.0,2316.0,2.9361,57.0,10.0,0.0,31.0,41.0,1.0,1.0,2.0,2.0,1.0,0.0,0.0,1.0,80.0,8.0
499,2013.0,31.0,2549.0,3.49157,67.0,20.0,0.0,31.0,41.0,1.0,1.0,2.0,2.0,1.0,0.0,1.0,1.0,81.0,8.1
500,2013.0,32.0,2494.0,3.12751,66.0,12.0,0.0,33.0,41.0,1.0,1.0,2.0,3.0,1.0,0.0,1.0,1.0,84.0,8.4
501,2013.0,33.0,2304.0,2.77778,52.0,12.0,0.0,33.0,40.0,1.0,1.0,2.0,3.0,1.0,0.0,1.0,2.0,84.0,8.4
502,2013.0,34.0,2560.0,2.34375,56.0,3.0,0.0,35.0,44.0,1.0,1.0,2.0,3.0,2.0,1.0,1.0,3.0,93.0,9.3
503,2013.0,35.0,3006.0,4.0918199999999985,112.0,10.0,0.0,36.0,42.0,1.0,1.0,2.0,3.0,2.0,0.0,1.0,4.0,92.0,9.2
504,2013.0,36.0,3148.0,3.65311,102.0,13.0,0.0,42.0,49.0,1.0,1.0,3.0,5.0,3.0,1.0,1.0,8.0,114.0,11.4
505,2013.0,37.0,3602.0,3.38701,115.0,7.0,0.0,44.0,50.0,1.0,1.0,2.0,4.0,3.0,1.0,1.0,12.0,119.0,11.9
506,2013.0,38.0,3888.0,3.1893,102.0,22.0,0.0,51.0,52.0,2.0,2.0,2.0,7.0,4.0,1.0,2.0,16.0,139.0,13.9
507,2013.0,39.0,4596.0,4.09051,168.0,20.0,0.0,53.0,59.0,2.0,2.0,3.0,6.0,6.0,1.0,3.0,23.0,158.0,15.8
508,2013.0,40.0,4911.0,3.95032,165.0,28.0,1.0,49.0,57.0,2.0,3.0,3.0,5.0,6.0,1.0,3.0,27.0,156.0,15.6
509,2013.0,41.0,5808.0,3.94284,197.0,32.0,1.0,51.0,58.0,2.0,3.0,3.0,6.0,6.0,1.0,3.0,27.0,160.0,16.0
510,2013.0,42.0,5801.0,3.18911,159.0,26.0,1.0,51.0,57.0,2.0,3.0,2.0,8.0,6.0,1.0,3.0,26.0,159.0,15.9
511,2013.0,43.0,5886.0,3.53381,194.0,14.0,1.0,59.0,60.0,2.0,3.0,3.0,7.0,6.0,1.0,3.0,25.0,169.0,16.9
512,2013.0,44.0,6316.0,4.63901,250.0,43.0,1.0,55.0,62.0,3.0,3.0,2.0,10.0,5.0,1.0,3.0,20.0,164.0,16.4
513,2013.0,45.0,6945.0,5.75954,357.0,43.0,1.0,60.0,67.0,3.0,2.0,3.0,10.0,5.0,2.0,3.0,18.0,173.0,17.3
514,2013.0,46.0,7203.0,7.19145,481.0,37.0,1.0,65.0,70.0,3.0,2.0,3.0,8.0,5.0,2.0,3.0,14.0,175.0,17.5
515,2013.0,47.0,7839.0,9.14657,660.0,57.0,1.0,60.0,68.0,3.0,2.0,3.0,7.0,4.0,2.0,4.0,12.0,165.0,16.5
516,2013.0,48.0,7433.0,12.0813,856.0,42.0,1.0,73.0,68.0,3.0,2.0,2.0,9.0,4.0,2.0,3.0,9.0,175.0,17.5
517,2013.0,49.0,10169.0,16.9043,1650.0,69.0,1.0,68.0,68.0,3.0,2.0,3.0,10.0,4.0,3.0,3.0,8.0,172.0,17.2
518,2013.0,50.0,10837.0,20.7899,2201.0,52.0,1.0,79.0,67.0,3.0,2.0,2.0,11.0,5.0,4.0,5.0,7.0,185.0,18.5
519,2013.0,51.0,14015.0,28.2198,3888.0,67.0,1.0,67.0,74.0,5.0,3.0,2.0,21.0,6.0,8.0,6.0,8.0,200.0,20.0
520,2013.0,52.0,15748.0,31.0706,4800.0,93.0,1.0,74.0,91.0,7.0,4.0,2.0,28.0,8.0,11.0,8.0,8.0,241.0,24.1
521,2014.0,1.0,17779.0,29.1749,5099.0,88.0,1.0,100.0,96.0,9.0,5.0,3.0,41.0,11.0,12.0,9.0,15.0,301.0,30.1
522,2014.0,2.0,18253.0,27.705,4966.0,91.0,1.0,69.0,60.0,32.0,38.0,64.0,22.0,35.0,19.0,24.0,55.0,418.0,41.8
523,2014.0,3.0,17480.0,26.7735,4549.0,131.0,1.0,39.0,55.0,31.0,34.0,67.0,23.0,33.0,19.0,23.0,45.0,369.0,36.9
524,2014.0,4.0,16468.0,24.3017,3817.0,185.0,1.0,49.0,54.0,27.0,27.0,63.0,18.0,26.0,16.0,15.0,29.0,324.0,32.4
525,2014.0,5.0,14618.0,20.4542,2815.0,175.0,1.0,47.0,52.0,21.0,22.0,62.0,16.0,22.0,13.0,15.0,19.0,289.0,28.9
526,2014.0,6.0,12995.0,19.0612,2258.0,219.0,1.0,41.0,48.0,17.0,16.0,57.0,14.0,15.0,9.0,13.0,12.0,242.0,24.2
527,2014.0,7.0,11892.0,16.406,1724.0,227.0,1.0,38.0,45.0,13.0,13.0,52.0,11.0,12.0,7.0,8.0,9.0,208.0,20.8
528,2014.0,8.0,11127.0,13.6425,1270.0,248.0,1.0,34.0,46.0,12.0,12.0,54.0,9.0,11.0,6.0,7.0,8.0,199.0,19.9
529,2014.0,9.0,10252.0,11.8806,944.0,274.0,1.0,36.0,45.0,10.0,10.0,52.0,8.0,9.0,5.0,5.0,6.0,186.0,18.6
530,2014.0,10.0,9441.0,10.8357,722.0,301.0,1.0,34.0,43.0,9.0,9.0,53.0,8.0,8.0,4.0,5.0,5.0,178.0,17.8
531,2014.0,11.0,8922.0,11.0513,652.0,334.0,1.0,30.0,42.0,8.0,9.0,52.0,7.0,8.0,3.0,5.0,4.0,168.0,16.8
532,2014.0,12.0,8216.0,12.5365,566.0,464.0,1.0,29.0,44.0,8.0,8.0,50.0,6.0,7.0,3.0,4.0,4.0,163.0,16.3
533,2014.0,13.0,7905.0,13.3207,528.0,525.0,1.0,30.0,43.0,8.0,8.0,53.0,6.0,7.0,3.0,5.0,4.0,167.0,16.7
534,2014.0,14.0,7531.0,14.5133,498.0,595.0,1.0,27.0,42.0,7.0,8.0,51.0,7.0,7.0,3.0,7.0,4.0,163.0,16.3
535,2014.0,15.0,7179.0,14.9603,450.0,624.0,1.0,26.0,43.0,7.0,8.0,54.0,6.0,7.0,4.0,4.0,3.0,162.0,16.2
536,2014.0,16.0,6648.0,13.7184,396.0,516.0,1.0,25.0,42.0,6.0,7.0,54.0,6.0,6.0,3.0,3.0,3.0,155.0,15.5
537,2014.0,17.0,6317.0,13.0442,355.0,469.0,0.0,25.0,42.0,6.0,7.0,53.0,6.0,6.0,3.0,5.0,3.0,156.0,15.6
538,2014.0,18.0,5865.0,12.6513,295.0,447.0,0.0,24.0,40.0,5.0,6.0,52.0,6.0,6.0,2.0,3.0,3.0,147.0,14.7
539,2014.0,19.0,5436.0,10.9823,243.0,354.0,0.0,23.0,39.0,5.0,6.0,47.0,5.0,5.0,2.0,3.0,2.0,137.0,13.7
540,2014.0,20.0,5315.0,10.3669,229.0,322.0,0.0,24.0,39.0,5.0,5.0,51.0,5.0,5.0,2.0,3.0,3.0,142.0,14.2
541,2014.0,21.0,4833.0,8.42127,171.0,236.0,0.0,22.0,40.0,4.0,5.0,52.0,4.0,4.0,1.0,2.0,2.0,136.0,13.6
542,2014.0,22.0,4757.0,8.89216,198.0,225.0,0.0,22.0,38.0,4.0,4.0,47.0,3.0,4.0,1.0,3.0,2.0,128.0,12.8
543,2014.0,23.0,4310.0,7.21578,151.0,160.0,0.0,21.0,37.0,3.0,4.0,47.0,3.0,4.0,1.0,2.0,2.0,124.0,12.4
544,2014.0,24.0,4140.0,7.10145,154.0,140.0,0.0,19.0,34.0,3.0,4.0,43.0,2.0,4.0,1.0,2.0,2.0,114.0,11.4
545,2014.0,25.0,3877.0,5.88084,115.0,113.0,0.0,19.0,38.0,3.0,4.0,42.0,2.0,4.0,1.0,1.0,2.0,116.0,11.6
546,2014.0,26.0,3434.0,5.06698,74.0,100.0,0.0,18.0,34.0,3.0,4.0,50.0,1.0,3.0,1.0,2.0,2.0,118.0,11.8
547,2014.0,27.0,3144.0,5.02545,75.0,83.0,0.0,18.0,32.0,2.0,4.0,46.0,1.0,3.0,1.0,1.0,2.0,110.0,11.0
548,2014.0,28.0,3057.0,5.00491,87.0,66.0,0.0,19.0,31.0,3.0,4.0,44.0,1.0,3.0,1.0,1.0,2.0,109.0,10.9
549,2014.0,29.0,3188.0,3.79548,60.0,61.0,0.0,18.0,30.0,3.0,3.0,44.0,1.0,3.0,1.0,2.0,2.0,107.0,10.7
550,2014.0,30.0,3127.0,3.74161,67.0,50.0,0.0,19.0,29.0,3.0,4.0,48.0,2.0,3.0,0.0,1.0,2.0,111.0,11.1
551,2014.0,31.0,2939.0,3.64069,80.0,27.0,0.0,19.0,29.0,3.0,3.0,50.0,1.0,3.0,0.0,2.0,3.0,113.0,11.3
552,2014.0,32.0,2973.0,2.95997,64.0,23.0,0.0,20.0,30.0,3.0,4.0,47.0,1.0,4.0,1.0,1.0,4.0,115.0,11.5
553,2014.0,33.0,3270.0,3.4250800000000003,76.0,36.0,0.0,20.0,28.0,3.0,4.0,51.0,2.0,4.0,1.0,1.0,4.0,118.0,11.8
554,2014.0,34.0,3339.0,3.2944,67.0,42.0,0.0,21.0,30.0,3.0,5.0,49.0,2.0,4.0,1.0,2.0,7.0,124.0,12.4
555,2014.0,35.0,3973.0,3.42311,94.0,42.0,0.0,23.0,31.0,3.0,5.0,49.0,2.0,5.0,1.0,1.0,8.0,128.0,12.8
556,2014.0,36.0,4227.0,2.76792,83.0,34.0,0.0,25.0,34.0,4.0,6.0,52.0,2.0,6.0,1.0,4.0,13.0,147.0,14.7
557,2014.0,37.0,5324.0,2.46056,100.0,31.0,0.0,30.0,37.0,4.0,9.0,49.0,3.0,9.0,1.0,3.0,22.0,167.0,16.7
558,2014.0,38.0,5681.0,3.01003,118.0,53.0,0.0,32.0,39.0,5.0,12.0,46.0,4.0,12.0,1.0,5.0,32.0,188.0,18.8
559,2014.0,39.0,5905.0,3.4547,139.0,65.0,0.0,30.0,38.0,6.0,14.0,58.0,4.0,14.0,1.0,6.0,43.0,214.0,21.4
560,2014.0,40.0,9567.0,3.22985,199.0,110.0,1.0,30.0,40.0,7.0,17.0,55.0,4.0,18.0,1.0,6.0,54.0,232.0,23.2
561,2014.0,41.0,11036.0,3.97789,279.0,160.0,1.0,32.0,41.0,9.0,21.0,58.0,5.0,21.0,1.0,8.0,66.0,262.0,26.2
562,2014.0,42.0,11729.0,4.97911,419.0,164.0,1.0,29.0,42.0,11.0,25.0,54.0,6.0,24.0,2.0,10.0,70.0,273.0,27.3
563,2014.0,43.0,11385.0,4.77822,417.0,127.0,1.0,30.0,43.0,10.0,21.0,58.0,5.0,21.0,2.0,8.0,65.0,263.0,26.3
564,2014.0,44.0,11531.0,6.30474,591.0,136.0,1.0,31.0,43.0,9.0,17.0,56.0,6.0,17.0,2.0,10.0,48.0,239.0,23.9
565,2014.0,45.0,12918.0,8.94875,1001.0,155.0,1.0,36.0,44.0,9.0,16.0,51.0,7.0,15.0,2.0,8.0,41.0,229.0,22.9
566,2014.0,46.0,13777.0,10.2853,1270.0,147.0,1.0,43.0,47.0,8.0,13.0,52.0,7.0,13.0,3.0,6.0,32.0,224.0,22.4
567,2014.0,47.0,16166.0,14.8645,2240.0,163.0,1.0,47.0,48.0,10.0,13.0,52.0,8.0,13.0,4.0,8.0,26.0,229.0,22.9
568,2014.0,48.0,18504.0,19.585,3424.0,200.0,1.0,36.0,52.0,10.0,12.0,54.0,7.0,11.0,6.0,6.0,18.0,212.0,21.2
569,2014.0,49.0,23068.0,23.1056,5081.0,249.0,1.0,38.0,54.0,14.0,16.0,60.0,14.0,16.0,9.0,13.0,25.0,259.0,25.9
570,2014.0,50.0,29223.0,28.0293,7876.0,315.0,1.0,37.0,57.0,18.0,19.0,59.0,21.0,19.0,15.0,14.0,24.0,283.0,28.3
571,2014.0,51.0,37114.0,30.9048,11145.0,325.0,1.0,42.0,63.0,28.0,26.0,52.0,43.0,27.0,28.0,20.0,19.0,348.0,34.8
572,2014.0,52.0,42518.0,32.4521,13406.0,392.0,1.0,47.0,75.0,36.0,30.0,58.0,52.0,30.0,38.0,21.0,14.0,401.0,40.1
573,2014.0,53.0,41550.0,27.3742,10965.0,409.0,1.0,56.0,74.0,38.0,35.0,69.0,61.0,35.0,33.0,22.0,18.0,441.0,44.1
574,2015.0,1.0,38508.0,24.0106,8874.0,372.0,1.0,62.0,64.0,33.0,30.0,79.0,45.0,30.0,27.0,22.0,18.0,410.0,41.0
575,2015.0,2.0,35598.0,24.2935,8175.0,473.0,1.0,43.0,58.0,28.0,25.0,63.0,32.0,24.0,26.0,16.0,14.0,329.0,32.9
576,2015.0,3.0,34194.0,23.3462,7435.0,548.0,1.0,38.0,60.0,25.0,22.0,58.0,32.0,22.0,25.0,15.0,10.0,307.0,30.7
577,2015.0,4.0,32003.0,21.5011,6275.0,606.0,1.0,40.0,60.0,23.0,19.0,58.0,27.0,19.0,20.0,12.0,9.0,287.0,28.7
578,2015.0,5.0,29581.0,19.0054,4899.0,723.0,1.0,39.0,57.0,18.0,17.0,58.0,20.0,16.0,16.0,11.0,8.0,260.0,26.0
579,2015.0,6.0,26994.0,15.5479,3328.0,869.0,1.0,38.0,56.0,16.0,15.0,62.0,16.0,14.0,12.0,11.0,6.0,246.0,24.6
580,2015.0,7.0,24293.0,13.8723,2360.0,1010.0,1.0,50.0,55.0,16.0,15.0,54.0,16.0,13.0,9.0,11.0,6.0,245.0,24.5
581,2015.0,8.0,22294.0,12.7344,1712.0,1127.0,1.0,41.0,51.0,13.0,13.0,58.0,17.0,12.0,8.0,8.0,5.0,226.0,22.6
582,2015.0,9.0,20420.0,13.1685,1337.0,1352.0,1.0,37.0,50.0,12.0,12.0,55.0,14.0,11.0,7.0,8.0,4.0,210.0,21.0
583,2015.0,10.0,19845.0,12.7337,871.0,1656.0,1.0,32.0,52.0,11.0,12.0,57.0,17.0,10.0,7.0,9.0,4.0,211.0,21.1
584,2015.0,11.0,18419.0,11.9931,644.0,1565.0,1.0,30.0,51.0,9.0,10.0,55.0,13.0,9.0,6.0,7.0,4.0,194.0,19.4
585,2015.0,12.0,16980.0,11.2485,431.0,1479.0,1.0,31.0,50.0,8.0,9.0,53.0,12.0,8.0,4.0,6.0,3.0,184.0,18.4
586,2015.0,13.0,15125.0,11.0281,291.0,1377.0,1.0,29.0,49.0,7.0,8.0,46.0,12.0,8.0,4.0,5.0,3.0,171.0,17.1
587,2015.0,14.0,14743.0,9.99797,202.0,1272.0,1.0,29.0,48.0,8.0,9.0,49.0,14.0,9.0,4.0,5.0,3.0,178.0,17.8
588,2015.0,15.0,13389.0,8.41736,158.0,969.0,1.0,25.0,47.0,8.0,10.0,49.0,10.0,9.0,3.0,5.0,4.0,170.0,17.0
589,2015.0,16.0,11873.0,6.51057,90.0,683.0,1.0,27.0,44.0,8.0,9.0,50.0,8.0,8.0,2.0,4.0,3.0,163.0,16.3
590,2015.0,17.0,10770.0,5.6638800000000025,66.0,544.0,0.0,25.0,43.0,6.0,7.0,52.0,6.0,6.0,2.0,4.0,3.0,154.0,15.4
591,2015.0,18.0,9784.0,5.38635,33.0,494.0,0.0,24.0,43.0,5.0,7.0,53.0,7.0,6.0,1.0,3.0,2.0,151.0,15.1
592,2015.0,19.0,9188.0,4.17936,44.0,340.0,0.0,23.0,41.0,4.0,6.0,53.0,5.0,5.0,1.0,3.0,2.0,143.0,14.3
593,2015.0,20.0,8412.0,3.66144,41.0,267.0,0.0,24.0,41.0,5.0,7.0,56.0,4.0,6.0,1.0,3.0,2.0,149.0,14.9
594,2015.0,21.0,7748.0,2.91688,42.0,184.0,0.0,22.0,41.0,4.0,6.0,48.0,4.0,5.0,1.0,2.0,2.0,135.0,13.5
595,2015.0,22.0,6993.0,2.7742,42.0,152.0,0.0,22.0,38.0,4.0,5.0,57.0,3.0,4.0,1.0,3.0,2.0,139.0,13.9
596,2015.0,23.0,6725.0,2.64684,49.0,129.0,0.0,21.0,39.0,4.0,5.0,49.0,2.0,4.0,1.0,1.0,2.0,128.0,12.8
597,2015.0,24.0,6133.0,2.4784,74.0,78.0,0.0,20.0,36.0,3.0,4.0,52.0,2.0,4.0,1.0,1.0,2.0,125.0,12.5
598,2015.0,25.0,5558.0,2.1770400000000003,75.0,46.0,0.0,19.0,35.0,3.0,4.0,44.0,2.0,4.0,1.0,2.0,2.0,116.0,11.6
599,2015.0,26.0,5248.0,2.45808,96.0,33.0,0.0,20.0,33.0,3.0,4.0,41.0,1.0,3.0,1.0,1.0,2.0,109.0,10.9
600,2015.0,27.0,5260.0,1.88213,62.0,36.0,0.0,18.0,33.0,3.0,4.0,49.0,2.0,3.0,1.0,1.0,2.0,116.0,11.6
601,2015.0,28.0,5039.0,1.70669,49.0,37.0,0.0,18.0,32.0,3.0,4.0,42.0,1.0,3.0,1.0,1.0,2.0,107.0,10.7
602,2015.0,29.0,4811.0,1.51736,52.0,21.0,0.0,19.0,32.0,3.0,4.0,42.0,2.0,4.0,1.0,2.0,3.0,112.0,11.2
603,2015.0,30.0,4785.0,1.5256,64.0,9.0,0.0,20.0,31.0,3.0,4.0,46.0,2.0,3.0,1.0,2.0,3.0,115.0,11.5
604,2015.0,31.0,4790.0,1.94154,75.0,18.0,0.0,20.0,31.0,3.0,4.0,50.0,2.0,4.0,1.0,3.0,3.0,121.0,12.1
605,2015.0,32.0,4910.0,1.64969,67.0,14.0,0.0,20.0,32.0,3.0,4.0,43.0,1.0,4.0,1.0,2.0,4.0,114.0,11.4
606,2015.0,33.0,5170.0,1.89555,82.0,16.0,0.0,21.0,33.0,3.0,4.0,49.0,2.0,4.0,1.0,2.0,6.0,125.0,12.5
607,2015.0,34.0,5381.0,1.85839,80.0,20.0,0.0,22.0,34.0,3.0,5.0,46.0,3.0,5.0,0.0,2.0,9.0,129.0,12.9
608,2015.0,35.0,6115.0,2.2731,110.0,29.0,0.0,25.0,35.0,3.0,6.0,50.0,2.0,6.0,1.0,3.0,13.0,144.0,14.4
609,2015.0,36.0,6786.0,2.18096,110.0,38.0,0.0,26.0,38.0,4.0,8.0,50.0,3.0,7.0,1.0,2.0,15.0,154.0,15.4
610,2015.0,37.0,7694.0,2.57343,151.0,47.0,0.0,30.0,42.0,5.0,10.0,55.0,4.0,10.0,1.0,3.0,28.0,188.0,18.8
611,2015.0,38.0,8855.0,1.88594,121.0,46.0,0.0,31.0,42.0,7.0,13.0,57.0,3.0,12.0,1.0,6.0,37.0,209.0,20.9
612,2015.0,39.0,9876.0,2.04536,143.0,59.0,0.0,32.0,43.0,7.0,15.0,53.0,5.0,15.0,1.0,5.0,49.0,225.0,22.5
613,2015.0,40.0,12029.0,1.05578,84.0,43.0,1.0,32.0,46.0,8.0,20.0,55.0,5.0,19.0,2.0,5.0,67.0,259.0,25.9
614,2015.0,41.0,13111.0,1.29662,116.0,54.0,1.0,33.0,48.0,8.0,18.0,57.0,4.0,18.0,2.0,7.0,59.0,254.0,25.4
615,2015.0,42.0,13441.0,1.10855,97.0,52.0,1.0,34.0,50.0,8.0,19.0,63.0,3.0,18.0,1.0,5.0,59.0,260.0,26.0
616,2015.0,43.0,13537.0,1.10807,98.0,52.0,1.0,31.0,49.0,8.0,17.0,54.0,4.0,16.0,2.0,6.0,49.0,236.0,23.6
617,2015.0,44.0,14687.0,1.12344,97.0,68.0,1.0,33.0,51.0,8.0,15.0,54.0,6.0,14.0,2.0,6.0,40.0,229.0,22.9
618,2015.0,45.0,15048.0,1.38224,122.0,86.0,1.0,35.0,54.0,8.0,13.0,59.0,5.0,13.0,2.0,5.0,32.0,226.0,22.6
619,2015.0,46.0,15250.0,1.19344,84.0,98.0,1.0,37.0,56.0,9.0,12.0,57.0,7.0,12.0,2.0,7.0,26.0,225.0,22.5
620,2015.0,47.0,15234.0,1.38506,119.0,92.0,1.0,39.0,57.0,8.0,10.0,55.0,5.0,9.0,2.0,4.0,17.0,206.0,20.6
621,2015.0,48.0,16201.0,1.39498,145.0,81.0,1.0,39.0,55.0,9.0,11.0,55.0,7.0,11.0,3.0,7.0,17.0,214.0,21.4
622,2015.0,49.0,16673.0,1.47544,140.0,106.0,1.0,35.0,56.0,8.0,10.0,58.0,4.0,10.0,3.0,6.0,14.0,204.0,20.4
623,2015.0,50.0,17358.0,2.51181,244.0,192.0,1.0,38.0,59.0,8.0,10.0,53.0,6.0,10.0,3.0,5.0,13.0,205.0,20.5
624,2015.0,51.0,16878.0,2.287,220.0,166.0,1.0,41.0,65.0,10.0,11.0,56.0,5.0,10.0,4.0,9.0,9.0,220.0,22.0
625,2015.0,52.0,18865.0,2.45958,264.0,200.0,1.0,50.0,70.0,10.0,11.0,63.0,5.0,10.0,4.0,8.0,9.0,240.0,24.0
626,2016.0,1.0,19786.0,2.9313700000000003,396.0,184.0,1.0,51.0,64.0,10.0,11.0,66.0,8.0,10.0,4.0,5.0,10.0,239.0,23.9
627,2016.0,2.0,18689.0,4.25384,571.0,224.0,1.0,45.0,60.0,8.0,10.0,59.0,6.0,9.0,3.0,7.0,8.0,215.0,21.5
628,2016.0,3.0,18798.0,5.48463,716.0,315.0,1.0,51.0,61.0,9.0,11.0,64.0,6.0,10.0,4.0,6.0,7.0,229.0,22.9
629,2016.0,4.0,20791.0,6.959739999999999,1035.0,412.0,1.0,42.0,61.0,9.0,11.0,58.0,7.0,10.0,4.0,7.0,7.0,216.0,21.6
630,2016.0,5.0,22261.0,9.69858,1572.0,587.0,1.0,39.0,60.0,10.0,11.0,62.0,8.0,10.0,6.0,5.0,7.0,218.0,21.8
631,2016.0,6.0,24934.0,12.5491,2265.0,864.0,1.0,45.0,62.0,11.0,11.0,64.0,9.0,11.0,7.0,8.0,6.0,234.0,23.4
632,2016.0,7.0,27208.0,15.5359,3135.0,1092.0,1.0,42.0,66.0,13.0,15.0,67.0,13.0,14.0,10.0,8.0,7.0,255.0,25.5
633,2016.0,8.0,30966.0,18.3621,4410.0,1276.0,1.0,36.0,65.0,15.0,15.0,61.0,15.0,15.0,13.0,10.0,7.0,252.0,25.2
634,2016.0,9.0,33880.0,21.1098,5523.0,1629.0,1.0,34.0,61.0,16.0,16.0,63.0,17.0,16.0,14.0,11.0,6.0,254.0,25.4
635,2016.0,10.0,36781.0,23.6454,6679.0,2018.0,1.0,33.0,62.0,17.0,17.0,59.0,23.0,17.0,16.0,12.0,6.0,262.0,26.2
636,2016.0,11.0,34233.0,19.972,5047.0,1790.0,1.0,31.0,59.0,14.0,14.0,58.0,17.0,15.0,13.0,9.0,5.0,235.0,23.5
637,2016.0,12.0,30161.0,18.4709,3919.0,1652.0,1.0,32.0,55.0,12.0,13.0,60.0,13.0,13.0,11.0,6.0,5.0,220.0,22.0
638,2016.0,13.0,27603.0,16.2265,2965.0,1514.0,1.0,30.0,53.0,11.0,12.0,61.0,16.0,12.0,9.0,7.0,4.0,215.0,21.5
639,2016.0,14.0,23979.0,14.0164,1971.0,1390.0,1.0,31.0,51.0,9.0,10.0,57.0,12.0,10.0,7.0,5.0,4.0,196.0,19.6
640,2016.0,15.0,21683.0,13.2362,1506.0,1364.0,1.0,29.0,49.0,8.0,9.0,56.0,12.0,9.0,6.0,6.0,4.0,188.0,18.8
641,2016.0,16.0,19860.0,12.3464,1123.0,1329.0,1.0,27.0,48.0,8.0,10.0,55.0,9.0,10.0,5.0,4.0,4.0,180.0,18.0
642,2016.0,17.0,17970.0,10.2615,701.0,1143.0,0.0,26.0,46.0,7.0,8.0,56.0,8.0,8.0,4.0,5.0,3.0,171.0,17.1
643,2016.0,18.0,15380.0,8.12094,427.0,822.0,0.0,26.0,43.0,6.0,7.0,55.0,6.0,7.0,3.0,5.0,3.0,161.0,16.1
644,2016.0,19.0,14090.0,6.68559,280.0,662.0,0.0,26.0,44.0,5.0,7.0,45.0,4.0,7.0,2.0,2.0,3.0,145.0,14.5
645,2016.0,20.0,12545.0,5.8110800000000005,224.0,505.0,0.0,26.0,44.0,5.0,7.0,53.0,4.0,7.0,2.0,2.0,2.0,152.0,15.2
646,2016.0,21.0,11591.0,4.7191800000000015,139.0,408.0,0.0,25.0,43.0,4.0,10.0,55.0,3.0,9.0,1.0,3.0,2.0,155.0,15.5
647,2016.0,22.0,10067.0,3.0595,82.0,226.0,0.0,24.0,43.0,4.0,7.0,51.0,2.0,7.0,1.0,3.0,2.0,144.0,14.4
648,2016.0,23.0,9172.0,3.02006,70.0,207.0,0.0,22.0,40.0,4.0,5.0,49.0,2.0,5.0,1.0,2.0,2.0,132.0,13.2
649,2016.0,24.0,8364.0,1.82927,59.0,94.0,0.0,21.0,36.0,3.0,5.0,50.0,2.0,4.0,1.0,2.0,2.0,126.0,12.6
650,2016.0,25.0,7417.0,1.71228,44.0,83.0,0.0,21.0,36.0,3.0,4.0,46.0,2.0,4.0,1.0,2.0,2.0,121.0,12.1
651,2016.0,26.0,6298.0,1.22261,26.0,51.0,0.0,21.0,36.0,3.0,4.0,48.0,2.0,4.0,1.0,2.0,2.0,123.0,12.3
652,2016.0,27.0,5978.0,0.903312,24.0,30.0,0.0,20.0,34.0,3.0,4.0,47.0,1.0,4.0,1.0,2.0,2.0,118.0,11.8
653,2016.0,28.0,6328.0,0.8691530000000001,24.0,31.0,0.0,20.0,33.0,3.0,4.0,50.0,2.0,4.0,1.0,2.0,2.0,121.0,12.1
654,2016.0,29.0,5888.0,0.8491850000000001,24.0,26.0,0.0,21.0,32.0,3.0,4.0,49.0,2.0,3.0,1.0,1.0,3.0,119.0,11.9
655,2016.0,30.0,5756.0,0.7817930000000001,20.0,25.0,0.0,21.0,34.0,3.0,4.0,51.0,1.0,3.0,1.0,1.0,3.0,122.0,12.2
656,2016.0,31.0,5675.0,0.933921,33.0,20.0,0.0,21.0,32.0,3.0,4.0,52.0,1.0,4.0,1.0,1.0,3.0,122.0,12.2
657,2016.0,32.0,5773.0,0.900745,22.0,30.0,0.0,21.0,32.0,3.0,4.0,51.0,1.0,4.0,0.0,1.0,4.0,121.0,12.1
658,2016.0,33.0,5974.0,0.8034819999999999,27.0,21.0,0.0,22.0,32.0,3.0,4.0,47.0,1.0,4.0,1.0,1.0,6.0,121.0,12.1
659,2016.0,34.0,6264.0,1.40485,63.0,25.0,0.0,24.0,36.0,3.0,5.0,52.0,1.0,5.0,1.0,2.0,8.0,137.0,13.7
660,2016.0,35.0,7093.0,1.6777099999999998,78.0,41.0,0.0,27.0,38.0,4.0,6.0,61.0,2.0,7.0,1.0,3.0,11.0,160.0,16.0
661,2016.0,36.0,7732.0,1.46146,57.0,56.0,0.0,31.0,55.0,4.0,8.0,66.0,2.0,8.0,1.0,4.0,18.0,197.0,19.7
662,2016.0,37.0,8727.0,1.51255,74.0,58.0,0.0,31.0,47.0,5.0,11.0,62.0,3.0,11.0,1.0,5.0,27.0,203.0,20.3
663,2016.0,38.0,9418.0,1.74135,97.0,67.0,0.0,32.0,45.0,6.0,12.0,63.0,4.0,12.0,2.0,5.0,34.0,215.0,21.5
664,2016.0,39.0,10596.0,1.7836900000000002,106.0,83.0,0.0,35.0,48.0,7.0,15.0,57.0,3.0,15.0,1.0,5.0,46.0,232.0,23.2
665,2016.0,40.0,13380.0,1.56951,120.0,90.0,1.0,34.0,46.0,7.0,18.0,53.0,4.0,17.0,2.0,5.0,56.0,242.0,24.2
666,2016.0,41.0,14053.0,1.35914,108.0,83.0,1.0,35.0,47.0,8.0,17.0,60.0,4.0,17.0,1.0,6.0,53.0,248.0,24.8
667,2016.0,42.0,15110.0,1.40304,115.0,97.0,1.0,33.0,48.0,7.0,16.0,58.0,4.0,15.0,2.0,5.0,50.0,238.0,23.8
668,2016.0,43.0,15312.0,1.50862,143.0,88.0,1.0,35.0,49.0,8.0,16.0,57.0,4.0,15.0,2.0,8.0,45.0,239.0,23.9
669,2016.0,44.0,16652.0,1.91569,201.0,118.0,1.0,32.0,49.0,8.0,14.0,54.0,4.0,13.0,2.0,5.0,34.0,215.0,21.5
670,2016.0,45.0,17811.0,2.20089,271.0,121.0,1.0,32.0,51.0,7.0,12.0,53.0,4.0,11.0,2.0,5.0,27.0,204.0,20.4
671,2016.0,46.0,19060.0,2.57608,347.0,144.0,1.0,40.0,58.0,8.0,12.0,60.0,5.0,12.0,2.0,7.0,25.0,229.0,22.9
672,2016.0,47.0,18520.0,3.3477300000000003,451.0,169.0,1.0,42.0,57.0,7.0,10.0,55.0,4.0,9.0,2.0,5.0,17.0,208.0,20.8
673,2016.0,48.0,21542.0,3.3191,532.0,183.0,1.0,45.0,60.0,9.0,12.0,64.0,5.0,11.0,2.0,8.0,18.0,234.0,23.4
674,2016.0,49.0,20564.0,4.2598699999999985,696.0,180.0,1.0,49.0,58.0,8.0,11.0,57.0,5.0,11.0,3.0,7.0,15.0,224.0,22.4
675,2016.0,50.0,23476.0,6.68342,1359.0,210.0,1.0,55.0,61.0,9.0,12.0,62.0,6.0,11.0,4.0,8.0,13.0,241.0,24.1
676,2016.0,51.0,26934.0,10.7819,2563.0,341.0,1.0,58.0,71.0,11.0,14.0,65.0,8.0,12.0,7.0,13.0,12.0,271.0,27.1
677,2016.0,52.0,33273.0,13.9993,4270.0,388.0,1.0,56.0,77.0,14.0,17.0,68.0,11.0,14.0,8.0,14.0,11.0,290.0,29.0
678,2017.0,1.0,35028.0,13.3436,4288.0,386.0,1.0,63.0,76.0,15.0,19.0,72.0,12.0,17.0,9.0,13.0,14.0,310.0,31.0
679,2017.0,2.0,35198.0,15.373,4935.0,476.0,1.0,55.0,70.0,14.0,18.0,71.0,16.0,17.0,10.0,13.0,13.0,297.0,29.7
680,2017.0,3.0,36732.0,18.2865,6062.0,655.0,1.0,46.0,67.0,15.0,18.0,74.0,18.0,17.0,12.0,12.0,12.0,291.0,29.1
681,2017.0,4.0,38052.0,18.5299,6254.0,797.0,1.0,46.0,66.0,15.0,19.0,65.0,23.0,18.0,13.0,13.0,12.0,290.0,29.0
682,2017.0,5.0,41435.0,21.4215,7779.0,1097.0,1.0,50.0,68.0,19.0,21.0,74.0,28.0,21.0,17.0,15.0,12.0,325.0,32.5
683,2017.0,6.0,47995.0,24.1525,9702.0,1890.0,1.0,47.0,71.0,24.0,25.0,70.0,38.0,26.0,22.0,20.0,12.0,355.0,35.5
684,2017.0,7.0,49356.0,24.5117,9546.0,2552.0,1.0,45.0,68.0,24.0,25.0,63.0,37.0,25.0,22.0,16.0,11.0,336.0,33.6
685,2017.0,8.0,47381.0,24.7251,8763.0,2952.0,1.0,41.0,68.0,22.0,22.0,60.0,32.0,22.0,22.0,17.0,9.0,315.0,31.5
686,2017.0,9.0,40431.0,19.772,5605.0,2389.0,1.0,39.0,61.0,15.0,16.0,61.0,21.0,17.0,15.0,9.0,7.0,261.0,26.1
687,2017.0,10.0,38487.0,19.2714,4632.0,2785.0,1.0,39.0,59.0,13.0,16.0,61.0,20.0,15.0,14.0,11.0,6.0,254.0,25.4
688,2017.0,11.0,36598.0,19.0338,3795.0,3171.0,1.0,41.0,60.0,13.0,14.0,58.0,19.0,14.0,12.0,8.0,5.0,244.0,24.4
689,2017.0,12.0,35188.0,19.7113,3221.0,3715.0,1.0,36.0,59.0,13.0,14.0,60.0,21.0,14.0,13.0,9.0,5.0,244.0,24.4
690,2017.0,13.0,32481.0,18.4816,2345.0,3658.0,1.0,33.0,58.0,11.0,13.0,71.0,17.0,13.0,11.0,8.0,4.0,239.0,23.9
691,2017.0,14.0,28713.0,15.4251,1443.0,2986.0,1.0,33.0,55.0,9.0,11.0,54.0,16.0,11.0,8.0,8.0,5.0,210.0,21.0
692,2017.0,15.0,25001.0,12.7395,902.0,2283.0,1.0,31.0,54.0,7.0,10.0,53.0,12.0,9.0,6.0,7.0,4.0,193.0,19.3
693,2017.0,16.0,22091.0,9.69626,567.0,1575.0,1.0,28.0,51.0,6.0,8.0,53.0,9.0,8.0,4.0,5.0,3.0,175.0,17.5
694,2017.0,17.0,18795.0,6.767760000000001,326.0,946.0,0.0,29.0,49.0,6.0,7.0,49.0,7.0,7.0,3.0,4.0,3.0,164.0,16.4
695,2017.0,18.0,16223.0,5.91752,252.0,708.0,0.0,28.0,48.0,5.0,7.0,52.0,6.0,6.0,2.0,4.0,3.0,161.0,16.1
696,2017.0,19.0,15302.0,5.3326400000000005,232.0,584.0,0.0,29.0,49.0,5.0,6.0,55.0,5.0,6.0,2.0,4.0,3.0,164.0,16.4
697,2017.0,20.0,14292.0,4.86286,216.0,479.0,0.0,29.0,49.0,4.0,6.0,55.0,3.0,5.0,2.0,4.0,2.0,159.0,15.9
698,2017.0,21.0,12821.0,4.3522300000000005,180.0,378.0,0.0,27.0,47.0,4.0,6.0,57.0,3.0,5.0,2.0,4.0,2.0,157.0,15.7
699,2017.0,22.0,11644.0,4.16524,171.0,314.0,0.0,26.0,46.0,4.0,6.0,52.0,3.0,5.0,1.0,2.0,2.0,147.0,14.7
700,2017.0,23.0,10662.0,3.38586,136.0,225.0,0.0,26.0,44.0,4.0,5.0,55.0,3.0,5.0,1.0,2.0,3.0,148.0,14.8
701,2017.0,24.0,9568.0,3.06229,131.0,162.0,0.0,25.0,42.0,4.0,5.0,51.0,2.0,5.0,1.0,2.0,3.0,140.0,14.0
702,2017.0,25.0,8455.0,2.64932,107.0,117.0,0.0,23.0,40.0,3.0,5.0,51.0,2.0,4.0,1.0,2.0,3.0,134.0,13.4
703,2017.0,26.0,7498.0,2.53401,94.0,96.0,0.0,22.0,39.0,3.0,4.0,52.0,2.0,4.0,1.0,2.0,3.0,132.0,13.2
704,2017.0,27.0,7071.0,2.17791,75.0,79.0,0.0,23.0,38.0,3.0,4.0,50.0,2.0,4.0,1.0,2.0,3.0,130.0,13.0
705,2017.0,28.0,7394.0,2.16392,92.0,68.0,0.0,23.0,36.0,3.0,4.0,52.0,3.0,4.0,1.0,3.0,3.0,132.0,13.2
706,2017.0,29.0,7178.0,1.83895,87.0,45.0,0.0,23.0,37.0,3.0,4.0,53.0,3.0,4.0,1.0,1.0,3.0,132.0,13.2
707,2017.0,30.0,6755.0,1.80607,72.0,50.0,0.0,22.0,36.0,3.0,4.0,59.0,2.0,4.0,1.0,2.0,3.0,136.0,13.6
708,2017.0,31.0,6725.0,1.94796,96.0,35.0,0.0,22.0,36.0,3.0,5.0,55.0,2.0,4.0,1.0,2.0,4.0,134.0,13.4
709,2017.0,32.0,6893.0,1.90048,76.0,55.0,0.0,23.0,37.0,3.0,5.0,55.0,2.0,4.0,1.0,2.0,5.0,137.0,13.7
710,2017.0,33.0,7596.0,1.34281,62.0,40.0,0.0,24.0,37.0,3.0,5.0,52.0,2.0,5.0,1.0,2.0,7.0,138.0,13.8
711,2017.0,34.0,8160.0,1.43382,80.0,37.0,0.0,25.0,37.0,3.0,6.0,57.0,1.0,6.0,1.0,3.0,10.0,149.0,14.9
712,2017.0,35.0,9404.0,1.93535,120.0,62.0,0.0,28.0,40.0,4.0,7.0,62.0,3.0,7.0,1.0,3.0,14.0,169.0,16.9
713,2017.0,36.0,10381.0,1.88806,128.0,68.0,0.0,32.0,44.0,5.0,8.0,62.0,3.0,8.0,1.0,4.0,18.0,185.0,18.5
714,2017.0,37.0,11602.0,1.89622,148.0,72.0,0.0,33.0,45.0,5.0,11.0,64.0,4.0,11.0,2.0,5.0,28.0,208.0,20.8
715,2017.0,38.0,12699.0,1.66942,137.0,75.0,0.0,34.0,47.0,6.0,13.0,64.0,5.0,13.0,2.0,7.0,37.0,228.0,22.8
716,2017.0,39.0,13622.0,1.70313,155.0,77.0,0.0,34.0,49.0,7.0,17.0,63.0,4.0,16.0,2.0,7.0,49.0,248.0,24.8
717,2017.0,40.0,15532.0,2.20191,230.0,112.0,1.0,33.0,47.0,7.0,19.0,61.0,5.0,18.0,2.0,6.0,59.0,257.0,25.7
718,2017.0,41.0,16557.0,2.08975,248.0,98.0,1.0,33.0,50.0,8.0,18.0,60.0,4.0,17.0,2.0,7.0,56.0,255.0,25.5
719,2017.0,42.0,17827.0,2.17647,278.0,110.0,1.0,36.0,52.0,8.0,18.0,64.0,6.0,18.0,2.0,7.0,54.0,265.0,26.5
720,2017.0,43.0,18391.0,2.58279,340.0,135.0,1.0,39.0,54.0,9.0,18.0,65.0,5.0,17.0,3.0,7.0,50.0,267.0,26.7
721,2017.0,44.0,20015.0,3.60729,503.0,219.0,1.0,41.0,57.0,10.0,16.0,60.0,6.0,15.0,3.0,7.0,42.0,257.0,25.7
722,2017.0,45.0,21886.0,4.24472,689.0,240.0,1.0,45.0,61.0,10.0,16.0,69.0,6.0,16.0,4.0,9.0,37.0,273.0,27.3
723,2017.0,46.0,23794.0,5.29966,939.0,322.0,1.0,46.0,65.0,11.0,16.0,66.0,7.0,15.0,4.0,9.0,32.0,271.0,27.1
724,2017.0,47.0,23830.0,7.0877,1336.0,353.0,1.0,46.0,68.0,10.0,14.0,66.0,6.0,13.0,4.0,9.0,22.0,258.0,25.8
725,2017.0,48.0,27213.0,7.30533,1552.0,436.0,1.0,46.0,70.0,12.0,16.0,70.0,9.0,15.0,5.0,9.0,26.0,278.0,27.8
726,2017.0,49.0,30767.0,10.7453,2479.0,827.0,1.0,52.0,68.0,14.0,19.0,75.0,12.0,18.0,7.0,14.0,29.0,308.0,30.8
727,2017.0,50.0,35194.0,15.3549,4560.0,844.0,1.0,58.0,72.0,17.0,21.0,70.0,16.0,20.0,11.0,17.0,21.0,323.0,32.3
728,2017.0,51.0,48009.0,22.777,9237.0,1698.0,1.0,58.0,86.0,27.0,29.0,77.0,32.0,28.0,26.0,28.0,20.0,411.0,41.1
729,2017.0,52.0,55518.0,25.3864,12002.0,2092.0,1.0,84.0,100.0,36.0,38.0,90.0,40.0,35.0,32.0,33.0,19.0,507.0,50.7
730,2018.0,1.0,61316.0,25.3653,13018.0,2535.0,1.0,100.0,98.0,41.0,43.0,89.0,55.0,41.0,37.0,35.0,22.0,561.0,56.1
731,2018.0,2.0,68276.0,26.9421,15149.0,3246.0,1.0,64.0,88.0,61.0,65.0,100.0,59.0,63.0,53.0,64.0,40.0,657.0,65.7
732,2018.0,3.0,69124.0,27.034,14782.0,3905.0,1.0,63.0,83.0,83.0,81.0,85.0,76.0,80.0,63.0,82.0,50.0,746.0,74.6
733,2018.0,4.0,80322.0,27.3698,16634.0,5350.0,1.0,53.0,83.0,96.0,94.0,87.0,90.0,91.0,80.0,99.0,57.0,830.0,83.0
734,2018.0,5.0,81687.0,27.0643,15193.0,6915.0,1.0,54.0,81.0,100.0,100.0,89.0,100.0,100.0,100.0,100.0,59.0,883.0,88.3
735,2018.0,6.0,81391.0,26.9981,14116.0,7858.0,1.0,53.0,82.0,90.0,85.0,84.0,84.0,85.0,81.0,87.0,37.0,768.0,76.8
736,2018.0,7.0,74973.0,26.1174,11371.0,8210.0,1.0,48.0,79.0,76.0,73.0,78.0,69.0,72.0,74.0,63.0,31.0,663.0,66.3
737,2018.0,8.0,60034.0,22.6155,7177.0,6400.0,1.0,44.0,70.0,45.0,44.0,77.0,54.0,44.0,44.0,32.0,15.0,469.0,46.9
738,2018.0,9.0,48489.0,18.4867,4405.0,4559.0,1.0,39.0,64.0,28.0,29.0,70.0,39.0,29.0,26.0,17.0,10.0,351.0,35.1
739,2018.0,10.0,40978.0,15.6938,2897.0,3534.0,1.0,40.0,62.0,21.0,21.0,71.0,27.0,21.0,18.0,13.0,7.0,301.0,30.1
740,2018.0,11.0,36794.0,15.5813,2349.0,3384.0,1.0,38.0,61.0,16.0,17.0,70.0,24.0,17.0,15.0,12.0,6.0,276.0,27.6
741,2018.0,12.0,33442.0,15.328,2023.0,3103.0,1.0,38.0,61.0,13.0,15.0,69.0,21.0,15.0,12.0,9.0,5.0,258.0,25.8
742,2018.0,13.0,30668.0,15.1135,1708.0,2927.0,1.0,37.0,60.0,14.0,15.0,65.0,28.0,16.0,13.0,9.0,5.0,262.0,26.2
743,2018.0,14.0,27339.0,12.6888,1132.0,2337.0,1.0,35.0,57.0,11.0,13.0,70.0,20.0,13.0,9.0,7.0,5.0,240.0,24.0
744,2018.0,15.0,25052.0,11.2486,901.0,1917.0,1.0,33.0,53.0,9.0,11.0,70.0,14.0,10.0,7.0,9.0,4.0,220.0,22.0
745,2018.0,16.0,21483.0,9.39813,595.0,1424.0,1.0,33.0,53.0,8.0,9.0,67.0,11.0,9.0,5.0,5.0,4.0,204.0,20.4
746,2018.0,17.0,19328.0,7.998760000000001,472.0,1074.0,0.0,30.0,53.0,6.0,9.0,65.0,9.0,8.0,4.0,6.0,4.0,194.0,19.4
747,2018.0,18.0,17095.0,6.25914,346.0,724.0,0.0,29.0,51.0,6.0,8.0,59.0,8.0,7.0,4.0,5.0,3.0,180.0,18.0
748,2018.0,19.0,14978.0,4.39311,191.0,467.0,0.0,27.0,50.0,5.0,7.0,60.0,7.0,6.0,3.0,5.0,3.0,173.0,17.3
749,2018.0,20.0,13013.0,3.16606,176.0,236.0,0.0,27.0,51.0,5.0,6.0,64.0,5.0,6.0,2.0,3.0,2.0,171.0,17.1
750,2018.0,21.0,11799.0,2.39003,119.0,163.0,0.0,28.0,50.0,4.0,6.0,61.0,4.0,5.0,2.0,5.0,3.0,168.0,16.8
751,2018.0,22.0,10789.0,1.52934,76.0,89.0,0.0,27.0,51.0,5.0,6.0,67.0,3.0,5.0,2.0,3.0,3.0,172.0,17.2
752,2018.0,23.0,9703.0,1.57683,73.0,80.0,0.0,26.0,47.0,4.0,6.0,60.0,2.0,5.0,2.0,2.0,3.0,157.0,15.7
753,2018.0,24.0,8929.0,1.29914,51.0,65.0,0.0,26.0,45.0,4.0,5.0,59.0,2.0,5.0,1.0,2.0,3.0,152.0,15.2
754,2018.0,25.0,8502.0,1.02329,49.0,38.0,0.0,25.0,42.0,3.0,5.0,61.0,3.0,4.0,1.0,3.0,3.0,150.0,15.0
755,2018.0,26.0,7723.0,1.11356,57.0,29.0,0.0,25.0,41.0,3.0,5.0,57.0,1.0,4.0,1.0,2.0,3.0,142.0,14.2
756,2018.0,27.0,6879.0,1.00305,44.0,25.0,0.0,25.0,40.0,3.0,4.0,52.0,2.0,4.0,2.0,2.0,2.0,136.0,13.6
757,2018.0,28.0,6986.0,0.916118,51.0,13.0,0.0,24.0,39.0,3.0,5.0,59.0,2.0,4.0,2.0,2.0,3.0,143.0,14.3
758,2018.0,29.0,6835.0,1.0534,57.0,15.0,0.0,23.0,38.0,3.0,4.0,58.0,1.0,4.0,1.0,2.0,3.0,137.0,13.7
759,2018.0,30.0,6733.0,0.995099,48.0,19.0,0.0,24.0,37.0,3.0,4.0,59.0,2.0,4.0,1.0,2.0,3.0,139.0,13.9
760,2018.0,31.0,6292.0,0.953592,43.0,17.0,0.0,23.0,36.0,3.0,5.0,61.0,2.0,4.0,1.0,2.0,4.0,141.0,14.1
761,2018.0,32.0,6790.0,0.95729,43.0,22.0,0.0,25.0,37.0,4.0,5.0,60.0,2.0,5.0,1.0,2.0,5.0,146.0,14.6
762,2018.0,33.0,7065.0,0.7643310000000001,36.0,18.0,0.0,26.0,38.0,3.0,5.0,57.0,2.0,5.0,1.0,4.0,6.0,147.0,14.7
763,2018.0,34.0,7783.0,1.33625,77.0,27.0,0.0,28.0,39.0,4.0,6.0,60.0,2.0,6.0,1.0,2.0,10.0,158.0,15.8
764,2018.0,35.0,8712.0,1.50367,98.0,33.0,0.0,31.0,43.0,4.0,8.0,64.0,3.0,7.0,1.0,4.0,13.0,178.0,17.8
765,2018.0,36.0,9786.0,1.7473900000000002,119.0,52.0,0.0,34.0,46.0,6.0,11.0,67.0,3.0,11.0,2.0,6.0,23.0,209.0,20.9
766,2018.0,37.0,12030.0,1.68745,155.0,48.0,0.0,35.0,47.0,6.0,13.0,73.0,4.0,13.0,2.0,9.0,34.0,236.0,23.6
767,2018.0,38.0,13182.0,1.6992900000000002,158.0,66.0,0.0,37.0,50.0,7.0,15.0,65.0,4.0,15.0,2.0,8.0,43.0,246.0,24.6
768,2018.0,39.0,14763.0,1.49699,169.0,52.0,0.0,39.0,57.0,9.0,19.0,68.0,4.0,19.0,2.0,11.0,58.0,286.0,28.6
769,2018.0,40.0,16528.0,1.74855,218.0,71.0,1.0,37.0,52.0,9.0,25.0,68.0,5.0,24.0,3.0,13.0,80.0,316.0,31.6
770,2018.0,41.0,18035.0,1.6967,223.0,83.0,1.0,38.0,53.0,10.0,25.0,67.0,5.0,24.0,3.0,10.0,83.0,318.0,31.8
771,2018.0,42.0,20190.0,1.98118,311.0,89.0,1.0,46.0,55.0,12.0,31.0,68.0,6.0,29.0,3.0,13.0,100.0,363.0,36.3
772,2018.0,43.0,21369.0,2.06374,340.0,101.0,1.0,43.0,56.0,12.0,26.0,75.0,7.0,25.0,4.0,11.0,81.0,340.0,34.0
773,2018.0,44.0,22352.0,2.18325,389.0,99.0,1.0,40.0,59.0,12.0,23.0,68.0,6.0,22.0,4.0,10.0,65.0,309.0,30.9
774,2018.0,45.0,23399.0,2.73943,543.0,98.0,1.0,44.0,61.0,11.0,19.0,69.0,7.0,18.0,4.0,12.0,49.0,294.0,29.4
775,2018.0,46.0,24381.0,3.1582,668.0,102.0,1.0,57.0,65.0,12.0,19.0,72.0,7.0,17.0,4.0,10.0,41.0,304.0,30.4
776,2018.0,47.0,24598.0,3.92715,893.0,73.0,1.0,49.0,69.0,11.0,16.0,70.0,5.0,14.0,5.0,9.0,28.0,276.0,27.6
777,2018.0,48.0,28146.0,3.91885,998.0,105.0,1.0,55.0,70.0,13.0,18.0,74.0,8.0,17.0,5.0,11.0,29.0,300.0,30.0
778,2018.0,49.0,28923.0,6.257999999999999,1660.0,150.0,1.0,53.0,73.0,12.0,16.0,74.0,7.0,15.0,5.0,12.0,23.0,290.0,29.0
779,2018.0,50.0,32990.0,10.4001,3240.0,191.0,1.0,54.0,76.0,13.0,17.0,74.0,10.0,16.0,7.0,13.0,20.0,300.0,30.0
780,2018.0,51.0,38242.0,14.3063,5286.0,185.0,1.0,52.0,82.0,16.0,20.0,78.0,11.0,18.0,12.0,16.0,18.0,323.0,32.3
781,2018.0,52.0,43184.0,16.387999999999998,6842.0,235.0,1.0,63.0,94.0,21.0,25.0,91.0,16.0,23.0,15.0,19.0,16.0,383.0,38.3
782,2019.0,1.0,44183.0,12.1653,5234.0,141.0,1.0,66.0,91.0,22.0,27.0,93.0,14.0,25.0,14.0,20.0,20.0,392.0,39.2
783,2019.0,2.0,41406.0,12.7469,5065.0,213.0,1.0,58.0,79.0,21.0,26.0,92.0,16.0,24.0,14.0,19.0,23.0,372.0,37.2
784,2019.0,3.0,41806.0,16.3422,6652.0,180.0,1.0,56.0,74.0,19.0,23.0,81.0,23.0,22.0,16.0,21.0,16.0,351.0,35.1
785,2019.0,4.0,43939.0,19.4224,8293.0,241.0,1.0,65.0,75.0,22.0,23.0,84.0,25.0,23.0,19.0,14.0,14.0,364.0,36.4
786,2019.0,5.0,48292.0,22.5275,10602.0,277.0,1.0,86.0,75.0,24.0,26.0,86.0,27.0,26.0,24.0,22.0,14.0,410.0,41.0
787,2019.0,6.0,53615.0,25.1124,13057.0,407.0,1.0,56.0,77.0,30.0,32.0,81.0,29.0,31.0,30.0,27.0,14.0,407.0,40.7
788,2019.0,7.0,52829.0,26.0198,13246.0,500.0,1.0,55.0,75.0,29.0,30.0,76.0,31.0,29.0,31.0,23.0,13.0,392.0,39.2
789,2019.0,8.0,53646.0,26.2443,13618.0,461.0,1.0,55.0,77.0,28.0,30.0,100.0,40.0,29.0,31.0,24.0,12.0,426.0,42.6
790,2019.0,9.0,52837.0,26.101,13362.0,429.0,1.0,49.0,73.0,25.0,26.0,79.0,40.0,26.0,27.0,17.0,10.0,372.0,37.2
791,2019.0,10.0,52933.0,25.6437,13148.0,426.0,1.0,53.0,74.0,22.0,25.0,75.0,45.0,25.0,25.0,18.0,10.0,372.0,37.2
792,2019.0,11.0,53092.0,26.1659,13336.0,556.0,1.0,44.0,72.0,21.0,24.0,77.0,42.0,24.0,26.0,16.0,9.0,355.0,35.5
793,2019.0,12.0,48494.0,22.5059,10309.0,605.0,1.0,43.0,74.0,18.0,20.0,78.0,39.0,21.0,21.0,17.0,7.0,338.0,33.8
794,2019.0,13.0,42603.0,19.3461,7655.0,587.0,1.0,39.0,71.0,14.0,17.0,75.0,28.0,17.0,16.0,11.0,6.0,294.0,29.4
